[{"model": "composition.composition", "pk": 453, "fields": {}}, {"model": "composition.composition", "pk": 398, "fields": {}}, {"model": "composition.composition", "pk": 173, "fields": {}}, {"model": "composition.composition", "pk": 776, "fields": {}}, {"model": "composition.composition", "pk": 483, "fields": {}}, {"model": "composition.composition", "pk": 710, "fields": {}}, {"model": "composition.composition", "pk": 704, "fields": {}}, {"model": "composition.composition", "pk": 893, "fields": {}}, {"model": "composition.composition", "pk": 9, "fields": {}}, {"model": "composition.composition", "pk": 68, "fields": {}}, {"model": "composition.compositionchild", "pk": 453, "fields": {"lang": null, "confidence": "1", "object_ref": 453, "value": 498, "sources": ["52061a95-7ac8-4bd2-9533-ebef5dd57928"], "accesspoints": []}}, {"model": "composition.compositionclassification", "pk": 453, "fields": {"lang": "en", "confidence": "1", "object_ref": 453, "value": "Command", "sources": ["57821a9e-0faa-4f9f-a947-c8a722819b30"], "accesspoints": []}}, {"model": "composition.compositionopenended", "pk": 455, "fields": {"lang": "en", "confidence": "1", "object_ref": 453, "value": "Y", "sources": [], "accesspoints": []}}, {"model": "composition.compositionparent", "pk": 453, "fields": {"lang": null, "confidence": "1", "object_ref": 453, "value": 438, "sources": ["52061a95-7ac8-4bd2-9533-ebef5dd57928"], "accesspoints": []}}, {"model": "composition.compositionrealstart", "pk": 453, "fields": {"lang": null, "confidence": "1", "object_ref": 453, "value": false, "sources": [], "accesspoints": []}}, {"model": "composition.compositionstartdate", "pk": 455, "fields": {"lang": "en", "confidence": "1", "object_ref": 453, "value": "2014-11-24", "sources": ["52061a95-7ac8-4bd2-9533-ebef5dd57928"], "accesspoints": []}}, {"model": "composition.compositionchild", "pk": 398, "fields": {"lang": null, "confidence": "1", "object_ref": 398, "value": 446, "sources": ["2f6e11c5-cd66-4368-88a9-ee9eabaa7dde", "9c14dd63-f58c-4d09-8f30-84a56e1fdcf3"], "accesspoints": []}}, {"model": "composition.compositionclassification", "pk": 398, "fields": {"lang": "en", "confidence": "1", "object_ref": 398, "value": "Command", "sources": ["2f6e11c5-cd66-4368-88a9-ee9eabaa7dde", "9c14dd63-f58c-4d09-8f30-84a56e1fdcf3"], "accesspoints": []}}, {"model": "composition.compositionopenended", "pk": 400, "fields": {"lang": "en", "confidence": "1", "object_ref": 398, "value": "Y", "sources": [], "accesspoints": []}}, {"model": "composition.compositionparent", "pk": 398, "fields": {"lang": null, "confidence": "1", "object_ref": 398, "value": 302, "sources": ["2f6e11c5-cd66-4368-88a9-ee9eabaa7dde", "9c14dd63-f58c-4d09-8f30-84a56e1fdcf3"], "accesspoints": []}}, {"model": "composition.compositionrealstart", "pk": 398, "fields": {"lang": null, "confidence": "1", "object_ref": 398, "value": false, "sources": [], "accesspoints": []}}, {"model": "composition.compositionstartdate", "pk": 400, "fields": {"lang": "en", "confidence": "1", "object_ref": 398, "value": "1994-07-06", "sources": ["2f6e11c5-cd66-4368-88a9-ee9eabaa7dde"], "accesspoints": []}}, {"model": "composition.compositionchild", "pk": 173, "fields": {"lang": null, "confidence": "1", "object_ref": 173, "value": 181, "sources": ["3e5b0a5e-9150-4110-838f-f24ab7c5608c", "fc6c240c-79ca-4101-ab3d-5aa475049390", "d587322c-9276-4818-bf46-5d6838b7c61c", "922618ef-58f6-4a17-b2ff-e924ac142430", "11e57239-1f7d-4cc0-9c18-210c07a996bf", "5c5f25a2-6751-40ef-a68f-4c90f4b5d8b7", "bb14def4-5cb6-4a87-be94-35615806c13e", "4a8c4bbb-b297-4a4a-9a63-b1403f93a0c3", "392a0df6-5fec-4c5f-8d86-15745d6f98ff", "fb15e1f9-8fa5-4a0a-9bbd-af6db9f8fa55", "e94b444c-331b-4c3f-a806-34299fcc4b89", "04f8dae3-e87e-4c36-809b-5ee590fafb0b"], "accesspoints": []}}, {"model": "composition.compositionclassification", "pk": 173, "fields": {"lang": "en", "confidence": "1", "object_ref": 173, "value": "Command", "sources": ["3e5b0a5e-9150-4110-838f-f24ab7c5608c"], "accesspoints": []}}, {"model": "composition.compositionenddate", "pk": 91, "fields": {"lang": "en", "confidence": "1", "object_ref": 173, "value": "2015-12-13", "sources": ["4a8c4bbb-b297-4a4a-9a63-b1403f93a0c3"], "accesspoints": []}}, {"model": "composition.compositionopenended", "pk": 175, "fields": {"lang": "en", "confidence": "1", "object_ref": 173, "value": "Y", "sources": [], "accesspoints": []}}, {"model": "composition.compositionparent", "pk": 173, "fields": {"lang": null, "confidence": "1", "object_ref": 173, "value": 80, "sources": ["3e5b0a5e-9150-4110-838f-f24ab7c5608c", "fc6c240c-79ca-4101-ab3d-5aa475049390", "d587322c-9276-4818-bf46-5d6838b7c61c", "922618ef-58f6-4a17-b2ff-e924ac142430", "11e57239-1f7d-4cc0-9c18-210c07a996bf", "5c5f25a2-6751-40ef-a68f-4c90f4b5d8b7", "bb14def4-5cb6-4a87-be94-35615806c13e", "4a8c4bbb-b297-4a4a-9a63-b1403f93a0c3", "392a0df6-5fec-4c5f-8d86-15745d6f98ff", "fb15e1f9-8fa5-4a0a-9bbd-af6db9f8fa55", "e94b444c-331b-4c3f-a806-34299fcc4b89", "04f8dae3-e87e-4c36-809b-5ee590fafb0b"], "accesspoints": []}}, {"model": "composition.compositionrealstart", "pk": 173, "fields": {"lang": null, "confidence": "1", "object_ref": 173, "value": false, "sources": [], "accesspoints": []}}, {"model": "composition.compositionstartdate", "pk": 175, "fields": {"lang": "en", "confidence": "1", "object_ref": 173, "value": "2014-03-14", "sources": ["3e5b0a5e-9150-4110-838f-f24ab7c5608c"], "accesspoints": []}}, {"model": "composition.compositionchild", "pk": 776, "fields": {"lang": null, "confidence": "1", "object_ref": 776, "value": 784, "sources": ["87c800df-ca71-47e0-a731-56de33f3e3ef", "2f31c163-f11f-45ba-8d3a-7d644ef631bc", "d951e74c-9296-4749-a833-ee1058939a8f"], "accesspoints": []}}, {"model": "composition.compositionclassification", "pk": 776, "fields": {"lang": "en", "confidence": "1", "object_ref": 776, "value": "Command", "sources": ["2f31c163-f11f-45ba-8d3a-7d644ef631bc", "87c800df-ca71-47e0-a731-56de33f3e3ef"], "accesspoints": []}}, {"model": "composition.compositionenddate", "pk": 391, "fields": {"lang": "en", "confidence": "1", "object_ref": 776, "value": "2010-00-00", "sources": ["2f31c163-f11f-45ba-8d3a-7d644ef631bc"], "accesspoints": []}}, {"model": "composition.compositionopenended", "pk": 776, "fields": {"lang": "en", "confidence": "1", "object_ref": 776, "value": "Y", "sources": [], "accesspoints": []}}, {"model": "composition.compositionparent", "pk": 776, "fields": {"lang": null, "confidence": "1", "object_ref": 776, "value": 746, "sources": ["87c800df-ca71-47e0-a731-56de33f3e3ef", "2f31c163-f11f-45ba-8d3a-7d644ef631bc", "d951e74c-9296-4749-a833-ee1058939a8f"], "accesspoints": []}}, {"model": "composition.compositionrealstart", "pk": 774, "fields": {"lang": null, "confidence": "1", "object_ref": 776, "value": false, "sources": [], "accesspoints": []}}, {"model": "composition.compositionstartdate", "pk": 776, "fields": {"lang": "en", "confidence": "1", "object_ref": 776, "value": "2007-00-00", "sources": ["9fd5a650-fed6-4d55-9b87-757da9166d58"], "accesspoints": []}}, {"model": "composition.compositionchild", "pk": 483, "fields": {"lang": null, "confidence": "1", "object_ref": 483, "value": 526, "sources": ["57821a9e-0faa-4f9f-a947-c8a722819b30"], "accesspoints": []}}, {"model": "composition.compositionclassification", "pk": 483, "fields": {"lang": "en", "confidence": "1", "object_ref": 483, "value": "Command", "sources": ["57821a9e-0faa-4f9f-a947-c8a722819b30"], "accesspoints": []}}, {"model": "composition.compositionenddate", "pk": 227, "fields": {"lang": "en", "confidence": "1", "object_ref": 483, "value": "2016-01-12", "sources": ["3f05d879-1ff4-4f98-b221-e4830677c5c4"], "accesspoints": []}}, {"model": "composition.compositionopenended", "pk": 485, "fields": {"lang": "en", "confidence": "1", "object_ref": 483, "value": "Y", "sources": [], "accesspoints": []}}, {"model": "composition.compositionparent", "pk": 483, "fields": {"lang": null, "confidence": "1", "object_ref": 483, "value": 211, "sources": ["57821a9e-0faa-4f9f-a947-c8a722819b30"], "accesspoints": []}}, {"model": "composition.compositionrealstart", "pk": 483, "fields": {"lang": null, "confidence": "1", "object_ref": 483, "value": false, "sources": [], "accesspoints": []}}, {"model": "composition.compositionstartdate", "pk": 485, "fields": {"lang": "en", "confidence": "1", "object_ref": 483, "value": "2011-12-19", "sources": ["40874072-8c22-4355-8923-20a59467aec9"], "accesspoints": []}}, {"model": "composition.compositionchild", "pk": 710, "fields": {"lang": null, "confidence": "1", "object_ref": 710, "value": 722, "sources": ["57821a9e-0faa-4f9f-a947-c8a722819b30"], "accesspoints": []}}, {"model": "composition.compositionclassification", "pk": 710, "fields": {"lang": "en", "confidence": "1", "object_ref": 710, "value": "Command", "sources": ["57821a9e-0faa-4f9f-a947-c8a722819b30"], "accesspoints": []}}, {"model": "composition.compositionopenended", "pk": 711, "fields": {"lang": "en", "confidence": "1", "object_ref": 710, "value": "Y", "sources": [], "accesspoints": []}}, {"model": "composition.compositionparent", "pk": 710, "fields": {"lang": null, "confidence": "1", "object_ref": 710, "value": 211, "sources": ["57821a9e-0faa-4f9f-a947-c8a722819b30"], "accesspoints": []}}, {"model": "composition.compositionrealstart", "pk": 709, "fields": {"lang": null, "confidence": "1", "object_ref": 710, "value": false, "sources": [], "accesspoints": []}}, {"model": "composition.compositionstartdate", "pk": 711, "fields": {"lang": "en", "confidence": "1", "object_ref": 710, "value": "2000-04-20", "sources": ["a592dc1b-d13a-48cd-849d-d7936fa539f8"], "accesspoints": []}}, {"model": "composition.compositionchild", "pk": 704, "fields": {"lang": null, "confidence": "1", "object_ref": 704, "value": 24, "sources": ["9de3ddb9-852d-4772-8266-23516a8b6b83", "f81e9826-2c6b-4aae-99bb-1ba36ba53849", "c3fc9824-04ba-45d8-81f8-59d13ecbb300", "97699273-845e-4b41-9c38-1606c1881c41", "86cfd1ad-5cbd-4a4a-b8ec-4ac886f96afa", "2860246d-442c-4e60-863f-a351f51513e2", "397bf681-bfc2-44f8-88a8-987201275c5d", "493ac34f-6d9a-40ff-9843-5d7de6d3525c", "9c14dd63-f58c-4d09-8f30-84a56e1fdcf3", "e0cd263a-3b45-43fb-8435-cf83e22d664f", "021721a8-f08f-4618-948e-b5f2d0ecab58", "8d696b4e-a982-46b6-9e23-c39fde2f6cc5", "e90e084d-0164-4a47-98c7-324ed52f7e21", "29e1e555-19e2-4e66-ac04-74e58aebd9d6", "e6561b66-056e-4d36-8b0f-3d3c905fa51a", "3c3d40f1-f602-44ff-b27f-43a0678361f2", "eafe079c-8edd-452e-981c-55c98e88e152", "984992f3-eb2f-4827-89d4-a0350739229f"], "accesspoints": []}}, {"model": "composition.compositionclassification", "pk": 704, "fields": {"lang": "en", "confidence": "1", "object_ref": 704, "value": "Command", "sources": ["021721a8-f08f-4618-948e-b5f2d0ecab58"], "accesspoints": []}}, {"model": "composition.compositionenddate", "pk": 340, "fields": {"lang": "en", "confidence": "1", "object_ref": 704, "value": "2018-04-22", "sources": ["a2c6f7fd-c96b-4577-8694-0a0b402e2751"], "accesspoints": []}}, {"model": "composition.compositionopenended", "pk": 705, "fields": {"lang": "en", "confidence": "1", "object_ref": 704, "value": "Y", "sources": [], "accesspoints": []}}, {"model": "composition.compositionparent", "pk": 704, "fields": {"lang": null, "confidence": "1", "object_ref": 704, "value": 13, "sources": ["9de3ddb9-852d-4772-8266-23516a8b6b83", "f81e9826-2c6b-4aae-99bb-1ba36ba53849", "c3fc9824-04ba-45d8-81f8-59d13ecbb300", "97699273-845e-4b41-9c38-1606c1881c41", "86cfd1ad-5cbd-4a4a-b8ec-4ac886f96afa", "2860246d-442c-4e60-863f-a351f51513e2", "397bf681-bfc2-44f8-88a8-987201275c5d", "493ac34f-6d9a-40ff-9843-5d7de6d3525c", "9c14dd63-f58c-4d09-8f30-84a56e1fdcf3", "e0cd263a-3b45-43fb-8435-cf83e22d664f", "021721a8-f08f-4618-948e-b5f2d0ecab58", "8d696b4e-a982-46b6-9e23-c39fde2f6cc5", "e90e084d-0164-4a47-98c7-324ed52f7e21", "29e1e555-19e2-4e66-ac04-74e58aebd9d6", "e6561b66-056e-4d36-8b0f-3d3c905fa51a", "3c3d40f1-f602-44ff-b27f-43a0678361f2", "eafe079c-8edd-452e-981c-55c98e88e152", "984992f3-eb2f-4827-89d4-a0350739229f"], "accesspoints": []}}, {"model": "composition.compositionrealstart", "pk": 703, "fields": {"lang": null, "confidence": "1", "object_ref": 704, "value": true, "sources": [], "accesspoints": []}}, {"model": "composition.compositionstartdate", "pk": 705, "fields": {"lang": "en", "confidence": "1", "object_ref": 704, "value": "2015-07-19", "sources": ["021721a8-f08f-4618-948e-b5f2d0ecab58"], "accesspoints": []}}, {"model": "composition.compositionchild", "pk": 893, "fields": {"lang": null, "confidence": "1", "object_ref": 893, "value": 873, "sources": ["a28aa4b0-0c1e-49b5-8a1e-fffee9a26bcb", "07e16094-b14c-42d3-999e-699bc1ebfe9f", "3ab55795-0289-4258-ad26-992612cfdd38", "e973f388-5913-4d54-9338-0eb06b690a3d", "d99ad96f-0707-41cc-9acd-c72e0466839e", "05ec06af-6ccd-422b-999c-64a979e0c90a", "8a157a56-2c39-4d6f-9b64-0268b69a8442"], "accesspoints": []}}, {"model": "composition.compositionclassification", "pk": 914, "fields": {"lang": "en", "confidence": "1", "object_ref": 893, "value": "Command", "sources": ["3ab55795-0289-4258-ad26-992612cfdd38"], "accesspoints": []}}, {"model": "composition.compositionopenended", "pk": 914, "fields": {"lang": "en", "confidence": "1", "object_ref": 893, "value": "Y", "sources": [], "accesspoints": []}}, {"model": "composition.compositionparent", "pk": 893, "fields": {"lang": null, "confidence": "1", "object_ref": 893, "value": 406, "sources": ["a28aa4b0-0c1e-49b5-8a1e-fffee9a26bcb", "07e16094-b14c-42d3-999e-699bc1ebfe9f", "3ab55795-0289-4258-ad26-992612cfdd38", "e973f388-5913-4d54-9338-0eb06b690a3d", "d99ad96f-0707-41cc-9acd-c72e0466839e", "05ec06af-6ccd-422b-999c-64a979e0c90a", "8a157a56-2c39-4d6f-9b64-0268b69a8442"], "accesspoints": []}}, {"model": "composition.compositionrealstart", "pk": 912, "fields": {"lang": null, "confidence": "1", "object_ref": 893, "value": true, "sources": [], "accesspoints": []}}, {"model": "composition.compositionstartdate", "pk": 914, "fields": {"lang": "en", "confidence": "1", "object_ref": 893, "value": "2017-12-22", "sources": ["3ab55795-0289-4258-ad26-992612cfdd38"], "accesspoints": []}}, {"model": "composition.compositionchild", "pk": 9, "fields": {"lang": null, "confidence": "1", "object_ref": 9, "value": 18, "sources": ["267c3d00-7421-46c7-9cea-0115b284ae20", "52afc80a-d501-4651-b6db-a189d02ec619", "f012888c-a94a-4aed-9575-a79cd2380961"], "accesspoints": []}}, {"model": "composition.compositionclassification", "pk": 9, "fields": {"lang": "en", "confidence": "1", "object_ref": 9, "value": "Command", "sources": ["267c3d00-7421-46c7-9cea-0115b284ae20"], "accesspoints": []}}, {"model": "composition.compositionenddate", "pk": 8, "fields": {"lang": "en", "confidence": "1", "object_ref": 9, "value": "2015-07-00", "sources": ["267c3d00-7421-46c7-9cea-0115b284ae20"], "accesspoints": []}}, {"model": "composition.compositionopenended", "pk": 9, "fields": {"lang": "en", "confidence": "1", "object_ref": 9, "value": "N", "sources": [], "accesspoints": []}}, {"model": "composition.compositionparent", "pk": 9, "fields": {"lang": null, "confidence": "1", "object_ref": 9, "value": 19, "sources": ["267c3d00-7421-46c7-9cea-0115b284ae20", "52afc80a-d501-4651-b6db-a189d02ec619", "f012888c-a94a-4aed-9575-a79cd2380961"], "accesspoints": []}}, {"model": "composition.compositionrealstart", "pk": 9, "fields": {"lang": null, "confidence": "1", "object_ref": 9, "value": false, "sources": [], "accesspoints": []}}, {"model": "composition.compositionstartdate", "pk": 9, "fields": {"lang": "en", "confidence": "1", "object_ref": 9, "value": "2014-12-25", "sources": ["52afc80a-d501-4651-b6db-a189d02ec619"], "accesspoints": []}}, {"model": "composition.compositionchild", "pk": 68, "fields": {"lang": null, "confidence": "1", "object_ref": 68, "value": 99, "sources": ["6af9854c-8e2b-40c3-8edd-5dce92d93507", "6414b949-f9c2-47a5-b3d3-166e59ea47b1", "621bafb2-a659-4f18-886d-b9e84eab53ba", "d72c7418-d96b-4930-bd3c-ea65d16335da", "3fbecd48-67c8-4af8-8a0d-29100d662620", "a740f673-db5b-45cf-a5c3-0a56972a818c", "bf40c0f1-0190-4eda-9a43-5b0292337b4e", "a79cc094-db5f-430d-8507-31f73281093a", "a198d1ab-97f3-49f6-80ab-d0da332888ed", "87717437-e9c7-4fa9-ae17-a4146b67f594", "07b1bdd4-a6f3-4442-a10d-f5648ba437ac"], "accesspoints": []}}, {"model": "composition.compositionclassification", "pk": 68, "fields": {"lang": "en", "confidence": "1", "object_ref": 68, "value": "Command", "sources": ["3fbecd48-67c8-4af8-8a0d-29100d662620", "bf40c0f1-0190-4eda-9a43-5b0292337b4e", "621bafb2-a659-4f18-886d-b9e84eab53ba"], "accesspoints": []}}, {"model": "composition.compositionenddate", "pk": 36, "fields": {"lang": "en", "confidence": "1", "object_ref": 68, "value": "2018-04-20", "sources": ["3fbecd48-67c8-4af8-8a0d-29100d662620"], "accesspoints": []}}, {"model": "composition.compositionopenended", "pk": 68, "fields": {"lang": "en", "confidence": "1", "object_ref": 68, "value": "Y", "sources": [], "accesspoints": []}}, {"model": "composition.compositionparent", "pk": 68, "fields": {"lang": null, "confidence": "1", "object_ref": 68, "value": 98, "sources": ["6af9854c-8e2b-40c3-8edd-5dce92d93507", "6414b949-f9c2-47a5-b3d3-166e59ea47b1", "621bafb2-a659-4f18-886d-b9e84eab53ba", "d72c7418-d96b-4930-bd3c-ea65d16335da", "3fbecd48-67c8-4af8-8a0d-29100d662620", "a740f673-db5b-45cf-a5c3-0a56972a818c", "bf40c0f1-0190-4eda-9a43-5b0292337b4e", "a79cc094-db5f-430d-8507-31f73281093a", "a198d1ab-97f3-49f6-80ab-d0da332888ed", "87717437-e9c7-4fa9-ae17-a4146b67f594", "07b1bdd4-a6f3-4442-a10d-f5648ba437ac"], "accesspoints": []}}, {"model": "composition.compositionrealstart", "pk": 68, "fields": {"lang": null, "confidence": "1", "object_ref": 68, "value": false, "sources": [], "accesspoints": []}}, {"model": "composition.compositionstartdate", "pk": 68, "fields": {"lang": "en", "confidence": "1", "object_ref": 68, "value": "2004-04-20", "sources": ["621bafb2-a659-4f18-886d-b9e84eab53ba"], "accesspoints": []}}, {"model": "organization.organization", "pk": 498, "fields": {"uuid": "61b30b19-31e1-4a8e-b2f6-a61789230ead"}}, {"model": "source.source", "pk": "52061a95-7ac8-4bd2-9533-ebef5dd57928", "fields": {"title": "When Police Sensitised Potiskum People On Electoral Violence", "publication": "Daily Independent", "publication_country": "Nigeria", "published_on": "2014-11-25", "source_url": "http://dailyindependentnig.com/2014/11/police-sensitised-potiskum-people-electoral-violence/", "date_updated": "2018-10-19T18:57:10.480Z", "date_added": "2018-10-19T18:57:10.480Z", "user": 1}}, {"model": "source.source", "pk": "57821a9e-0faa-4f9f-a947-c8a722819b30", "fields": {"title": "Nigeria Police Regulations 1968 Part II S.14(2)(a)", "publication": "Supreme Military Council of Nigeria", "publication_country": "Nigeria", "published_on": "1968-00-00", "source_url": "http://lawsofnigeria.placng.org/laws/P19.pdf", "date_updated": "2018-10-19T18:57:19.223Z", "date_added": "2018-10-19T18:57:19.223Z", "user": 1}}, {"model": "organization.organization", "pk": 438, "fields": {"uuid": "1ed68d27-3402-40b1-b38f-e1334e63e231"}}, {"model": "organization.organization", "pk": 446, "fields": {"uuid": "ca7861cf-cfc4-4721-9e6f-11e1779c6b33"}}, {"model": "source.source", "pk": "2f6e11c5-cd66-4368-88a9-ee9eabaa7dde", "fields": {"title": "Armed Forces Act Part III S.8(1)", "publication": "Armed Forces Ruling Council", "publication_country": "Nigeria", "published_on": "1994-07-06", "source_url": "http://lawsofnigeria.placng.org/view2.php?sn=35", "date_updated": "2018-10-19T18:56:43.110Z", "date_added": "2018-10-19T18:56:43.110Z", "user": 1}}, {"model": "source.source", "pk": "9c14dd63-f58c-4d09-8f30-84a56e1fdcf3", "fields": {"title": "About MOD.", "publication": "Nigerian Ministry of Defence", "publication_country": "Nigeria", "published_on": "", "source_url": "http://www.defence.gov.ng/index.php/the-ministry/about-mod", "date_updated": "2018-10-19T18:56:35.679Z", "date_added": "2018-10-19T18:56:35.679Z", "user": 1}}, {"model": "organization.organization", "pk": 302, "fields": {"uuid": "18e5660b-a22f-4c6d-90f9-ee6f0120e92f"}}, {"model": "organization.organization", "pk": 181, "fields": {"uuid": "c8805171-3435-4bb5-9f6d-e1499678fa44"}}, {"model": "source.source", "pk": "3e5b0a5e-9150-4110-838f-f24ab7c5608c", "fields": {"title": "Army Urges Rivers Residents Not to Panic Over Sound of Gun Shots", "publication": "Leadership", "publication_country": "Nigeria", "published_on": "2014-03-14", "source_url": "http://allafrica.com/stories/201403170253.html", "date_updated": "2018-10-19T18:56:44.797Z", "date_added": "2018-10-19T18:56:44.797Z", "user": 1}}, {"model": "source.source", "pk": "fc6c240c-79ca-4101-ab3d-5aa475049390", "fields": {"title": "Troops avert attacks on oil pipelines in Bayelsa \u2013 Army", "publication": "Vanguard", "publication_country": "Nigeria", "published_on": "2016-05-29", "source_url": "https://www.vanguardngr.com/2016/05/troops-avert-attacks-oil-pipelines-bayelsa-army/", "date_updated": "2018-10-19T18:57:09.218Z", "date_added": "2018-10-19T18:57:09.218Z", "user": 1}}, {"model": "source.source", "pk": "d587322c-9276-4818-bf46-5d6838b7c61c", "fields": {"title": "Day Soldiers Dumped Guns for Brooms", "publication": "Daily Trust", "publication_country": "Nigeria", "published_on": "2011-07-18", "source_url": "http://allafrica.com/stories/201107250940.html", "date_updated": "2018-10-19T18:56:49.263Z", "date_added": "2018-10-19T18:56:49.263Z", "user": 1}}, {"model": "source.source", "pk": "922618ef-58f6-4a17-b2ff-e924ac142430", "fields": {"title": "JTF laments shortage of accommodation for personnel in Rivers", "publication": "Premium Times", "publication_country": "Nigeria", "published_on": "2013-01-31", "source_url": "http://www.premiumtimesng.com/news/118073-jtf-laments-shortage-of-accommodation-for-personnel-in-rivers.html", "date_updated": "2018-10-19T18:56:56.530Z", "date_added": "2018-10-19T18:56:56.530Z", "user": 1}}, {"model": "source.source", "pk": "11e57239-1f7d-4cc0-9c18-210c07a996bf", "fields": {"title": "Zamani Lekwot Cantonment Renamed", "publication": "This Day", "publication_country": "Nigeria", "published_on": "2003-08-24", "source_url": "http://allafrica.com/stories/200308250279.html", "date_updated": "2018-10-19T18:57:10.943Z", "date_added": "2018-10-19T18:57:10.943Z", "user": 1}}, {"model": "source.source", "pk": "5c5f25a2-6751-40ef-a68f-4c90f4b5d8b7", "fields": {"title": "Defence HQ Launch Skills Acquisition In Barracks", "publication": "P.M. News", "publication_country": "Nigeria", "published_on": "2011-03-08", "source_url": "https://www.pmnewsnigeria.com/2011/03/08/defence-hq-launch-skills-acquisition-in-barracks/", "date_updated": "2018-10-19T18:56:49.592Z", "date_added": "2018-10-19T18:56:49.592Z", "user": 1}}, {"model": "source.source", "pk": "bb14def4-5cb6-4a87-be94-35615806c13e", "fields": {"title": "Army Soon to Launch Offensive in North-East'", "publication": "Daily Trust", "publication_country": "Nigeria", "published_on": "2014-08-25", "source_url": "http://www.dailytrust.com.ng/daily/index.php/news-menu/news/32583-army-soon-to-launch-offensive-in-north-east", "date_updated": "2018-10-19T18:56:44.711Z", "date_added": "2018-10-19T18:56:44.711Z", "user": 1}}, {"model": "source.source", "pk": "4a8c4bbb-b297-4a4a-9a63-b1403f93a0c3", "fields": {"title": "The battle for the soul of Bayelsa shifts to Abuja", "publication": "Vanguard", "publication_country": "Nigeria", "published_on": "2015-12-13", "source_url": "https://www.vanguardngr.com/2015/12/the-battle-for-the-soul-of-bayelsa-shifts-to-abuja/", "date_updated": "2018-10-19T18:57:19.231Z", "date_added": "2018-10-19T18:57:19.231Z", "user": 1}}, {"model": "source.source", "pk": "392a0df6-5fec-4c5f-8d86-15745d6f98ff", "fields": {"title": "JTF Adopts New Strategy In Destroying Illegal Oil Refineries In Niger Delta", "publication": "Leadership", "publication_country": "Nigeria", "published_on": "2014-01-12", "source_url": "http://leadership.ng/news/311627/jtf-adopts-new-strategy-in-destroying-illegal-oil-refineries-in-niger-delta", "date_updated": "2018-10-19T18:56:56.256Z", "date_added": "2018-10-19T18:56:56.256Z", "user": 1}}, {"model": "source.source", "pk": "fb15e1f9-8fa5-4a0a-9bbd-af6db9f8fa55", "fields": {"title": "Rivers Donates Patrol Vans to Army, Airforce", "publication": "Leadership", "publication_country": "Nigeria", "published_on": "2010-08-22", "source_url": "http://allafrica.com/stories/201008230420.html", "date_updated": "2018-10-19T18:57:05.883Z", "date_added": "2018-10-19T18:57:05.883Z", "user": 1}}, {"model": "source.source", "pk": "e94b444c-331b-4c3f-a806-34299fcc4b89", "fields": {"title": "23 cultists, 15 vandals in trouble", "publication": "Vanguard", "publication_country": "Nigeria", "published_on": "2018-04-21", "source_url": "https://www.vanguardngr.com/2018/04/23-cultists-15-vandals-trouble/", "date_updated": "2018-10-19T18:57:18.310Z", "date_added": "2018-10-19T18:57:18.310Z", "user": 1}}, {"model": "source.source", "pk": "04f8dae3-e87e-4c36-809b-5ee590fafb0b", "fields": {"title": "Soldiers Shut Fake 'NNPC' in Creeks", "publication": "Daily Trust", "publication_country": "Nigeria", "published_on": "2011-12-05", "source_url": "http://allafrica.com/stories/201112051016.html", "date_updated": "2018-10-19T18:57:07.416Z", "date_added": "2018-10-19T18:57:07.416Z", "user": 1}}, {"model": "organization.organization", "pk": 80, "fields": {"uuid": "f8297bcc-c77f-4ab0-9b7c-2ad02f6ce73d"}}, {"model": "organization.organization", "pk": 784, "fields": {"uuid": "6603e2be-d95f-4c14-a9c3-935025678b62"}}, {"model": "source.source", "pk": "87c800df-ca71-47e0-a731-56de33f3e3ef", "fields": {"title": "Policing Nigeria in the 21st Century. \"Police Mobile Force: How Far, How Well?\"", "publication": "Spectrum Books Limited", "publication_country": "Nigeria", "published_on": "2007-00-00", "source_url": "http://www.worldcat.org/title/policing-nigeria-in-the-21st-century/oclc/227814661", "date_updated": "2018-10-19T18:57:18.034Z", "date_added": "2018-10-19T18:57:18.034Z", "user": 1}}, {"model": "source.source", "pk": "2f31c163-f11f-45ba-8d3a-7d644ef631bc", "fields": {"title": "Criminal Force \u2013 Torture, Abuse, and Extrajudicial Killings by the Nigeria Police Force", "publication": "Network on Police Reform in Nigeria et al", "publication_country": "Nigeria", "published_on": "2010-00-00", "source_url": "https://www.opensocietyfoundations.org/sites/default/files/criminal-force-20100519.pdf", "date_updated": "2018-10-19T18:56:36.209Z", "date_added": "2018-10-19T18:56:36.209Z", "user": 1}}, {"model": "source.source", "pk": "d951e74c-9296-4749-a833-ee1058939a8f", "fields": {"title": "Criminal Force \u2013 Torture, Abuse, and Extrajudicial Killings by the Nigeria Police Force", "publication": "Network on Police Reform in Nigeria et al", "publication_country": "Nigeria", "published_on": "2010-00-00", "source_url": "https://www.opensocietyfoundations.org/sites/default/files/criminal-force-20100519.pdf", "date_updated": "2018-10-19T18:56:36.200Z", "date_added": "2018-10-19T18:56:36.200Z", "user": 1}}, {"model": "organization.organization", "pk": 746, "fields": {"uuid": "9abb73b3-246b-4edb-bd32-d7f3d2b4bc8f"}}, {"model": "source.source", "pk": "9fd5a650-fed6-4d55-9b87-757da9166d58", "fields": {"title": "Policing Nigeria in the 21st Century. \"Police Mobile Force: How Far, How Well?\"", "publication": "Spectrum Books Limited", "publication_country": "Nigeria", "published_on": "2007-00-00", "source_url": "http://www.worldcat.org/title/policing-nigeria-in-the-21st-century/oclc/227814661", "date_updated": "2018-10-19T18:57:18.049Z", "date_added": "2018-10-19T18:57:18.049Z", "user": 1}}, {"model": "organization.organization", "pk": 526, "fields": {"uuid": "3fa6e2f2-7b71-431e-ad2f-17f23ca099d5"}}, {"model": "source.source", "pk": "3f05d879-1ff4-4f98-b221-e4830677c5c4", "fields": {"title": "Over 14 Killed, 100 Injured, 520 Houses Razed as Armed Youths Invade Akwa Ibom Village", "publication": "Vanguard", "publication_country": "Nigeria", "published_on": "2016-01-19", "source_url": "http://www.vanguardngr.com/2016/01/over-14-killed-100-injured-520-houses-razed-as-armed-youth-invade-akwa-ibom-village/", "date_updated": "2018-10-19T18:57:01.823Z", "date_added": "2018-10-19T18:57:01.823Z", "user": 1}}, {"model": "organization.organization", "pk": 211, "fields": {"uuid": "10171f79-e627-445e-a02d-d979476bb84d"}}, {"model": "source.source", "pk": "40874072-8c22-4355-8923-20a59467aec9", "fields": {"title": "Village Head Abducted in Akwa-Ibom Over Oil Spill Funds", "publication": "Daily Trust", "publication_country": "Nigeria", "published_on": "2011-12-20", "source_url": "http://allafrica.com/stories/201112210409.html", "date_updated": "2018-10-19T18:57:10.056Z", "date_added": "2018-10-19T18:57:10.056Z", "user": 1}}, {"model": "organization.organization", "pk": 722, "fields": {"uuid": "99b7e08c-9d85-4ec0-b5ed-f73aeefaee72"}}, {"model": "source.source", "pk": "a592dc1b-d13a-48cd-849d-d7936fa539f8", "fields": {"title": "The Vindication of Vincent Azia", "publication": "This Day", "publication_country": "Nigeria", "published_on": "2013-05-02", "source_url": "http://allafrica.com/stories/201305020177.html", "date_updated": "2018-10-19T18:57:08.714Z", "date_added": "2018-10-19T18:57:08.714Z", "user": 1}}, {"model": "organization.organization", "pk": 24, "fields": {"uuid": "19a2b4ce-e2ee-4948-9c7a-5a335713235b"}}, {"model": "source.source", "pk": "9de3ddb9-852d-4772-8266-23516a8b6b83", "fields": {"title": "Army Chief Assures On Logistics", "publication": "Vanguard", "publication_country": "Nigeria", "published_on": "2003-09-04", "source_url": "http://allafrica.com/stories/200309040229.html", "date_updated": "2018-10-19T18:56:43.530Z", "date_added": "2018-10-19T18:56:43.530Z", "user": 1}}, {"model": "source.source", "pk": "f81e9826-2c6b-4aae-99bb-1ba36ba53849", "fields": {"title": "Counter-Insurgency in Nigeria: The Military and Operations against Boko Haram, 2011-2017", "publication": "Routledge", "publication_country": "United Kingdom", "published_on": "2018-00-00", "source_url": "http://www.worldcat.org/oclc/1017960638", "date_updated": "2018-10-19T18:57:16.386Z", "date_added": "2018-10-19T18:57:16.386Z", "user": 1}}, {"model": "source.source", "pk": "c3fc9824-04ba-45d8-81f8-59d13ecbb300", "fields": {"title": "Port Harcourt - Army Replaces Joint Task Force Commander", "publication": "This Day", "publication_country": "Nigeria", "published_on": "2007-08-27", "source_url": "http://allafrica.com/stories/200708270025.html", "date_updated": "2018-10-19T18:57:04.941Z", "date_added": "2018-10-19T18:57:04.941Z", "user": 1}}, {"model": "source.source", "pk": "97699273-845e-4b41-9c38-1606c1881c41", "fields": {"title": "Insurgency - Army Creates New Division in North East", "publication": "Daily Trust", "publication_country": "Nigeria", "published_on": "2013-08-19", "source_url": "http://dailytrust.info/index.php/news/3445-insurgency-army-creates-new-division-in-northeast", "date_updated": "2018-10-19T18:56:55.561Z", "date_added": "2018-10-19T18:56:55.561Z", "user": 1}}, {"model": "source.source", "pk": "86cfd1ad-5cbd-4a4a-b8ec-4ac886f96afa", "fields": {"title": "DIRECTORATE OF ARMY PUBLIC RELATIONS", "publication": "Nigerian Army", "publication_country": "Nigeria", "published_on": "", "source_url": "http://army.mil.ng/DAPR.html", "date_updated": "2018-10-19T18:56:36.531Z", "date_added": "2018-10-19T18:56:36.531Z", "user": 1}}, {"model": "source.source", "pk": "2860246d-442c-4e60-863f-a351f51513e2", "fields": {"title": "Stars on their shoulders. Blood on their hands. War crimes committed by the Nigerian military", "publication": "Amnesty International", "publication_country": "United Kingdom", "published_on": "2015-06-02", "source_url": "https://www.amnesty.org/en/documents/afr44/1657/2015/en/", "date_updated": "2018-10-19T18:57:17.047Z", "date_added": "2018-10-19T18:57:17.047Z", "user": 1}}, {"model": "source.source", "pk": "397bf681-bfc2-44f8-88a8-987201275c5d", "fields": {"title": "DIRECTORATE OF ARMY POLICY AND PLANS.", "publication": "Nigerian Army", "publication_country": "Nigeria", "published_on": "2014-03-24", "source_url": "http://army.mil.ng/DAPP.html", "date_updated": "2018-10-19T18:56:32.427Z", "date_added": "2018-10-19T18:56:32.427Z", "user": 1}}, {"model": "source.source", "pk": "493ac34f-6d9a-40ff-9843-5d7de6d3525c", "fields": {"title": "NIGERIAN ARMY CHRONICLE OF COMMAND", "publication": "Nigerian Army", "publication_country": "Nigeria", "published_on": "", "source_url": "http://army.mil.ng/Chronicle%20of%20Command.html", "date_updated": "2018-10-19T18:56:37.211Z", "date_added": "2018-10-19T18:56:37.211Z", "user": 1}}, {"model": "source.source", "pk": "e0cd263a-3b45-43fb-8435-cf83e22d664f", "fields": {"title": "DIRECTORATE OF ARMY STANDARDS AND EVALUATION", "publication": "Nigerian Army", "publication_country": "Nigeria", "published_on": "2014-03-24", "source_url": "http://army.mil.ng/DASE.html", "date_updated": "2018-10-19T18:56:32.441Z", "date_added": "2018-10-19T18:56:32.441Z", "user": 1}}, {"model": "source.source", "pk": "021721a8-f08f-4618-948e-b5f2d0ecab58", "fields": {"title": "Burutai Visits Troops in Konduga, Renames Counter Insurgency Outfit", "publication": "Leadership", "publication_country": "Nigeria", "published_on": "2015-07-20", "source_url": "http://leadership.ng/news/448095/buratai-visits-troops-in-konduga-renames-counter-insurgency-outfit", "date_updated": "2018-10-19T18:56:47.466Z", "date_added": "2018-10-19T18:56:47.466Z", "user": 1}}, {"model": "source.source", "pk": "8d696b4e-a982-46b6-9e23-c39fde2f6cc5", "fields": {"title": "Armed Forces Act Part III S.8(1)(b)", "publication": "Armed Forces Ruling Council", "publication_country": "Nigeria", "published_on": "1994-07-06", "source_url": "http://lawsofnigeria.placng.org/view2.php?sn=35", "date_updated": "2018-10-19T18:56:43.085Z", "date_added": "2018-10-19T18:56:43.085Z", "user": 1}}, {"model": "source.source", "pk": "e90e084d-0164-4a47-98c7-324ed52f7e21", "fields": {"title": "DIRECTORATE OF ARMY TRAINING AND OPERATIONS", "publication": "Nigerian Army", "publication_country": "Nigeria", "published_on": "2014-03-24", "source_url": "http://army.mil.ng/DATOP.html", "date_updated": "2018-10-19T18:56:32.448Z", "date_added": "2018-10-19T18:56:32.448Z", "user": 1}}, {"model": "source.source", "pk": "29e1e555-19e2-4e66-ac04-74e58aebd9d6", "fields": {"title": "About", "publication": "Nigerian Army", "publication_country": "Nigeria", "published_on": "", "source_url": "http://army.mil.ng/about.html", "date_updated": "2018-10-19T18:56:35.707Z", "date_added": "2018-10-19T18:56:35.707Z", "user": 1}}, {"model": "source.source", "pk": "e6561b66-056e-4d36-8b0f-3d3c905fa51a", "fields": {"title": "Nigerian troops destroy rockets manufactured by Boko Haram", "publication": "Premium Times", "publication_country": "Nigeria", "published_on": "2015-11-18", "source_url": "http://www.premiumtimesng.com/news/top-news/193424-nigerian-troops-destroy-rockets-manufactured-by-boko-haram.html", "date_updated": "2018-10-19T18:57:00.559Z", "date_added": "2018-10-19T18:57:00.559Z", "user": 1}}, {"model": "source.source", "pk": "3c3d40f1-f602-44ff-b27f-43a0678361f2", "fields": {"title": "Nigeria: A Country Study", "publication": "Federal Research Division, Library of Congress", "publication_country": "United States of America", "published_on": "1991-06-00", "source_url": "https://cdn.loc.gov/master/frd/frdcstdy/ni/nigeriacountryst00metz_0/nigeriacountryst00metz_0.pdf", "date_updated": "2018-10-19T18:56:57.468Z", "date_added": "2018-10-19T18:56:57.468Z", "user": 1}}, {"model": "source.source", "pk": "eafe079c-8edd-452e-981c-55c98e88e152", "fields": {"title": "NIGERIAN ARMY MILITARY SECRETARY", "publication": "Nigerian Army", "publication_country": "Nigeria", "published_on": "2014-03-24", "source_url": "http://army.mil.ng/MILITARY%20SECRETARY.html", "date_updated": "2018-10-19T18:56:37.246Z", "date_added": "2018-10-19T18:56:37.246Z", "user": 1}}, {"model": "source.source", "pk": "984992f3-eb2f-4827-89d4-a0350739229f", "fields": {"title": "DIRECTORATE OF ARMY LOGISTICS", "publication": "Nigerian Army", "publication_country": "Nigeria", "published_on": "2014-03-12", "source_url": "http://army.mil.ng/directorate%20of%20logistics.html", "date_updated": "2018-10-19T18:56:32.420Z", "date_added": "2018-10-19T18:56:32.420Z", "user": 1}}, {"model": "source.source", "pk": "a2c6f7fd-c96b-4577-8694-0a0b402e2751", "fields": {"title": "3 soldiers, 2 civilian JTF members killed by Boko Haram in shootout in Borno", "publication": "Vanguard", "publication_country": "Nigeria", "published_on": "2018-03-19", "source_url": "https://www.vanguardngr.com/2018/04/976883/", "date_updated": "2018-10-19T18:57:17.303Z", "date_added": "2018-10-19T18:57:17.303Z", "user": 1}}, {"model": "organization.organization", "pk": 13, "fields": {"uuid": "81a1d7c6-4653-4d2d-b4e9-b5d6a8e038c3"}}, {"model": "organization.organization", "pk": 873, "fields": {"uuid": "a6dd7970-e021-4cd8-b983-7a59024af49f"}}, {"model": "source.source", "pk": "a28aa4b0-0c1e-49b5-8a1e-fffee9a26bcb", "fields": {"title": "Killing of Gold Medalist, Friends By Police: Parents Cry Out for Justice", "publication": "Weekly Trust", "publication_country": "Nigeria", "published_on": "2003-12-06", "source_url": "http://allafrica.com/stories/200312080223.html", "date_updated": "2018-10-19T18:56:57.581Z", "date_added": "2018-10-19T18:56:57.581Z", "user": 1}}, {"model": "source.source", "pk": "07e16094-b14c-42d3-999e-699bc1ebfe9f", "fields": {"title": "Motions Without Movement: Report of Presidential Committees On Police Reforms In Nigeria.", "publication": "CLEEN Foundation", "publication_country": "Nigeria", "published_on": "2008-00-00", "source_url": "http://www.cleen.org/Report%20of%20Presidential%20Committee%20on%20Police%20Reform.pdf", "date_updated": "2018-10-19T18:56:36.992Z", "date_added": "2018-10-19T18:56:36.992Z", "user": 1}}, {"model": "source.source", "pk": "3ab55795-0289-4258-ad26-992612cfdd38", "fields": {"title": "\u201cAN ADDRESS BY THE INSPECTOR GENERAL OF POLICE, IGP IBRAHIM K", "publication": "Nigeria Police Force", "publication_country": "Nigeria", "published_on": "2017-12-22", "source_url": "https://www.facebook.com/ngpolice/posts/1820388998003151", "date_updated": "2018-10-19T18:56:36.334Z", "date_added": "2018-10-19T18:56:36.334Z", "user": 1}}, {"model": "source.source", "pk": "e973f388-5913-4d54-9338-0eb06b690a3d", "fields": {"title": "\u201cCriminal Force: Torture, Abuse, and Extrajudicial Killings by the Nigeria Police Force\u201d", "publication": "Network on Police Reform in Nigeria et al", "publication_country": "Nigeria", "published_on": "", "source_url": "http://www.opensocietyfoundations.org/sites/default/files/criminal-force-20100519.pdf", "date_updated": "2018-10-19T18:56:38.651Z", "date_added": "2018-10-19T18:56:38.651Z", "user": 1}}, {"model": "source.source", "pk": "d99ad96f-0707-41cc-9acd-c72e0466839e", "fields": {"title": "KOGI POLICE COMMAND", "publication": "Nigeria Police Force", "publication_country": "Nigeria", "published_on": "", "source_url": "http://www.npf.gov.ng/ZoneDetails?id=Kogi", "date_updated": "2018-10-19T18:56:41.675Z", "date_added": "2018-10-19T18:56:41.675Z", "user": 1}}, {"model": "source.source", "pk": "05ec06af-6ccd-422b-999c-64a979e0c90a", "fields": {"title": "Kogi Police Arrest Five Ritual Killers", "publication": "Daily Independent", "publication_country": "Nigeria", "published_on": "2010-02-22", "source_url": "http://allafrica.com/stories/201002240331.html", "date_updated": "2018-10-19T18:56:57.596Z", "date_added": "2018-10-19T18:56:57.596Z", "user": 1}}, {"model": "source.source", "pk": "8a157a56-2c39-4d6f-9b64-0268b69a8442", "fields": {"title": "Police Recover Guns, Ammunition Inside Secondary School Ceiling in Kogi", "publication": "Vanguard", "publication_country": "Nigeria", "published_on": "2015-04-25", "source_url": "http://www.vanguardngr.com/2015/04/police-recover-guns-ammunition-inside-secondary-school-ceiling-in-kogi/", "date_updated": "2018-10-19T18:57:04.120Z", "date_added": "2018-10-19T18:57:04.120Z", "user": 1}}, {"model": "organization.organization", "pk": 406, "fields": {"uuid": "450d5108-e2a7-4f1e-b711-95c4017ab1c8"}}, {"model": "organization.organization", "pk": 18, "fields": {"uuid": "134a103c-bbaf-4bb2-88ef-9e35baa92c87"}}, {"model": "source.source", "pk": "267c3d00-7421-46c7-9cea-0115b284ae20", "fields": {"title": "Crush Boko Haram in Three Months, Buhari Orders Military Chiefs", "publication": "Daily Independent", "publication_country": "Nigeria", "published_on": "2015-08-14", "source_url": "http://allafrica.com/stories/201508140550.html", "date_updated": "2018-10-19T18:56:49.007Z", "date_added": "2018-10-19T18:56:49.007Z", "user": 1}}, {"model": "source.source", "pk": "52afc80a-d501-4651-b6db-a189d02ec619", "fields": {"title": "Military exonerates Col Wende over purported petition written to Jonathan", "publication": "Vanguard", "publication_country": "Nigeria", "published_on": "2014-12-25", "source_url": "http://www.vanguardngr.com/2014/12/military-exonerates-col-wende-purported-petition-written-jonathan/", "date_updated": "2018-10-19T18:56:58.991Z", "date_added": "2018-10-19T18:56:58.992Z", "user": 1}}, {"model": "source.source", "pk": "f012888c-a94a-4aed-9575-a79cd2380961", "fields": {"title": "We Will Make Boko Haram Beg For Peace \u2013 Nigeria\u2019s Army Chief", "publication": "Sahara Reporters", "publication_country": "United States of America", "published_on": "2015-07-20", "source_url": "http://saharareporters.com/2015/07/20/we-will-make-boko-haram-beg-peace-%E2%80%93-nigeria%E2%80%99s-army-chief", "date_updated": "2018-10-19T18:57:10.339Z", "date_added": "2018-10-19T18:57:10.340Z", "user": 1}}, {"model": "organization.organization", "pk": 19, "fields": {"uuid": "9df9091c-6f30-4707-8439-1a3feb6b36ae"}}, {"model": "organization.organization", "pk": 99, "fields": {"uuid": "aebe23fc-eeb9-405c-be8f-274585133f9b"}}, {"model": "source.source", "pk": "6af9854c-8e2b-40c3-8edd-5dce92d93507", "fields": {"title": "GOC, Officials in Akure to Pay Striking Soldiers", "publication": "Vanguard", "publication_country": "Nigeria", "published_on": "2008-07-08", "source_url": "http://allafrica.com/stories/200807080218.html", "date_updated": "2018-10-19T18:56:53.039Z", "date_added": "2018-10-19T18:56:53.039Z", "user": 1}}, {"model": "source.source", "pk": "6414b949-f9c2-47a5-b3d3-166e59ea47b1", "fields": {"title": "Osun Governorship - Fresh Signs of Violence", "publication": "Daily Independent", "publication_country": "Nigeria", "published_on": "2014-07-09", "source_url": "http://allafrica.com/stories/201407100080.html", "date_updated": "2018-10-19T18:57:01.724Z", "date_added": "2018-10-19T18:57:01.724Z", "user": 1}}, {"model": "source.source", "pk": "621bafb2-a659-4f18-886d-b9e84eab53ba", "fields": {"title": "Army Games Begin in Abeokuta", "publication": "This Day", "publication_country": "Nigeria", "published_on": "2004-04-20", "source_url": "http://allafrica.com/stories/200404200528.html", "date_updated": "2018-10-19T18:56:44.117Z", "date_added": "2018-10-19T18:56:44.118Z", "user": 1}}, {"model": "source.source", "pk": "d72c7418-d96b-4930-bd3c-ea65d16335da", "fields": {"title": "Spread of Terrorism - Army Uncovers Boko Haram's New Tactics", "publication": "Vanguard", "publication_country": "Nigeria", "published_on": "2013-11-30", "source_url": "http://www.vanguardngr.com/2013/11/spread-terrorism-dont-panic-ready-army-assures-nigerians/", "date_updated": "2018-10-19T18:57:07.673Z", "date_added": "2018-10-19T18:57:07.673Z", "user": 1}}, {"model": "source.source", "pk": "3fbecd48-67c8-4af8-8a0d-29100d662620", "fields": {"title": "Army trains troops for combat proficiency competition", "publication": "Vanguard", "publication_country": "Nigeria", "published_on": "2018-04-20", "source_url": "https://www.vanguardngr.com/2018/04/army-trains-troops-for-combat-proficiency-competition/", "date_updated": "2018-10-19T18:57:17.196Z", "date_added": "2018-10-19T18:57:17.196Z", "user": 1}}, {"model": "source.source", "pk": "a740f673-db5b-45cf-a5c3-0a56972a818c", "fields": {"title": "Army chief tasks soldiers on terrorism", "publication": "News Agency of Nigeria", "publication_country": "Nigeria", "published_on": "2013-10-28", "source_url": "http://www.nanngronline.com/section/defencesecurity/army-chief-tasks-soldiers-on-terrorism", "date_updated": "2018-10-19T18:56:39.700Z", "date_added": "2018-10-19T18:56:39.700Z", "user": 1}}, {"model": "source.source", "pk": "bf40c0f1-0190-4eda-9a43-5b0292337b4e", "fields": {"title": "Army begin combat proficiency competition in Benin Monday", "publication": "The Nation", "publication_country": "Nigeria", "published_on": "2017-08-27", "source_url": "http://thenationonlineng.net/army-begin-combat-proficiency-competition-in-benin-monday/", "date_updated": "2018-10-19T18:56:43.400Z", "date_added": "2018-10-19T18:56:43.400Z", "user": 1}}, {"model": "source.source", "pk": "a79cc094-db5f-430d-8507-31f73281093a", "fields": {"title": "Buhari\u2019s will, Troops\u2019 resilience behind successes against insurgency- Buratai", "publication": "Vanguard", "publication_country": "Nigeria", "published_on": "2016-03-16", "source_url": "https://www.vanguardngr.com/2016/03/buharis-will-troops-resilience-behind-successes-against-insurgency-buratai/", "date_updated": "2018-10-19T18:56:47.374Z", "date_added": "2018-10-19T18:56:47.374Z", "user": 1}}, {"model": "source.source", "pk": "a198d1ab-97f3-49f6-80ab-d0da332888ed", "fields": {"title": "Oyo Teachers Shift Election to Akure", "publication": "Daily Champion", "publication_country": "Nigeria", "published_on": "2010-01-13", "source_url": "http://allafrica.com/stories/201001130027.html", "date_updated": "2018-10-19T18:57:01.958Z", "date_added": "2018-10-19T18:57:01.958Z", "user": 1}}, {"model": "source.source", "pk": "87717437-e9c7-4fa9-ae17-a4146b67f594", "fields": {"title": "Army committed to welfare", "publication": "The Nation", "publication_country": "Nigeria", "published_on": "2014-01-29", "source_url": "http://thenationonlineng.net/army-committed-to-welfare/", "date_updated": "2018-10-19T18:56:43.715Z", "date_added": "2018-10-19T18:56:43.715Z", "user": 1}}, {"model": "source.source", "pk": "07b1bdd4-a6f3-4442-a10d-f5648ba437ac", "fields": {"title": "Delta stands still as Aziza is buried", "publication": "The Nation", "publication_country": "Nigeria", "published_on": "2014-10-11", "source_url": "http://thenationonlineng.net/delta-stands-still-as-aziza-is-buried/", "date_updated": "2018-10-19T18:56:49.699Z", "date_added": "2018-10-19T18:56:49.699Z", "user": 1}}, {"model": "organization.organization", "pk": 98, "fields": {"uuid": "4110ef66-42cd-4e29-a10f-57aeffbfab52"}}, {"model": "auth.user", "pk": 1, "fields": {"password": "pbkdf2_sha256$36000$jrNZ2gA4YgVB$yqs1s+oJX+zELKGaz4w8+ielBpAmusmf4f4phRSidk4=", "last_login": null, "is_superuser": false, "username": "importer", "first_name": "", "last_name": "", "email": "importer@importer.com", "is_staff": false, "is_active": true, "date_joined": "2018-10-19T18:56:26.509Z", "groups": [], "user_permissions": []}}]