[{"model": "composition.composition", "pk": 1, "fields": {}}, {"model": "composition.composition", "pk": 2, "fields": {}}, {"model": "composition.composition", "pk": 3, "fields": {}}, {"model": "composition.composition", "pk": 4, "fields": {}}, {"model": "composition.composition", "pk": 5, "fields": {}}, {"model": "composition.composition", "pk": 6, "fields": {}}, {"model": "composition.composition", "pk": 7, "fields": {}}, {"model": "composition.composition", "pk": 8, "fields": {}}, {"model": "composition.composition", "pk": 9, "fields": {}}, {"model": "composition.composition", "pk": 10, "fields": {}}, {"model": "composition.compositionchild", "pk": 1, "fields": {"lang": null, "confidence": "1", "object_ref": 1, "value": 5, "sources": ["eb7ad4af-e0bd-4383-8254-7d87c8cc7b40", "eb7ad4af-e0bd-4383-8254-7d87c8cc7b40"], "accesspoints": ["a0b618e5-ac6c-43e0-bd31-6e2241704e15"]}}, {"model": "composition.compositionclassification", "pk": 1, "fields": {"lang": "en", "confidence": "1", "object_ref": 1, "value": "Command", "sources": ["eb7ad4af-e0bd-4383-8254-7d87c8cc7b40", "eb7ad4af-e0bd-4383-8254-7d87c8cc7b40"], "accesspoints": ["a0b618e5-ac6c-43e0-bd31-6e2241704e15"]}}, {"model": "composition.compositionenddate", "pk": 1, "fields": {"lang": "en", "confidence": "1", "object_ref": 1, "value": "2011-03-29", "sources": ["eb7ad4af-e0bd-4383-8254-7d87c8cc7b40", "eb7ad4af-e0bd-4383-8254-7d87c8cc7b40"], "accesspoints": ["a0b618e5-ac6c-43e0-bd31-6e2241704e15"]}}, {"model": "composition.compositionenddate", "pk": 3, "fields": {"lang": "en", "confidence": "1", "object_ref": 1, "value": "2012-10-00", "sources": ["eb7ad4af-e0bd-4383-8254-7d87c8cc7b40", "eb7ad4af-e0bd-4383-8254-7d87c8cc7b40"], "accesspoints": ["a0b618e5-ac6c-43e0-bd31-6e2241704e15"]}}, {"model": "composition.compositionenddate", "pk": 489, "fields": {"lang": "en", "confidence": "1", "object_ref": 1, "value": "2011-02-10", "sources": ["57982238-ad4d-4446-8dbf-add52702292c", "5168dfbe-4475-48f7-960c-65c909bf3836", "57982238-ad4d-4446-8dbf-add52702292c", "5168dfbe-4475-48f7-960c-65c909bf3836"], "accesspoints": ["a32b56bc-5a2e-4992-b63a-94e29975a5dd", "31de9c8c-1da6-47af-9cf0-ad3d25b5357f"]}}, {"model": "composition.compositionopenended", "pk": 1, "fields": {"lang": "en", "confidence": "1", "object_ref": 1, "value": "E", "sources": [], "accesspoints": []}}, {"model": "composition.compositionopenended", "pk": 3, "fields": {"lang": "en", "confidence": "1", "object_ref": 1, "value": "Y", "sources": [], "accesspoints": []}}, {"model": "composition.compositionparent", "pk": 1, "fields": {"lang": null, "confidence": "1", "object_ref": 1, "value": 4, "sources": ["eb7ad4af-e0bd-4383-8254-7d87c8cc7b40", "eb7ad4af-e0bd-4383-8254-7d87c8cc7b40"], "accesspoints": ["a0b618e5-ac6c-43e0-bd31-6e2241704e15"]}}, {"model": "composition.compositionrealstart", "pk": 1, "fields": {"lang": "en", "confidence": "1", "object_ref": 1, "value": true, "sources": [], "accesspoints": []}}, {"model": "composition.compositionstartdate", "pk": 1, "fields": {"lang": "en", "confidence": "1", "object_ref": 1, "value": "1971-00-00", "sources": ["eb7ad4af-e0bd-4383-8254-7d87c8cc7b40", "eb7ad4af-e0bd-4383-8254-7d87c8cc7b40"], "accesspoints": ["a0b618e5-ac6c-43e0-bd31-6e2241704e15"]}}, {"model": "composition.compositionstartdate", "pk": 3, "fields": {"lang": "en", "confidence": "1", "object_ref": 1, "value": "2012-06-00", "sources": ["eb7ad4af-e0bd-4383-8254-7d87c8cc7b40", "eb7ad4af-e0bd-4383-8254-7d87c8cc7b40"], "accesspoints": ["a0b618e5-ac6c-43e0-bd31-6e2241704e15"]}}, {"model": "composition.compositionchild", "pk": 2, "fields": {"lang": null, "confidence": "1", "object_ref": 2, "value": 5, "sources": ["eb7ad4af-e0bd-4383-8254-7d87c8cc7b40", "eb7ad4af-e0bd-4383-8254-7d87c8cc7b40"], "accesspoints": ["a0b618e5-ac6c-43e0-bd31-6e2241704e15"]}}, {"model": "composition.compositionclassification", "pk": 2, "fields": {"lang": "en", "confidence": "1", "object_ref": 2, "value": "Command", "sources": ["eb7ad4af-e0bd-4383-8254-7d87c8cc7b40", "eb7ad4af-e0bd-4383-8254-7d87c8cc7b40"], "accesspoints": ["a0b618e5-ac6c-43e0-bd31-6e2241704e15"]}}, {"model": "composition.compositionenddate", "pk": 2, "fields": {"lang": "en", "confidence": "1", "object_ref": 2, "value": "2012-06-00", "sources": ["eb7ad4af-e0bd-4383-8254-7d87c8cc7b40", "eb7ad4af-e0bd-4383-8254-7d87c8cc7b40"], "accesspoints": ["a0b618e5-ac6c-43e0-bd31-6e2241704e15"]}}, {"model": "composition.compositionenddate", "pk": 490, "fields": {"lang": "en", "confidence": "1", "object_ref": 2, "value": "2012-05-00", "sources": ["cfa00a95-706f-4c33-8d2d-222454807f5e", "cfa00a95-706f-4c33-8d2d-222454807f5e"], "accesspoints": ["753590ce-3b35-42b7-b2b7-aeda172a4795"]}}, {"model": "composition.compositionopenended", "pk": 2, "fields": {"lang": "en", "confidence": "1", "object_ref": 2, "value": "E", "sources": [], "accesspoints": []}}, {"model": "composition.compositionparent", "pk": 2, "fields": {"lang": null, "confidence": "1", "object_ref": 2, "value": 3, "sources": ["eb7ad4af-e0bd-4383-8254-7d87c8cc7b40", "eb7ad4af-e0bd-4383-8254-7d87c8cc7b40"], "accesspoints": ["a0b618e5-ac6c-43e0-bd31-6e2241704e15"]}}, {"model": "composition.compositionrealstart", "pk": 2, "fields": {"lang": "en", "confidence": "1", "object_ref": 2, "value": true, "sources": [], "accesspoints": []}}, {"model": "composition.compositionstartdate", "pk": 2, "fields": {"lang": "en", "confidence": "1", "object_ref": 2, "value": "2011-03-30", "sources": ["eb7ad4af-e0bd-4383-8254-7d87c8cc7b40", "eb7ad4af-e0bd-4383-8254-7d87c8cc7b40"], "accesspoints": ["a0b618e5-ac6c-43e0-bd31-6e2241704e15"]}}, {"model": "composition.compositionstartdate", "pk": 1754, "fields": {"lang": "en", "confidence": "1", "object_ref": 2, "value": "2011-02-11", "sources": ["5168dfbe-4475-48f7-960c-65c909bf3836", "5168dfbe-4475-48f7-960c-65c909bf3836"], "accesspoints": ["31de9c8c-1da6-47af-9cf0-ad3d25b5357f"]}}, {"model": "composition.compositionchild", "pk": 3, "fields": {"lang": null, "confidence": "1", "object_ref": 3, "value": 6, "sources": ["eb7ad4af-e0bd-4383-8254-7d87c8cc7b40", "eb7ad4af-e0bd-4383-8254-7d87c8cc7b40"], "accesspoints": ["a0b618e5-ac6c-43e0-bd31-6e2241704e15"]}}, {"model": "composition.compositionclassification", "pk": 3, "fields": {"lang": "en", "confidence": "1", "object_ref": 3, "value": "Command", "sources": ["eb7ad4af-e0bd-4383-8254-7d87c8cc7b40", "eb7ad4af-e0bd-4383-8254-7d87c8cc7b40"], "accesspoints": ["a0b618e5-ac6c-43e0-bd31-6e2241704e15"]}}, {"model": "composition.compositionenddate", "pk": 491, "fields": {"lang": "en", "confidence": "1", "object_ref": 3, "value": "2011-02-10", "sources": ["57982238-ad4d-4446-8dbf-add52702292c", "5168dfbe-4475-48f7-960c-65c909bf3836", "57982238-ad4d-4446-8dbf-add52702292c", "5168dfbe-4475-48f7-960c-65c909bf3836"], "accesspoints": ["a32b56bc-5a2e-4992-b63a-94e29975a5dd", "31de9c8c-1da6-47af-9cf0-ad3d25b5357f"]}}, {"model": "composition.compositionenddate", "pk": 737, "fields": {"lang": "en", "confidence": "1", "object_ref": 3, "value": "2012-10-00", "sources": ["cfa00a95-706f-4c33-8d2d-222454807f5e", "cfa00a95-706f-4c33-8d2d-222454807f5e"], "accesspoints": ["753590ce-3b35-42b7-b2b7-aeda172a4795"]}}, {"model": "composition.compositionopenended", "pk": 4, "fields": {"lang": "en", "confidence": "1", "object_ref": 3, "value": "Y", "sources": [], "accesspoints": []}}, {"model": "composition.compositionopenended", "pk": 1740, "fields": {"lang": "en", "confidence": "1", "object_ref": 3, "value": "E", "sources": [], "accesspoints": []}}, {"model": "composition.compositionparent", "pk": 3, "fields": {"lang": null, "confidence": "1", "object_ref": 3, "value": 4, "sources": ["eb7ad4af-e0bd-4383-8254-7d87c8cc7b40", "eb7ad4af-e0bd-4383-8254-7d87c8cc7b40"], "accesspoints": ["a0b618e5-ac6c-43e0-bd31-6e2241704e15"]}}, {"model": "composition.compositionrealstart", "pk": 3, "fields": {"lang": "en", "confidence": "1", "object_ref": 3, "value": true, "sources": [], "accesspoints": []}}, {"model": "composition.compositionstartdate", "pk": 4, "fields": {"lang": "en", "confidence": "1", "object_ref": 3, "value": "1971-00-00", "sources": ["eb7ad4af-e0bd-4383-8254-7d87c8cc7b40", "eb7ad4af-e0bd-4383-8254-7d87c8cc7b40"], "accesspoints": ["a0b618e5-ac6c-43e0-bd31-6e2241704e15"]}}, {"model": "composition.compositionstartdate", "pk": 2747, "fields": {"lang": "en", "confidence": "1", "object_ref": 3, "value": "2012-06-00", "sources": ["cfa00a95-706f-4c33-8d2d-222454807f5e", "cfa00a95-706f-4c33-8d2d-222454807f5e"], "accesspoints": ["753590ce-3b35-42b7-b2b7-aeda172a4795"]}}, {"model": "composition.compositionchild", "pk": 4, "fields": {"lang": null, "confidence": "1", "object_ref": 4, "value": 6, "sources": ["eb7ad4af-e0bd-4383-8254-7d87c8cc7b40", "eb7ad4af-e0bd-4383-8254-7d87c8cc7b40"], "accesspoints": ["a0b618e5-ac6c-43e0-bd31-6e2241704e15"]}}, {"model": "composition.compositionclassification", "pk": 4, "fields": {"lang": "en", "confidence": "1", "object_ref": 4, "value": "Command", "sources": ["eb7ad4af-e0bd-4383-8254-7d87c8cc7b40", "eb7ad4af-e0bd-4383-8254-7d87c8cc7b40"], "accesspoints": ["a0b618e5-ac6c-43e0-bd31-6e2241704e15"]}}, {"model": "composition.compositionenddate", "pk": 492, "fields": {"lang": "en", "confidence": "1", "object_ref": 4, "value": "2012-10-00", "sources": ["cfa00a95-706f-4c33-8d2d-222454807f5e", "cfa00a95-706f-4c33-8d2d-222454807f5e"], "accesspoints": ["753590ce-3b35-42b7-b2b7-aeda172a4795"]}}, {"model": "composition.compositionopenended", "pk": 5, "fields": {"lang": "en", "confidence": "1", "object_ref": 4, "value": "Y", "sources": [], "accesspoints": []}}, {"model": "composition.compositionparent", "pk": 4, "fields": {"lang": null, "confidence": "1", "object_ref": 4, "value": 5, "sources": ["eb7ad4af-e0bd-4383-8254-7d87c8cc7b40", "eb7ad4af-e0bd-4383-8254-7d87c8cc7b40"], "accesspoints": ["a0b618e5-ac6c-43e0-bd31-6e2241704e15"]}}, {"model": "composition.compositionrealstart", "pk": 4, "fields": {"lang": "en", "confidence": "1", "object_ref": 4, "value": true, "sources": [], "accesspoints": []}}, {"model": "composition.compositionrealstart", "pk": 1729, "fields": {"lang": null, "confidence": "1", "object_ref": 4, "value": false, "sources": [], "accesspoints": []}}, {"model": "composition.compositionstartdate", "pk": 5, "fields": {"lang": "en", "confidence": "1", "object_ref": 4, "value": "1971-00-00", "sources": ["eb7ad4af-e0bd-4383-8254-7d87c8cc7b40", "eb7ad4af-e0bd-4383-8254-7d87c8cc7b40"], "accesspoints": ["a0b618e5-ac6c-43e0-bd31-6e2241704e15"]}}, {"model": "composition.compositionchild", "pk": 5, "fields": {"lang": null, "confidence": "1", "object_ref": 5, "value": 7, "sources": ["56e488d4-b2e5-4fbd-b020-5879a82ec427", "56e488d4-b2e5-4fbd-b020-5879a82ec427"], "accesspoints": ["cc1f212a-b0da-4c4a-9dba-edcc4ce2a82c"]}}, {"model": "composition.compositionclassification", "pk": 5, "fields": {"lang": "en", "confidence": "1", "object_ref": 5, "value": "Command", "sources": ["56e488d4-b2e5-4fbd-b020-5879a82ec427", "56e488d4-b2e5-4fbd-b020-5879a82ec427"], "accesspoints": ["cc1f212a-b0da-4c4a-9dba-edcc4ce2a82c"]}}, {"model": "composition.compositionopenended", "pk": 6, "fields": {"lang": "en", "confidence": "1", "object_ref": 5, "value": "Y", "sources": [], "accesspoints": []}}, {"model": "composition.compositionparent", "pk": 5, "fields": {"lang": null, "confidence": "1", "object_ref": 5, "value": 8, "sources": ["56e488d4-b2e5-4fbd-b020-5879a82ec427", "56e488d4-b2e5-4fbd-b020-5879a82ec427"], "accesspoints": ["cc1f212a-b0da-4c4a-9dba-edcc4ce2a82c"]}}, {"model": "composition.compositionrealstart", "pk": 5, "fields": {"lang": "en", "confidence": "1", "object_ref": 5, "value": true, "sources": [], "accesspoints": []}}, {"model": "composition.compositionrealstart", "pk": 1730, "fields": {"lang": null, "confidence": "1", "object_ref": 5, "value": false, "sources": [], "accesspoints": []}}, {"model": "composition.compositionstartdate", "pk": 6, "fields": {"lang": "en", "confidence": "1", "object_ref": 5, "value": "2011-02-02", "sources": ["56e488d4-b2e5-4fbd-b020-5879a82ec427", "56e488d4-b2e5-4fbd-b020-5879a82ec427"], "accesspoints": ["cc1f212a-b0da-4c4a-9dba-edcc4ce2a82c"]}}, {"model": "composition.compositionchild", "pk": 6, "fields": {"lang": null, "confidence": "1", "object_ref": 6, "value": 8, "sources": ["56e488d4-b2e5-4fbd-b020-5879a82ec427", "56e488d4-b2e5-4fbd-b020-5879a82ec427"], "accesspoints": ["cc1f212a-b0da-4c4a-9dba-edcc4ce2a82c"]}}, {"model": "composition.compositionclassification", "pk": 6, "fields": {"lang": "en", "confidence": "1", "object_ref": 6, "value": "Command", "sources": ["56e488d4-b2e5-4fbd-b020-5879a82ec427", "56e488d4-b2e5-4fbd-b020-5879a82ec427"], "accesspoints": ["cc1f212a-b0da-4c4a-9dba-edcc4ce2a82c"]}}, {"model": "composition.compositionopenended", "pk": 7, "fields": {"lang": "en", "confidence": "1", "object_ref": 6, "value": "Y", "sources": [], "accesspoints": []}}, {"model": "composition.compositionparent", "pk": 6, "fields": {"lang": null, "confidence": "1", "object_ref": 6, "value": 6, "sources": ["56e488d4-b2e5-4fbd-b020-5879a82ec427", "56e488d4-b2e5-4fbd-b020-5879a82ec427"], "accesspoints": ["cc1f212a-b0da-4c4a-9dba-edcc4ce2a82c"]}}, {"model": "composition.compositionrealstart", "pk": 6, "fields": {"lang": "en", "confidence": "1", "object_ref": 6, "value": true, "sources": [], "accesspoints": []}}, {"model": "composition.compositionrealstart", "pk": 1731, "fields": {"lang": null, "confidence": "1", "object_ref": 6, "value": false, "sources": [], "accesspoints": []}}, {"model": "composition.compositionstartdate", "pk": 7, "fields": {"lang": "en", "confidence": "1", "object_ref": 6, "value": "2011-02-02", "sources": ["56e488d4-b2e5-4fbd-b020-5879a82ec427", "56e488d4-b2e5-4fbd-b020-5879a82ec427"], "accesspoints": ["cc1f212a-b0da-4c4a-9dba-edcc4ce2a82c"]}}, {"model": "composition.compositionchild", "pk": 7, "fields": {"lang": null, "confidence": "1", "object_ref": 7, "value": 9, "sources": ["56e488d4-b2e5-4fbd-b020-5879a82ec427", "56e488d4-b2e5-4fbd-b020-5879a82ec427"], "accesspoints": ["cc1f212a-b0da-4c4a-9dba-edcc4ce2a82c"]}}, {"model": "composition.compositionclassification", "pk": 7, "fields": {"lang": "en", "confidence": "1", "object_ref": 7, "value": "Command", "sources": ["56e488d4-b2e5-4fbd-b020-5879a82ec427", "56e488d4-b2e5-4fbd-b020-5879a82ec427"], "accesspoints": ["cc1f212a-b0da-4c4a-9dba-edcc4ce2a82c"]}}, {"model": "composition.compositionopenended", "pk": 8, "fields": {"lang": "en", "confidence": "1", "object_ref": 7, "value": "Y", "sources": [], "accesspoints": []}}, {"model": "composition.compositionparent", "pk": 7, "fields": {"lang": null, "confidence": "1", "object_ref": 7, "value": 10, "sources": ["56e488d4-b2e5-4fbd-b020-5879a82ec427", "56e488d4-b2e5-4fbd-b020-5879a82ec427"], "accesspoints": ["cc1f212a-b0da-4c4a-9dba-edcc4ce2a82c"]}}, {"model": "composition.compositionrealstart", "pk": 7, "fields": {"lang": "en", "confidence": "1", "object_ref": 7, "value": true, "sources": [], "accesspoints": []}}, {"model": "composition.compositionrealstart", "pk": 1732, "fields": {"lang": null, "confidence": "1", "object_ref": 7, "value": false, "sources": [], "accesspoints": []}}, {"model": "composition.compositionstartdate", "pk": 8, "fields": {"lang": "en", "confidence": "1", "object_ref": 7, "value": "2011-02-02", "sources": ["56e488d4-b2e5-4fbd-b020-5879a82ec427", "56e488d4-b2e5-4fbd-b020-5879a82ec427"], "accesspoints": ["cc1f212a-b0da-4c4a-9dba-edcc4ce2a82c"]}}, {"model": "composition.compositionchild", "pk": 8, "fields": {"lang": null, "confidence": "1", "object_ref": 8, "value": 10, "sources": ["56e488d4-b2e5-4fbd-b020-5879a82ec427", "56e488d4-b2e5-4fbd-b020-5879a82ec427"], "accesspoints": ["cc1f212a-b0da-4c4a-9dba-edcc4ce2a82c"]}}, {"model": "composition.compositionclassification", "pk": 8, "fields": {"lang": "en", "confidence": "1", "object_ref": 8, "value": "Command", "sources": ["56e488d4-b2e5-4fbd-b020-5879a82ec427", "56e488d4-b2e5-4fbd-b020-5879a82ec427"], "accesspoints": ["cc1f212a-b0da-4c4a-9dba-edcc4ce2a82c"]}}, {"model": "composition.compositionopenended", "pk": 9, "fields": {"lang": "en", "confidence": "1", "object_ref": 8, "value": "Y", "sources": [], "accesspoints": []}}, {"model": "composition.compositionparent", "pk": 8, "fields": {"lang": null, "confidence": "1", "object_ref": 8, "value": 6, "sources": ["56e488d4-b2e5-4fbd-b020-5879a82ec427", "56e488d4-b2e5-4fbd-b020-5879a82ec427"], "accesspoints": ["cc1f212a-b0da-4c4a-9dba-edcc4ce2a82c"]}}, {"model": "composition.compositionrealstart", "pk": 8, "fields": {"lang": "en", "confidence": "1", "object_ref": 8, "value": true, "sources": [], "accesspoints": []}}, {"model": "composition.compositionrealstart", "pk": 1733, "fields": {"lang": null, "confidence": "1", "object_ref": 8, "value": false, "sources": [], "accesspoints": []}}, {"model": "composition.compositionstartdate", "pk": 9, "fields": {"lang": "en", "confidence": "1", "object_ref": 8, "value": "2011-02-02", "sources": ["56e488d4-b2e5-4fbd-b020-5879a82ec427", "56e488d4-b2e5-4fbd-b020-5879a82ec427"], "accesspoints": ["cc1f212a-b0da-4c4a-9dba-edcc4ce2a82c"]}}, {"model": "composition.compositionchild", "pk": 9, "fields": {"lang": null, "confidence": "1", "object_ref": 9, "value": 11, "sources": ["56e488d4-b2e5-4fbd-b020-5879a82ec427", "56e488d4-b2e5-4fbd-b020-5879a82ec427"], "accesspoints": ["cc1f212a-b0da-4c4a-9dba-edcc4ce2a82c"]}}, {"model": "composition.compositionclassification", "pk": 9, "fields": {"lang": "en", "confidence": "1", "object_ref": 9, "value": "Command", "sources": ["56e488d4-b2e5-4fbd-b020-5879a82ec427", "56e488d4-b2e5-4fbd-b020-5879a82ec427"], "accesspoints": ["cc1f212a-b0da-4c4a-9dba-edcc4ce2a82c"]}}, {"model": "composition.compositionopenended", "pk": 10, "fields": {"lang": "en", "confidence": "1", "object_ref": 9, "value": "Y", "sources": [], "accesspoints": []}}, {"model": "composition.compositionparent", "pk": 9, "fields": {"lang": null, "confidence": "1", "object_ref": 9, "value": 12, "sources": ["56e488d4-b2e5-4fbd-b020-5879a82ec427", "56e488d4-b2e5-4fbd-b020-5879a82ec427"], "accesspoints": ["cc1f212a-b0da-4c4a-9dba-edcc4ce2a82c"]}}, {"model": "composition.compositionrealstart", "pk": 9, "fields": {"lang": "en", "confidence": "1", "object_ref": 9, "value": true, "sources": [], "accesspoints": []}}, {"model": "composition.compositionrealstart", "pk": 1734, "fields": {"lang": null, "confidence": "1", "object_ref": 9, "value": false, "sources": [], "accesspoints": []}}, {"model": "composition.compositionstartdate", "pk": 10, "fields": {"lang": "en", "confidence": "1", "object_ref": 9, "value": "2011-02-02", "sources": ["56e488d4-b2e5-4fbd-b020-5879a82ec427", "56e488d4-b2e5-4fbd-b020-5879a82ec427"], "accesspoints": ["cc1f212a-b0da-4c4a-9dba-edcc4ce2a82c"]}}, {"model": "composition.compositionchild", "pk": 10, "fields": {"lang": null, "confidence": "1", "object_ref": 10, "value": 12, "sources": ["56e488d4-b2e5-4fbd-b020-5879a82ec427", "56e488d4-b2e5-4fbd-b020-5879a82ec427"], "accesspoints": ["cc1f212a-b0da-4c4a-9dba-edcc4ce2a82c"]}}, {"model": "composition.compositionclassification", "pk": 10, "fields": {"lang": "en", "confidence": "1", "object_ref": 10, "value": "Command", "sources": ["56e488d4-b2e5-4fbd-b020-5879a82ec427", "56e488d4-b2e5-4fbd-b020-5879a82ec427"], "accesspoints": ["cc1f212a-b0da-4c4a-9dba-edcc4ce2a82c"]}}, {"model": "composition.compositionopenended", "pk": 11, "fields": {"lang": "en", "confidence": "1", "object_ref": 10, "value": "Y", "sources": [], "accesspoints": []}}, {"model": "composition.compositionparent", "pk": 10, "fields": {"lang": null, "confidence": "1", "object_ref": 10, "value": 6, "sources": ["56e488d4-b2e5-4fbd-b020-5879a82ec427", "56e488d4-b2e5-4fbd-b020-5879a82ec427"], "accesspoints": ["cc1f212a-b0da-4c4a-9dba-edcc4ce2a82c"]}}, {"model": "composition.compositionrealstart", "pk": 10, "fields": {"lang": "en", "confidence": "1", "object_ref": 10, "value": true, "sources": [], "accesspoints": []}}, {"model": "composition.compositionrealstart", "pk": 1735, "fields": {"lang": null, "confidence": "1", "object_ref": 10, "value": false, "sources": [], "accesspoints": []}}, {"model": "composition.compositionstartdate", "pk": 11, "fields": {"lang": "en", "confidence": "1", "object_ref": 10, "value": "2011-02-02", "sources": ["56e488d4-b2e5-4fbd-b020-5879a82ec427", "56e488d4-b2e5-4fbd-b020-5879a82ec427"], "accesspoints": ["cc1f212a-b0da-4c4a-9dba-edcc4ce2a82c"]}}, {"model": "organization.organization", "pk": 5, "fields": {"uuid": "e43b094d-e949-4e91-87f8-8987b0fdb771"}}, {"model": "source.source", "pk": "eb7ad4af-e0bd-4383-8254-7d87c8cc7b40", "fields": {"title": "\"The Politics of Security Sector Reform in Egypt\"", "publication": "United States Institute of Peace", "publication_country": null, "published_on": "2012-10-28", "source_url": "https://www.usip.org/sites/default/files/SR318_0.pdf", "date_updated": "2017-10-28T01:28:51.350Z", "date_added": "2017-10-28T01:28:51.350Z", "user": 1}}, {"model": "source.accesspoint", "pk": "a0b618e5-ac6c-43e0-bd31-6e2241704e15", "fields": {"page_number": null, "accessed_on": null, "archive_url": "https://web.archive.org/web/20151129015533/http://www.usip.org:80/sites/default/files/SR318_0.pdf", "source": "eb7ad4af-e0bd-4383-8254-7d87c8cc7b40", "user": 1}}, {"model": "source.source", "pk": "57982238-ad4d-4446-8dbf-add52702292c", "fields": {"title": "\"Egypt's New Military Brass\"", "publication": "Washington Institute for Near East Policy", "publication_country": null, "published_on": "2015-02-23", "source_url": "http://www.washingtoninstitute.org/policy-analysis/view/egypts-new-military-brass", "date_updated": "2018-01-26T05:41:44.522Z", "date_added": "2018-01-26T05:41:44.522Z", "user": 1}}, {"model": "source.source", "pk": "5168dfbe-4475-48f7-960c-65c909bf3836", "fields": {"title": "\"Missed Opportunity: The Politics of Police Reform in Egypt and Tunisia\"", "publication": "Carnegie Endowment for International Peace", "publication_country": null, "published_on": "2015-03-26", "source_url": "http://carnegieendowment.org/files/missed_opportunity.pdf", "date_updated": "2018-01-26T05:41:44.768Z", "date_added": "2018-01-26T05:41:44.768Z", "user": 1}}, {"model": "source.accesspoint", "pk": "a32b56bc-5a2e-4992-b63a-94e29975a5dd", "fields": {"page_number": null, "accessed_on": null, "archive_url": "https://web.archive.org/web/20140327035151/http://www.washingtoninstitute.org/policy-analysis/view/egypts-new-military-brass", "source": "57982238-ad4d-4446-8dbf-add52702292c", "user": 1}}, {"model": "source.accesspoint", "pk": "31de9c8c-1da6-47af-9cf0-ad3d25b5357f", "fields": {"page_number": null, "accessed_on": null, "archive_url": "https://web.archive.org/web/20150717031624/http://carnegieendowment.org/files/missed_opportunity.pdf", "source": "5168dfbe-4475-48f7-960c-65c909bf3836", "user": 1}}, {"model": "organization.organization", "pk": 4, "fields": {"uuid": "22053e2a-0b61-4ecd-8183-9bcaa0426ccc"}}, {"model": "source.source", "pk": "cfa00a95-706f-4c33-8d2d-222454807f5e", "fields": {"title": "\"The Politics of Security Sector Reform in Egypt\"", "publication": "United States Institute of Peace", "publication_country": null, "published_on": "2012-10-26", "source_url": "https://www.usip.org/sites/default/files/SR318_0.pdf", "date_updated": "2018-01-26T05:41:44.511Z", "date_added": "2018-01-26T05:41:44.511Z", "user": 1}}, {"model": "source.accesspoint", "pk": "753590ce-3b35-42b7-b2b7-aeda172a4795", "fields": {"page_number": null, "accessed_on": null, "archive_url": "https://web.archive.org/web/20151129015533/http://www.usip.org:80/sites/default/files/SR318_0.pdf", "source": "cfa00a95-706f-4c33-8d2d-222454807f5e", "user": 1}}, {"model": "organization.organization", "pk": 3, "fields": {"uuid": "fbdee5e5-fc3c-406d-a051-6e26736cc6fd"}}, {"model": "organization.organization", "pk": 6, "fields": {"uuid": "467551e9-9635-4b0d-a045-2c042eff6c7b"}}, {"model": "organization.organization", "pk": 7, "fields": {"uuid": "3e72f64f-e128-486a-bdca-5c0ff39ef3b8"}}, {"model": "source.source", "pk": "56e488d4-b2e5-4fbd-b020-5879a82ec427", "fields": {"title": "\u0642\u0648\u0627\u062a \u0627\u0644\u0623\u0645\u0646 \u0627\u0644\u0645\u0635\u0631\u064a\u0629", "publication": "Al Jazeera Arabic", "publication_country": "Qatar", "published_on": "2011-02-02", "source_url": "http://www.aljazeera.net/news/arabic/2011/2/2/%D9%82%D9%88%D8%A7%D8%AA-%D8%A7%D9%84%D8%A3%D9%85%D9%86-%D8%A7%D9%84%D9%85%D8%B5%D8%B1%D9%8A%D8%A9", "date_updated": "2017-10-28T01:28:53.961Z", "date_added": "2017-10-28T01:28:53.961Z", "user": 1}}, {"model": "source.accesspoint", "pk": "cc1f212a-b0da-4c4a-9dba-edcc4ce2a82c", "fields": {"page_number": null, "accessed_on": null, "archive_url": "https://web.archive.org/web/20160306053625/http://www.aljazeera.net/news/arabic/2011/2/2/%D9%82%D9%88%D8%A7%D8%AA-%D8%A7%D9%84%D8%A3%D9%85%D9%86-%D8%A7%D9%84%D9%85%D8%B5%D8%B1%D9%8A%D8%A9", "source": "56e488d4-b2e5-4fbd-b020-5879a82ec427", "user": 1}}, {"model": "organization.organization", "pk": 8, "fields": {"uuid": "85c662c9-b5a2-4dd3-acfb-0559d405178a"}}, {"model": "organization.organization", "pk": 9, "fields": {"uuid": "1f709aff-6030-4aba-aa54-3a4ba9608987"}}, {"model": "organization.organization", "pk": 10, "fields": {"uuid": "79152da2-f596-499c-9a51-51a47f3e9324"}}, {"model": "organization.organization", "pk": 11, "fields": {"uuid": "f440300e-f6ec-41a7-bb21-199b2501383a"}}, {"model": "organization.organization", "pk": 12, "fields": {"uuid": "37b9e3a1-c482-4006-b191-93e383d8db55"}}, {"model": "auth.user", "pk": 1, "fields": {"password": "pbkdf2_sha256$24000$F3HbMtZ32JrG$eF1tT3GLlmREsYoFLgzDi++QDi5AhjL5frqWw9vWx9A=", "last_login": null, "is_superuser": false, "username": "importer", "first_name": "", "last_name": "", "email": "importer@importer.com", "is_staff": false, "is_active": true, "date_joined": "2017-10-10T23:42:13.494Z", "groups": [], "user_permissions": []}}]