[{"model": "membershiporganization.membershiporganization", "pk": 38, "fields": {}}, {"model": "membershiporganization.membershiporganization", "pk": 15, "fields": {}}, {"model": "membershiporganization.membershiporganization", "pk": 101, "fields": {}}, {"model": "membershiporganization.membershiporganization", "pk": 30, "fields": {}}, {"model": "membershiporganization.membershiporganization", "pk": 76, "fields": {}}, {"model": "membershiporganization.membershiporganization", "pk": 113, "fields": {}}, {"model": "membershiporganization.membershiporganization", "pk": 138, "fields": {}}, {"model": "membershiporganization.membershiporganization", "pk": 9, "fields": {}}, {"model": "membershiporganization.membershiporganization", "pk": 12, "fields": {}}, {"model": "membershiporganization.membershiporganization", "pk": 118, "fields": {}}, {"model": "membershiporganization.membershiporganizationfirstciteddate", "pk": 34, "fields": {"lang": "en", "confidence": "1", "object_ref": 38, "value": "2013-00-00", "sources": ["f7328897-6927-490d-8665-60882aa97c93"], "accesspoints": []}}, {"model": "membershiporganization.membershiporganizationmember", "pk": 38, "fields": {"lang": null, "confidence": "1", "object_ref": 38, "value": 87, "sources": ["3e76e111-b3a7-4182-b1fa-2aaf7586649b", "23d8e3a4-9085-4bf0-9399-4f8ff24c0f79", "0ff1497d-d420-4f95-b26b-7367ff14d418", "c6bd07e8-c890-4457-b98d-c817b4179c9c", "24c9b110-11a1-446f-b197-8605d9d5a949", "2ee42522-1ec0-4bae-9f31-239ca09d6d90", "523466c0-c84f-4952-9a88-31c130948e2d", "b917cf37-9202-4c84-bfc6-517196ff9d04", "3946c185-68a6-4248-aa19-c9278cc0ed06", "afedb166-268f-4615-847a-3a1fbac0c002", "6b0d15fc-dc72-4c4d-9298-40701ca87359", "3ac8dda0-42b7-4435-9fda-156d1a883368", "ea39134b-0956-4b70-974c-639772de0ea7", "0d86be1b-76ee-4358-8f29-5e5cc6a0c760", "807f0e7a-49ae-44f1-9cae-8ced131e863e", "2e620027-244c-4562-8fd4-316399876418", "8786a27c-8924-43a4-be68-13e6d13d0272", "f7328897-6927-490d-8665-60882aa97c93", "53bb3230-c444-4495-b9ba-af0c9dc2a6bb"], "accesspoints": []}}, {"model": "membershiporganization.membershiporganizationorganization", "pk": 38, "fields": {"lang": null, "confidence": "1", "object_ref": 38, "value": 22, "sources": ["3e76e111-b3a7-4182-b1fa-2aaf7586649b", "23d8e3a4-9085-4bf0-9399-4f8ff24c0f79", "0ff1497d-d420-4f95-b26b-7367ff14d418", "c6bd07e8-c890-4457-b98d-c817b4179c9c", "24c9b110-11a1-446f-b197-8605d9d5a949", "2ee42522-1ec0-4bae-9f31-239ca09d6d90", "523466c0-c84f-4952-9a88-31c130948e2d", "b917cf37-9202-4c84-bfc6-517196ff9d04", "3946c185-68a6-4248-aa19-c9278cc0ed06", "afedb166-268f-4615-847a-3a1fbac0c002", "6b0d15fc-dc72-4c4d-9298-40701ca87359", "3ac8dda0-42b7-4435-9fda-156d1a883368", "ea39134b-0956-4b70-974c-639772de0ea7", "0d86be1b-76ee-4358-8f29-5e5cc6a0c760", "807f0e7a-49ae-44f1-9cae-8ced131e863e", "2e620027-244c-4562-8fd4-316399876418", "8786a27c-8924-43a4-be68-13e6d13d0272", "f7328897-6927-490d-8665-60882aa97c93", "53bb3230-c444-4495-b9ba-af0c9dc2a6bb"], "accesspoints": []}}, {"model": "membershiporganization.membershiporganizationrealstart", "pk": 34, "fields": {"lang": null, "confidence": "1", "object_ref": 38, "value": true, "sources": [], "accesspoints": []}}, {"model": "membershiporganization.membershiporganizationlastciteddate", "pk": 9, "fields": {"lang": "en", "confidence": "1", "object_ref": 15, "value": "2016-06-00", "sources": ["7625b3f1-0434-44cf-8729-87b2d9b46d9a"], "accesspoints": []}}, {"model": "membershiporganization.membershiporganizationmember", "pk": 15, "fields": {"lang": null, "confidence": "1", "object_ref": 15, "value": 36, "sources": ["949241ed-6b48-4dfe-a7d3-aad59ce53b73", "12b9cbb9-0ffa-4359-a028-0334092c0abd", "5f0fdd06-eb4d-4b7c-bce9-5b1ae9873c92", "86df892b-58e4-4da4-97e2-6d9447d1d6d4", "699f0b8f-415e-4f04-837d-b5fb55bdbe5f", "9ecede0f-254c-4489-9a11-45d37831262e", "77f89673-01fa-4cd0-a877-2c0a89386205", "bbcc6f87-2bed-4905-9580-368d882635d1", "7625b3f1-0434-44cf-8729-87b2d9b46d9a", "a2c6f7fd-c96b-4577-8694-0a0b402e2751", "f624dbd5-6cd5-4125-9447-a005193dbecc", "b9d5317b-ea55-4fbf-9b43-d5c5b8127b90", "1f6ae567-b76c-4a32-a03b-c6794028d5a0", "b6cf16e7-151c-4b9f-bd1f-6dd3ef055294", "a4dea920-2980-4ef1-a7ca-b9f4f6890289", "1c79ae45-5348-4f04-a7a2-7163cdaabe15", "6a860be0-0a84-42d9-993b-cff99ea0e65e", "db96c12f-7fe5-431c-a16e-6175da9209ad", "96d085c7-949f-46ea-8aa3-253fb90d1bce", "de046748-c26f-44dc-a2a7-11c5cca30f2e", "ca151f24-7105-4b4e-a7a7-41aba94fbca5", "d13c203d-33ed-425a-aba6-4f53ed199fc7", "7f1edbe1-3c12-45ac-bd31-f33c4a56824c", "8fad019c-2691-42bb-9d4b-91ef8edf4e52", "d18a7193-4e86-42aa-b0f2-22016770f64b", "5c2b0559-6cb7-4126-b952-55a9d266c912", "00159668-1fcc-4051-8412-752566ac89d3", "6f363afe-08cc-4d9a-822c-a4d87b092671", "fa45e9ab-3615-4fae-9570-5959fff717b0", "f1ca72fd-47ae-4439-bbbc-dd524c79785c", "b533adfe-ec48-4fc7-8491-d4e890188506", "ab54c841-be36-4dcc-b116-cacda60ecadf", "35ea21a5-cefc-4878-87e8-4cdb0cf2779e", "2970eb8f-97fa-4ba3-b6fe-daf6dfd775cc", "0c5944fd-4bec-4b95-9f23-426d1443c6ca"], "accesspoints": []}}, {"model": "membershiporganization.membershiporganizationorganization", "pk": 15, "fields": {"lang": null, "confidence": "1", "object_ref": 15, "value": 24, "sources": ["949241ed-6b48-4dfe-a7d3-aad59ce53b73", "12b9cbb9-0ffa-4359-a028-0334092c0abd", "5f0fdd06-eb4d-4b7c-bce9-5b1ae9873c92", "86df892b-58e4-4da4-97e2-6d9447d1d6d4", "699f0b8f-415e-4f04-837d-b5fb55bdbe5f", "9ecede0f-254c-4489-9a11-45d37831262e", "77f89673-01fa-4cd0-a877-2c0a89386205", "bbcc6f87-2bed-4905-9580-368d882635d1", "7625b3f1-0434-44cf-8729-87b2d9b46d9a", "a2c6f7fd-c96b-4577-8694-0a0b402e2751", "f624dbd5-6cd5-4125-9447-a005193dbecc", "b9d5317b-ea55-4fbf-9b43-d5c5b8127b90", "1f6ae567-b76c-4a32-a03b-c6794028d5a0", "b6cf16e7-151c-4b9f-bd1f-6dd3ef055294", "a4dea920-2980-4ef1-a7ca-b9f4f6890289", "1c79ae45-5348-4f04-a7a2-7163cdaabe15", "6a860be0-0a84-42d9-993b-cff99ea0e65e", "db96c12f-7fe5-431c-a16e-6175da9209ad", "96d085c7-949f-46ea-8aa3-253fb90d1bce", "de046748-c26f-44dc-a2a7-11c5cca30f2e", "ca151f24-7105-4b4e-a7a7-41aba94fbca5", "d13c203d-33ed-425a-aba6-4f53ed199fc7", "7f1edbe1-3c12-45ac-bd31-f33c4a56824c", "8fad019c-2691-42bb-9d4b-91ef8edf4e52", "d18a7193-4e86-42aa-b0f2-22016770f64b", "5c2b0559-6cb7-4126-b952-55a9d266c912", "00159668-1fcc-4051-8412-752566ac89d3", "6f363afe-08cc-4d9a-822c-a4d87b092671", "fa45e9ab-3615-4fae-9570-5959fff717b0", "f1ca72fd-47ae-4439-bbbc-dd524c79785c", "b533adfe-ec48-4fc7-8491-d4e890188506", "ab54c841-be36-4dcc-b116-cacda60ecadf", "35ea21a5-cefc-4878-87e8-4cdb0cf2779e", "2970eb8f-97fa-4ba3-b6fe-daf6dfd775cc", "0c5944fd-4bec-4b95-9f23-426d1443c6ca"], "accesspoints": []}}, {"model": "membershiporganization.membershiporganizationrealend", "pk": 9, "fields": {"lang": null, "confidence": "1", "object_ref": 15, "value": true, "sources": [], "accesspoints": []}}, {"model": "membershiporganization.membershiporganizationlastciteddate", "pk": 45, "fields": {"lang": "en", "confidence": "1", "object_ref": 101, "value": "2002-02-00", "sources": ["c55a80cb-6978-4abc-9602-0a57f6a88d67"], "accesspoints": []}}, {"model": "membershiporganization.membershiporganizationmember", "pk": 101, "fields": {"lang": null, "confidence": "1", "object_ref": 101, "value": 135, "sources": ["c55a80cb-6978-4abc-9602-0a57f6a88d67", "4600bd9e-961a-4261-93ef-abd67c71cdfd", "09114e09-224f-4615-aeaa-0edb8efecbe9"], "accesspoints": []}}, {"model": "membershiporganization.membershiporganizationorganization", "pk": 101, "fields": {"lang": null, "confidence": "1", "object_ref": 101, "value": 113, "sources": ["c55a80cb-6978-4abc-9602-0a57f6a88d67", "4600bd9e-961a-4261-93ef-abd67c71cdfd", "09114e09-224f-4615-aeaa-0edb8efecbe9"], "accesspoints": []}}, {"model": "membershiporganization.membershiporganizationrealend", "pk": 45, "fields": {"lang": null, "confidence": "1", "object_ref": 101, "value": true, "sources": [], "accesspoints": []}}, {"model": "membershiporganization.membershiporganizationfirstciteddate", "pk": 27, "fields": {"lang": "en", "confidence": "1", "object_ref": 30, "value": "2015-11-18", "sources": ["de046748-c26f-44dc-a2a7-11c5cca30f2e"], "accesspoints": []}}, {"model": "membershiporganization.membershiporganizationmember", "pk": 30, "fields": {"lang": null, "confidence": "1", "object_ref": 30, "value": 75, "sources": ["949241ed-6b48-4dfe-a7d3-aad59ce53b73", "12b9cbb9-0ffa-4359-a028-0334092c0abd", "5f0fdd06-eb4d-4b7c-bce9-5b1ae9873c92", "86df892b-58e4-4da4-97e2-6d9447d1d6d4", "699f0b8f-415e-4f04-837d-b5fb55bdbe5f", "9ecede0f-254c-4489-9a11-45d37831262e", "77f89673-01fa-4cd0-a877-2c0a89386205", "bbcc6f87-2bed-4905-9580-368d882635d1", "7625b3f1-0434-44cf-8729-87b2d9b46d9a", "a2c6f7fd-c96b-4577-8694-0a0b402e2751", "f624dbd5-6cd5-4125-9447-a005193dbecc", "b9d5317b-ea55-4fbf-9b43-d5c5b8127b90", "1f6ae567-b76c-4a32-a03b-c6794028d5a0", "b6cf16e7-151c-4b9f-bd1f-6dd3ef055294", "a4dea920-2980-4ef1-a7ca-b9f4f6890289", "1c79ae45-5348-4f04-a7a2-7163cdaabe15", "6a860be0-0a84-42d9-993b-cff99ea0e65e", "db96c12f-7fe5-431c-a16e-6175da9209ad", "96d085c7-949f-46ea-8aa3-253fb90d1bce", "de046748-c26f-44dc-a2a7-11c5cca30f2e", "ca151f24-7105-4b4e-a7a7-41aba94fbca5", "d13c203d-33ed-425a-aba6-4f53ed199fc7", "7f1edbe1-3c12-45ac-bd31-f33c4a56824c", "8fad019c-2691-42bb-9d4b-91ef8edf4e52", "d18a7193-4e86-42aa-b0f2-22016770f64b", "5c2b0559-6cb7-4126-b952-55a9d266c912", "00159668-1fcc-4051-8412-752566ac89d3", "6f363afe-08cc-4d9a-822c-a4d87b092671", "fa45e9ab-3615-4fae-9570-5959fff717b0", "f1ca72fd-47ae-4439-bbbc-dd524c79785c", "b533adfe-ec48-4fc7-8491-d4e890188506", "ab54c841-be36-4dcc-b116-cacda60ecadf", "35ea21a5-cefc-4878-87e8-4cdb0cf2779e", "2970eb8f-97fa-4ba3-b6fe-daf6dfd775cc", "0c5944fd-4bec-4b95-9f23-426d1443c6ca"], "accesspoints": []}}, {"model": "membershiporganization.membershiporganizationorganization", "pk": 30, "fields": {"lang": null, "confidence": "1", "object_ref": 30, "value": 24, "sources": ["949241ed-6b48-4dfe-a7d3-aad59ce53b73", "12b9cbb9-0ffa-4359-a028-0334092c0abd", "5f0fdd06-eb4d-4b7c-bce9-5b1ae9873c92", "86df892b-58e4-4da4-97e2-6d9447d1d6d4", "699f0b8f-415e-4f04-837d-b5fb55bdbe5f", "9ecede0f-254c-4489-9a11-45d37831262e", "77f89673-01fa-4cd0-a877-2c0a89386205", "bbcc6f87-2bed-4905-9580-368d882635d1", "7625b3f1-0434-44cf-8729-87b2d9b46d9a", "a2c6f7fd-c96b-4577-8694-0a0b402e2751", "f624dbd5-6cd5-4125-9447-a005193dbecc", "b9d5317b-ea55-4fbf-9b43-d5c5b8127b90", "1f6ae567-b76c-4a32-a03b-c6794028d5a0", "b6cf16e7-151c-4b9f-bd1f-6dd3ef055294", "a4dea920-2980-4ef1-a7ca-b9f4f6890289", "1c79ae45-5348-4f04-a7a2-7163cdaabe15", "6a860be0-0a84-42d9-993b-cff99ea0e65e", "db96c12f-7fe5-431c-a16e-6175da9209ad", "96d085c7-949f-46ea-8aa3-253fb90d1bce", "de046748-c26f-44dc-a2a7-11c5cca30f2e", "ca151f24-7105-4b4e-a7a7-41aba94fbca5", "d13c203d-33ed-425a-aba6-4f53ed199fc7", "7f1edbe1-3c12-45ac-bd31-f33c4a56824c", "8fad019c-2691-42bb-9d4b-91ef8edf4e52", "d18a7193-4e86-42aa-b0f2-22016770f64b", "5c2b0559-6cb7-4126-b952-55a9d266c912", "00159668-1fcc-4051-8412-752566ac89d3", "6f363afe-08cc-4d9a-822c-a4d87b092671", "fa45e9ab-3615-4fae-9570-5959fff717b0", "f1ca72fd-47ae-4439-bbbc-dd524c79785c", "b533adfe-ec48-4fc7-8491-d4e890188506", "ab54c841-be36-4dcc-b116-cacda60ecadf", "35ea21a5-cefc-4878-87e8-4cdb0cf2779e", "2970eb8f-97fa-4ba3-b6fe-daf6dfd775cc", "0c5944fd-4bec-4b95-9f23-426d1443c6ca"], "accesspoints": []}}, {"model": "membershiporganization.membershiporganizationrealstart", "pk": 27, "fields": {"lang": null, "confidence": "1", "object_ref": 30, "value": false, "sources": [], "accesspoints": []}}, {"model": "membershiporganization.membershiporganizationfirstciteddate", "pk": 67, "fields": {"lang": "en", "confidence": "1", "object_ref": 76, "value": "2007-10-14", "sources": ["2e620027-244c-4562-8fd4-316399876418"], "accesspoints": []}}, {"model": "membershiporganization.membershiporganizationmember", "pk": 76, "fields": {"lang": null, "confidence": "1", "object_ref": 76, "value": 102, "sources": ["3e76e111-b3a7-4182-b1fa-2aaf7586649b", "23d8e3a4-9085-4bf0-9399-4f8ff24c0f79", "0ff1497d-d420-4f95-b26b-7367ff14d418", "c6bd07e8-c890-4457-b98d-c817b4179c9c", "24c9b110-11a1-446f-b197-8605d9d5a949", "2ee42522-1ec0-4bae-9f31-239ca09d6d90", "523466c0-c84f-4952-9a88-31c130948e2d", "b917cf37-9202-4c84-bfc6-517196ff9d04", "3946c185-68a6-4248-aa19-c9278cc0ed06", "afedb166-268f-4615-847a-3a1fbac0c002", "6b0d15fc-dc72-4c4d-9298-40701ca87359", "3ac8dda0-42b7-4435-9fda-156d1a883368", "ea39134b-0956-4b70-974c-639772de0ea7", "0d86be1b-76ee-4358-8f29-5e5cc6a0c760", "807f0e7a-49ae-44f1-9cae-8ced131e863e", "2e620027-244c-4562-8fd4-316399876418", "8786a27c-8924-43a4-be68-13e6d13d0272", "f7328897-6927-490d-8665-60882aa97c93", "53bb3230-c444-4495-b9ba-af0c9dc2a6bb"], "accesspoints": []}}, {"model": "membershiporganization.membershiporganizationorganization", "pk": 76, "fields": {"lang": null, "confidence": "1", "object_ref": 76, "value": 22, "sources": ["3e76e111-b3a7-4182-b1fa-2aaf7586649b", "23d8e3a4-9085-4bf0-9399-4f8ff24c0f79", "0ff1497d-d420-4f95-b26b-7367ff14d418", "c6bd07e8-c890-4457-b98d-c817b4179c9c", "24c9b110-11a1-446f-b197-8605d9d5a949", "2ee42522-1ec0-4bae-9f31-239ca09d6d90", "523466c0-c84f-4952-9a88-31c130948e2d", "b917cf37-9202-4c84-bfc6-517196ff9d04", "3946c185-68a6-4248-aa19-c9278cc0ed06", "afedb166-268f-4615-847a-3a1fbac0c002", "6b0d15fc-dc72-4c4d-9298-40701ca87359", "3ac8dda0-42b7-4435-9fda-156d1a883368", "ea39134b-0956-4b70-974c-639772de0ea7", "0d86be1b-76ee-4358-8f29-5e5cc6a0c760", "807f0e7a-49ae-44f1-9cae-8ced131e863e", "2e620027-244c-4562-8fd4-316399876418", "8786a27c-8924-43a4-be68-13e6d13d0272", "f7328897-6927-490d-8665-60882aa97c93", "53bb3230-c444-4495-b9ba-af0c9dc2a6bb"], "accesspoints": []}}, {"model": "membershiporganization.membershiporganizationrealstart", "pk": 67, "fields": {"lang": null, "confidence": "1", "object_ref": 76, "value": true, "sources": [], "accesspoints": []}}, {"model": "membershiporganization.membershiporganizationfirstciteddate", "pk": 101, "fields": {"lang": "en", "confidence": "1", "object_ref": 113, "value": "2016-05-01", "sources": ["5c2b0559-6cb7-4126-b952-55a9d266c912"], "accesspoints": []}}, {"model": "membershiporganization.membershiporganizationlastciteddate", "pk": 51, "fields": {"lang": "en", "confidence": "1", "object_ref": 113, "value": "2017-11-28", "sources": ["b9d5317b-ea55-4fbf-9b43-d5c5b8127b90"], "accesspoints": []}}, {"model": "membershiporganization.membershiporganizationmember", "pk": 113, "fields": {"lang": null, "confidence": "1", "object_ref": 113, "value": 139, "sources": ["949241ed-6b48-4dfe-a7d3-aad59ce53b73", "12b9cbb9-0ffa-4359-a028-0334092c0abd", "5f0fdd06-eb4d-4b7c-bce9-5b1ae9873c92", "86df892b-58e4-4da4-97e2-6d9447d1d6d4", "699f0b8f-415e-4f04-837d-b5fb55bdbe5f", "9ecede0f-254c-4489-9a11-45d37831262e", "77f89673-01fa-4cd0-a877-2c0a89386205", "bbcc6f87-2bed-4905-9580-368d882635d1", "7625b3f1-0434-44cf-8729-87b2d9b46d9a", "a2c6f7fd-c96b-4577-8694-0a0b402e2751", "f624dbd5-6cd5-4125-9447-a005193dbecc", "b9d5317b-ea55-4fbf-9b43-d5c5b8127b90", "1f6ae567-b76c-4a32-a03b-c6794028d5a0", "b6cf16e7-151c-4b9f-bd1f-6dd3ef055294", "a4dea920-2980-4ef1-a7ca-b9f4f6890289", "1c79ae45-5348-4f04-a7a2-7163cdaabe15", "6a860be0-0a84-42d9-993b-cff99ea0e65e", "db96c12f-7fe5-431c-a16e-6175da9209ad", "96d085c7-949f-46ea-8aa3-253fb90d1bce", "de046748-c26f-44dc-a2a7-11c5cca30f2e", "ca151f24-7105-4b4e-a7a7-41aba94fbca5", "d13c203d-33ed-425a-aba6-4f53ed199fc7", "7f1edbe1-3c12-45ac-bd31-f33c4a56824c", "8fad019c-2691-42bb-9d4b-91ef8edf4e52", "d18a7193-4e86-42aa-b0f2-22016770f64b", "5c2b0559-6cb7-4126-b952-55a9d266c912", "00159668-1fcc-4051-8412-752566ac89d3", "6f363afe-08cc-4d9a-822c-a4d87b092671", "fa45e9ab-3615-4fae-9570-5959fff717b0", "f1ca72fd-47ae-4439-bbbc-dd524c79785c", "b533adfe-ec48-4fc7-8491-d4e890188506", "ab54c841-be36-4dcc-b116-cacda60ecadf", "35ea21a5-cefc-4878-87e8-4cdb0cf2779e", "2970eb8f-97fa-4ba3-b6fe-daf6dfd775cc", "0c5944fd-4bec-4b95-9f23-426d1443c6ca"], "accesspoints": []}}, {"model": "membershiporganization.membershiporganizationorganization", "pk": 113, "fields": {"lang": null, "confidence": "1", "object_ref": 113, "value": 24, "sources": ["949241ed-6b48-4dfe-a7d3-aad59ce53b73", "12b9cbb9-0ffa-4359-a028-0334092c0abd", "5f0fdd06-eb4d-4b7c-bce9-5b1ae9873c92", "86df892b-58e4-4da4-97e2-6d9447d1d6d4", "699f0b8f-415e-4f04-837d-b5fb55bdbe5f", "9ecede0f-254c-4489-9a11-45d37831262e", "77f89673-01fa-4cd0-a877-2c0a89386205", "bbcc6f87-2bed-4905-9580-368d882635d1", "7625b3f1-0434-44cf-8729-87b2d9b46d9a", "a2c6f7fd-c96b-4577-8694-0a0b402e2751", "f624dbd5-6cd5-4125-9447-a005193dbecc", "b9d5317b-ea55-4fbf-9b43-d5c5b8127b90", "1f6ae567-b76c-4a32-a03b-c6794028d5a0", "b6cf16e7-151c-4b9f-bd1f-6dd3ef055294", "a4dea920-2980-4ef1-a7ca-b9f4f6890289", "1c79ae45-5348-4f04-a7a2-7163cdaabe15", "6a860be0-0a84-42d9-993b-cff99ea0e65e", "db96c12f-7fe5-431c-a16e-6175da9209ad", "96d085c7-949f-46ea-8aa3-253fb90d1bce", "de046748-c26f-44dc-a2a7-11c5cca30f2e", "ca151f24-7105-4b4e-a7a7-41aba94fbca5", "d13c203d-33ed-425a-aba6-4f53ed199fc7", "7f1edbe1-3c12-45ac-bd31-f33c4a56824c", "8fad019c-2691-42bb-9d4b-91ef8edf4e52", "d18a7193-4e86-42aa-b0f2-22016770f64b", "5c2b0559-6cb7-4126-b952-55a9d266c912", "00159668-1fcc-4051-8412-752566ac89d3", "6f363afe-08cc-4d9a-822c-a4d87b092671", "fa45e9ab-3615-4fae-9570-5959fff717b0", "f1ca72fd-47ae-4439-bbbc-dd524c79785c", "b533adfe-ec48-4fc7-8491-d4e890188506", "ab54c841-be36-4dcc-b116-cacda60ecadf", "35ea21a5-cefc-4878-87e8-4cdb0cf2779e", "2970eb8f-97fa-4ba3-b6fe-daf6dfd775cc", "0c5944fd-4bec-4b95-9f23-426d1443c6ca"], "accesspoints": []}}, {"model": "membershiporganization.membershiporganizationrealend", "pk": 51, "fields": {"lang": null, "confidence": "1", "object_ref": 113, "value": false, "sources": [], "accesspoints": []}}, {"model": "membershiporganization.membershiporganizationrealstart", "pk": 101, "fields": {"lang": null, "confidence": "1", "object_ref": 113, "value": false, "sources": [], "accesspoints": []}}, {"model": "membershiporganization.membershiporganizationmember", "pk": 138, "fields": {"lang": null, "confidence": "1", "object_ref": 138, "value": 12, "sources": ["3e76e111-b3a7-4182-b1fa-2aaf7586649b", "23d8e3a4-9085-4bf0-9399-4f8ff24c0f79", "0ff1497d-d420-4f95-b26b-7367ff14d418", "c6bd07e8-c890-4457-b98d-c817b4179c9c", "24c9b110-11a1-446f-b197-8605d9d5a949", "2ee42522-1ec0-4bae-9f31-239ca09d6d90", "523466c0-c84f-4952-9a88-31c130948e2d", "b917cf37-9202-4c84-bfc6-517196ff9d04", "3946c185-68a6-4248-aa19-c9278cc0ed06", "afedb166-268f-4615-847a-3a1fbac0c002", "6b0d15fc-dc72-4c4d-9298-40701ca87359", "3ac8dda0-42b7-4435-9fda-156d1a883368", "ea39134b-0956-4b70-974c-639772de0ea7", "0d86be1b-76ee-4358-8f29-5e5cc6a0c760", "807f0e7a-49ae-44f1-9cae-8ced131e863e", "2e620027-244c-4562-8fd4-316399876418", "8786a27c-8924-43a4-be68-13e6d13d0272", "f7328897-6927-490d-8665-60882aa97c93", "53bb3230-c444-4495-b9ba-af0c9dc2a6bb"], "accesspoints": []}}, {"model": "membershiporganization.membershiporganizationorganization", "pk": 138, "fields": {"lang": null, "confidence": "1", "object_ref": 138, "value": 22, "sources": ["3e76e111-b3a7-4182-b1fa-2aaf7586649b", "23d8e3a4-9085-4bf0-9399-4f8ff24c0f79", "0ff1497d-d420-4f95-b26b-7367ff14d418", "c6bd07e8-c890-4457-b98d-c817b4179c9c", "24c9b110-11a1-446f-b197-8605d9d5a949", "2ee42522-1ec0-4bae-9f31-239ca09d6d90", "523466c0-c84f-4952-9a88-31c130948e2d", "b917cf37-9202-4c84-bfc6-517196ff9d04", "3946c185-68a6-4248-aa19-c9278cc0ed06", "afedb166-268f-4615-847a-3a1fbac0c002", "6b0d15fc-dc72-4c4d-9298-40701ca87359", "3ac8dda0-42b7-4435-9fda-156d1a883368", "ea39134b-0956-4b70-974c-639772de0ea7", "0d86be1b-76ee-4358-8f29-5e5cc6a0c760", "807f0e7a-49ae-44f1-9cae-8ced131e863e", "2e620027-244c-4562-8fd4-316399876418", "8786a27c-8924-43a4-be68-13e6d13d0272", "f7328897-6927-490d-8665-60882aa97c93", "53bb3230-c444-4495-b9ba-af0c9dc2a6bb"], "accesspoints": []}}, {"model": "membershiporganization.membershiporganizationfirstciteddate", "pk": 8, "fields": {"lang": "en", "confidence": "1", "object_ref": 9, "value": "2016-02-00", "sources": ["f624dbd5-6cd5-4125-9447-a005193dbecc"], "accesspoints": []}}, {"model": "membershiporganization.membershiporganizationlastciteddate", "pk": 5, "fields": {"lang": "en", "confidence": "1", "object_ref": 9, "value": "2017-07-22", "sources": ["878fc1a1-9b2d-4b5a-80bf-2f488270ca82"], "accesspoints": []}}, {"model": "membershiporganization.membershiporganizationmember", "pk": 9, "fields": {"lang": null, "confidence": "1", "object_ref": 9, "value": 18, "sources": ["949241ed-6b48-4dfe-a7d3-aad59ce53b73", "12b9cbb9-0ffa-4359-a028-0334092c0abd", "5f0fdd06-eb4d-4b7c-bce9-5b1ae9873c92", "86df892b-58e4-4da4-97e2-6d9447d1d6d4", "699f0b8f-415e-4f04-837d-b5fb55bdbe5f", "9ecede0f-254c-4489-9a11-45d37831262e", "77f89673-01fa-4cd0-a877-2c0a89386205", "bbcc6f87-2bed-4905-9580-368d882635d1", "7625b3f1-0434-44cf-8729-87b2d9b46d9a", "a2c6f7fd-c96b-4577-8694-0a0b402e2751", "f624dbd5-6cd5-4125-9447-a005193dbecc", "b9d5317b-ea55-4fbf-9b43-d5c5b8127b90", "1f6ae567-b76c-4a32-a03b-c6794028d5a0", "b6cf16e7-151c-4b9f-bd1f-6dd3ef055294", "a4dea920-2980-4ef1-a7ca-b9f4f6890289", "1c79ae45-5348-4f04-a7a2-7163cdaabe15", "6a860be0-0a84-42d9-993b-cff99ea0e65e", "db96c12f-7fe5-431c-a16e-6175da9209ad", "96d085c7-949f-46ea-8aa3-253fb90d1bce", "de046748-c26f-44dc-a2a7-11c5cca30f2e", "ca151f24-7105-4b4e-a7a7-41aba94fbca5", "d13c203d-33ed-425a-aba6-4f53ed199fc7", "7f1edbe1-3c12-45ac-bd31-f33c4a56824c", "8fad019c-2691-42bb-9d4b-91ef8edf4e52", "d18a7193-4e86-42aa-b0f2-22016770f64b", "5c2b0559-6cb7-4126-b952-55a9d266c912", "00159668-1fcc-4051-8412-752566ac89d3", "6f363afe-08cc-4d9a-822c-a4d87b092671", "fa45e9ab-3615-4fae-9570-5959fff717b0", "f1ca72fd-47ae-4439-bbbc-dd524c79785c", "b533adfe-ec48-4fc7-8491-d4e890188506", "ab54c841-be36-4dcc-b116-cacda60ecadf", "35ea21a5-cefc-4878-87e8-4cdb0cf2779e", "2970eb8f-97fa-4ba3-b6fe-daf6dfd775cc", "0c5944fd-4bec-4b95-9f23-426d1443c6ca"], "accesspoints": []}}, {"model": "membershiporganization.membershiporganizationorganization", "pk": 9, "fields": {"lang": null, "confidence": "1", "object_ref": 9, "value": 24, "sources": ["949241ed-6b48-4dfe-a7d3-aad59ce53b73", "12b9cbb9-0ffa-4359-a028-0334092c0abd", "5f0fdd06-eb4d-4b7c-bce9-5b1ae9873c92", "86df892b-58e4-4da4-97e2-6d9447d1d6d4", "699f0b8f-415e-4f04-837d-b5fb55bdbe5f", "9ecede0f-254c-4489-9a11-45d37831262e", "77f89673-01fa-4cd0-a877-2c0a89386205", "bbcc6f87-2bed-4905-9580-368d882635d1", "7625b3f1-0434-44cf-8729-87b2d9b46d9a", "a2c6f7fd-c96b-4577-8694-0a0b402e2751", "f624dbd5-6cd5-4125-9447-a005193dbecc", "b9d5317b-ea55-4fbf-9b43-d5c5b8127b90", "1f6ae567-b76c-4a32-a03b-c6794028d5a0", "b6cf16e7-151c-4b9f-bd1f-6dd3ef055294", "a4dea920-2980-4ef1-a7ca-b9f4f6890289", "1c79ae45-5348-4f04-a7a2-7163cdaabe15", "6a860be0-0a84-42d9-993b-cff99ea0e65e", "db96c12f-7fe5-431c-a16e-6175da9209ad", "96d085c7-949f-46ea-8aa3-253fb90d1bce", "de046748-c26f-44dc-a2a7-11c5cca30f2e", "ca151f24-7105-4b4e-a7a7-41aba94fbca5", "d13c203d-33ed-425a-aba6-4f53ed199fc7", "7f1edbe1-3c12-45ac-bd31-f33c4a56824c", "8fad019c-2691-42bb-9d4b-91ef8edf4e52", "d18a7193-4e86-42aa-b0f2-22016770f64b", "5c2b0559-6cb7-4126-b952-55a9d266c912", "00159668-1fcc-4051-8412-752566ac89d3", "6f363afe-08cc-4d9a-822c-a4d87b092671", "fa45e9ab-3615-4fae-9570-5959fff717b0", "f1ca72fd-47ae-4439-bbbc-dd524c79785c", "b533adfe-ec48-4fc7-8491-d4e890188506", "ab54c841-be36-4dcc-b116-cacda60ecadf", "35ea21a5-cefc-4878-87e8-4cdb0cf2779e", "2970eb8f-97fa-4ba3-b6fe-daf6dfd775cc", "0c5944fd-4bec-4b95-9f23-426d1443c6ca"], "accesspoints": []}}, {"model": "membershiporganization.membershiporganizationrealend", "pk": 5, "fields": {"lang": null, "confidence": "1", "object_ref": 9, "value": false, "sources": [], "accesspoints": []}}, {"model": "membershiporganization.membershiporganizationrealstart", "pk": 8, "fields": {"lang": null, "confidence": "1", "object_ref": 9, "value": false, "sources": [], "accesspoints": []}}, {"model": "membershiporganization.membershiporganizationmember", "pk": 12, "fields": {"lang": null, "confidence": "1", "object_ref": 12, "value": 18, "sources": ["6af9854c-8e2b-40c3-8edd-5dce92d93507", "a6cdf2d5-9e1c-434e-a9a3-a0d08e54595e", "f7328897-6927-490d-8665-60882aa97c93", "874e9bf1-e3fb-4b96-905b-48bbd1c8b05d", "c507ac0a-b2c6-44db-90a2-5e801f2c0762", "6fb38790-4fde-4478-aea0-0563f1ac678a", "043dfc11-fa5b-4381-8769-7763eef70a1d", "ccc307a8-867d-4252-b45a-12df77750160", "7275f498-191c-4d57-a1eb-5abd31557548", "8e93f9fe-9bb5-4143-86e5-c6950d62eedf", "f7bc1576-e77f-4d10-bf47-3b5e12f2e5da", "8be86f9c-a677-483c-bc72-1586428b0613", "2170f2ca-2a88-454e-8c12-86646d0579de", "81960da4-f8fd-40b8-9ff4-044bb0b18aef", "1fbf7073-00b9-4a26-aaac-f61b1fd38ccd", "6a288100-b0d0-4fa6-8d69-089e22d15c75"], "accesspoints": []}}, {"model": "membershiporganization.membershiporganizationorganization", "pk": 12, "fields": {"lang": null, "confidence": "1", "object_ref": 12, "value": 3, "sources": ["6af9854c-8e2b-40c3-8edd-5dce92d93507", "a6cdf2d5-9e1c-434e-a9a3-a0d08e54595e", "f7328897-6927-490d-8665-60882aa97c93", "874e9bf1-e3fb-4b96-905b-48bbd1c8b05d", "c507ac0a-b2c6-44db-90a2-5e801f2c0762", "6fb38790-4fde-4478-aea0-0563f1ac678a", "043dfc11-fa5b-4381-8769-7763eef70a1d", "ccc307a8-867d-4252-b45a-12df77750160", "7275f498-191c-4d57-a1eb-5abd31557548", "8e93f9fe-9bb5-4143-86e5-c6950d62eedf", "f7bc1576-e77f-4d10-bf47-3b5e12f2e5da", "8be86f9c-a677-483c-bc72-1586428b0613", "2170f2ca-2a88-454e-8c12-86646d0579de", "81960da4-f8fd-40b8-9ff4-044bb0b18aef", "1fbf7073-00b9-4a26-aaac-f61b1fd38ccd", "6a288100-b0d0-4fa6-8d69-089e22d15c75"], "accesspoints": []}}, {"model": "membershiporganization.membershiporganizationfirstciteddate", "pk": 106, "fields": {"lang": "en", "confidence": "1", "object_ref": 118, "value": "2016-01-00", "sources": ["d76f4d12-8c45-4724-9912-9f698b2929dc"], "accesspoints": []}}, {"model": "membershiporganization.membershiporganizationlastciteddate", "pk": 54, "fields": {"lang": "en", "confidence": "1", "object_ref": 118, "value": "2016-03-18", "sources": ["d76f4d12-8c45-4724-9912-9f698b2929dc"], "accesspoints": []}}, {"model": "membershiporganization.membershiporganizationmember", "pk": 118, "fields": {"lang": null, "confidence": "1", "object_ref": 118, "value": 147, "sources": ["d76f4d12-8c45-4724-9912-9f698b2929dc"], "accesspoints": []}}, {"model": "membershiporganization.membershiporganizationorganization", "pk": 118, "fields": {"lang": null, "confidence": "1", "object_ref": 118, "value": 15, "sources": ["d76f4d12-8c45-4724-9912-9f698b2929dc"], "accesspoints": []}}, {"model": "membershiporganization.membershiporganizationrealend", "pk": 54, "fields": {"lang": null, "confidence": "1", "object_ref": 118, "value": false, "sources": [], "accesspoints": []}}, {"model": "membershiporganization.membershiporganizationrealstart", "pk": 106, "fields": {"lang": null, "confidence": "1", "object_ref": 118, "value": false, "sources": [], "accesspoints": []}}, {"model": "source.source", "pk": "f7328897-6927-490d-8665-60882aa97c93", "fields": {"title": "Army denies killing Nasarawa students", "publication": "News Agency of Nigeria", "publication_country": "Nigeria", "published_on": "2013-02-28", "source_url": "http://m.news24.com/nigeria/National/News/Army-denies-killing-Nasarawa-students-20130228", "date_updated": "2018-10-19T18:56:39.721Z", "date_added": "2018-10-19T18:56:39.721Z", "user": 1}}, {"model": "organization.organization", "pk": 87, "fields": {"uuid": "fc3ff101-3368-4dba-9315-1c888c1ab955"}}, {"model": "source.source", "pk": "3e76e111-b3a7-4182-b1fa-2aaf7586649b", "fields": {"title": "Army Replaces Battalion in Sudan", "publication": "Leadership", "publication_country": "Nigeria", "published_on": "2011-11-27", "source_url": "http://allafrica.com/stories/201111270022.html", "date_updated": "2018-10-19T18:56:44.607Z", "date_added": "2018-10-19T18:56:44.607Z", "user": 1}}, {"model": "source.source", "pk": "23d8e3a4-9085-4bf0-9399-4f8ff24c0f79", "fields": {"title": "Army Deploys More Soldiers to Darfur", "publication": "Leadership", "publication_country": "Nigeria", "published_on": "2013-01-12", "source_url": "https://allafrica.com/stories/201301140462.html", "date_updated": "2018-10-19T18:57:17.267Z", "date_added": "2018-10-19T18:57:17.267Z", "user": 1}}, {"model": "source.source", "pk": "0ff1497d-d420-4f95-b26b-7367ff14d418", "fields": {"title": "Boko Haram ambushes soldiers in Kogi", "publication": "Punch", "publication_country": "Nigeria", "published_on": "2014-09-16", "source_url": "http://www.punchng.com/news/boko-haram-ambushes-soldiers-in-kogi/", "date_updated": "2018-10-19T18:56:46.454Z", "date_added": "2018-10-19T18:56:46.454Z", "user": 1}}, {"model": "source.source", "pk": "c6bd07e8-c890-4457-b98d-c817b4179c9c", "fields": {"title": "155 Soldiers Return From Peace-Keeping Mission in Sudan", "publication": "Vanguard", "publication_country": "Nigeria", "published_on": "2011-06-15", "source_url": "http://www.vanguardngr.com/2011/06/155-soldiers-return-from-peace-keeping-mission-in-sudan/", "date_updated": "2018-10-19T18:56:40.746Z", "date_added": "2018-10-19T18:56:40.746Z", "user": 1}}, {"model": "source.source", "pk": "24c9b110-11a1-446f-b197-8605d9d5a949", "fields": {"title": "FG Deploys Another 800 Soldiers to Darfur", "publication": "Daily Trust", "publication_country": "Nigeria", "published_on": "2013-10-13", "source_url": "http://www.dailytrust.com.ng/sunday/index.php/news/14657-fg-deploys-another-800-soldiers-to-darfur", "date_updated": "2018-10-19T18:56:52.040Z", "date_added": "2018-10-19T18:56:52.040Z", "user": 1}}, {"model": "source.source", "pk": "2ee42522-1ec0-4bae-9f31-239ca09d6d90", "fields": {"title": "Foreign Military Training and DoD Engagement Activities of Interest, 2010-2011, Section IV Country Training Activities - Africa, Volume II", "publication": "United States Department of State", "publication_country": "United States of America", "published_on": "2011-00-00", "source_url": "https://www.state.gov/documents/organization/177025.pdf", "date_updated": "2018-10-19T18:57:16.904Z", "date_added": "2018-10-19T18:57:16.904Z", "user": 1}}, {"model": "source.source", "pk": "523466c0-c84f-4952-9a88-31c130948e2d", "fields": {"title": "132 Graduate From Army Peacekeeping Centre", "publication": "This Day", "publication_country": "Nigeria", "published_on": "2009-08-03", "source_url": "http://allafrica.com/stories/200908030808.html", "date_updated": "2018-10-19T18:56:40.671Z", "date_added": "2018-10-19T18:56:40.671Z", "user": 1}}, {"model": "source.source", "pk": "b917cf37-9202-4c84-bfc6-517196ff9d04", "fields": {"title": "UN to Accredit Nigerian Army Peacekeeping Centre", "publication": "This Day", "publication_country": "Nigeria", "published_on": "2009-10-13", "source_url": "http://allafrica.com/stories/200910140246.html", "date_updated": "2018-10-19T18:57:09.818Z", "date_added": "2018-10-19T18:57:09.818Z", "user": 1}}, {"model": "source.source", "pk": "3946c185-68a6-4248-aa19-c9278cc0ed06", "fields": {"title": "Army is combat-ready for terrorists \u2013 COAS", "publication": "Vanguard", "publication_country": "Nigeria", "published_on": "2012-05-27", "source_url": "http://www.vanguardngr.com/2012/05/army-is-combat-ready-for-terrorists-coas/", "date_updated": "2018-10-19T18:56:44.240Z", "date_added": "2018-10-19T18:56:44.240Z", "user": 1}}, {"model": "source.source", "pk": "afedb166-268f-4615-847a-3a1fbac0c002", "fields": {"title": "Nigerian Army Generals Pocketed $43m Meant For Peacekeepers, Petition Says", "publication": "Sahara Reporters", "publication_country": "United States of America", "published_on": "2014-07-11", "source_url": "http://saharareporters.com/2014/07/11/nigerian-army-generals-pocketed-43m-meant-peacekeepers-petition-says", "date_updated": "2018-10-19T18:57:00.395Z", "date_added": "2018-10-19T18:57:00.395Z", "user": 1}}, {"model": "source.source", "pk": "6b0d15fc-dc72-4c4d-9298-40701ca87359", "fields": {"title": "Peacekeeping - Army to Send 800 Personnel to Dafur", "publication": "This Day", "publication_country": "Nigeria", "published_on": "2012-12-12", "source_url": "http://allafrica.com/stories/201212120291.html", "date_updated": "2018-10-19T18:57:02.196Z", "date_added": "2018-10-19T18:57:02.196Z", "user": 1}}, {"model": "source.source", "pk": "3ac8dda0-42b7-4435-9fda-156d1a883368", "fields": {"title": "680 Soldiers Head for Darfur", "publication": "This Day", "publication_country": "Nigeria", "published_on": "2007-10-09", "source_url": "http://allafrica.com/stories/200710090312.html", "date_updated": "2018-10-19T18:56:41.457Z", "date_added": "2018-10-19T18:56:41.457Z", "user": 1}}, {"model": "source.source", "pk": "ea39134b-0956-4b70-974c-639772de0ea7", "fields": {"title": "2009 Appropriations, Ministry of Defence", "publication": "Federal Government of Nigeria", "publication_country": "Nigeria", "published_on": "", "source_url": "http://budgetoffice.gov.ng/pdfs/pdf%202009/Min%20of%20defence.pdf", "date_updated": "2018-10-19T18:56:35.534Z", "date_added": "2018-10-19T18:56:35.534Z", "user": 1}}, {"model": "source.source", "pk": "0d86be1b-76ee-4358-8f29-5e5cc6a0c760", "fields": {"title": "Army begins rebuilding of Northeast villages", "publication": "The Nation", "publication_country": "Nigeria", "published_on": "2016-01-19", "source_url": "http://thenationonlineng.net/army-begins-rebuilding-of-northeast-villages/", "date_updated": "2018-10-19T18:56:43.441Z", "date_added": "2018-10-19T18:56:43.441Z", "user": 1}}, {"model": "source.source", "pk": "807f0e7a-49ae-44f1-9cae-8ced131e863e", "fields": {"title": "Another Batch of Nigerian Soldiers On Darfur Peacekeeping Return", "publication": "Daily Trust", "publication_country": "Nigeria", "published_on": "2012-07-05", "source_url": "http://allafrica.com/stories/201207050246.html", "date_updated": "2018-10-19T18:56:42.794Z", "date_added": "2018-10-19T18:56:42.794Z", "user": 1}}, {"model": "source.source", "pk": "2e620027-244c-4562-8fd4-316399876418", "fields": {"title": "Army Sends More Troops to Darfur", "publication": "Daily Trust", "publication_country": "Nigeria", "published_on": "2007-10-15", "source_url": "http://allafrica.com/stories/200710151623.html", "date_updated": "2018-10-19T18:56:44.688Z", "date_added": "2018-10-19T18:56:44.688Z", "user": 1}}, {"model": "source.source", "pk": "8786a27c-8924-43a4-be68-13e6d13d0272", "fields": {"title": "Deployment of Nigerian Troops Is to Block Insurgents'", "publication": "Daily Trust", "publication_country": "Nigeria", "published_on": "2013-02-03", "source_url": "http://www.dailytrust.com.ng/sunday/index.php/news/8261-deployment-of-nigerian-troops-is-to-block-insurgents", "date_updated": "2018-10-19T18:56:49.744Z", "date_added": "2018-10-19T18:56:49.744Z", "user": 1}}, {"model": "source.source", "pk": "53bb3230-c444-4495-b9ba-af0c9dc2a6bb", "fields": {"title": "800 Peacekeeping Nigerian Soldiers Return From Dafur", "publication": "This Day", "publication_country": "Nigeria", "published_on": "2016-01-19", "source_url": "http://allafrica.com/stories/201601190282.html", "date_updated": "2018-10-19T18:56:41.613Z", "date_added": "2018-10-19T18:56:41.613Z", "user": 1}}, {"model": "organization.organization", "pk": 22, "fields": {"uuid": "da244e75-c690-4757-85cc-8f241898a035"}}, {"model": "source.source", "pk": "7625b3f1-0434-44cf-8729-87b2d9b46d9a", "fields": {"title": "Nigerian Army Injects New Life Into Counter-Insurgency Operations", "publication": "International Centre for Investigative Reporting", "publication_country": "Nigeria", "published_on": "2016-07-14", "source_url": "http://icirnigeria.org/17410-2/", "date_updated": "2018-10-19T18:57:00.410Z", "date_added": "2018-10-19T18:57:00.410Z", "user": 1}}, {"model": "organization.organization", "pk": 36, "fields": {"uuid": "a5c6022a-4ed8-46e6-8f0f-dac7169cc0b8"}}, {"model": "source.source", "pk": "949241ed-6b48-4dfe-a7d3-aad59ce53b73", "fields": {"title": "Army captures Alagarno, Boko Haram `spiritual power base\u2019", "publication": "Vanguard", "publication_country": "Nigeria", "published_on": "2016-03-30", "source_url": "http://www.vanguardngr.com/2016/03/army-captures-alagarno-boko-haram-spiritual-power-base/", "date_updated": "2018-10-19T18:56:43.498Z", "date_added": "2018-10-19T18:56:43.498Z", "user": 1}}, {"model": "source.source", "pk": "12b9cbb9-0ffa-4359-a028-0334092c0abd", "fields": {"title": "Air Force Jet Foils Ambush Against Ground Troops, Kills 15 Boko Haram Terrorists", "publication": "This Day", "publication_country": "Nigeria", "published_on": "2016-06-20", "source_url": "http://allafrica.com/stories/201606200610.html", "date_updated": "2018-10-19T18:56:42.258Z", "date_added": "2018-10-19T18:56:42.258Z", "user": 1}}, {"model": "source.source", "pk": "5f0fdd06-eb4d-4b7c-bce9-5b1ae9873c92", "fields": {"title": "Troops Kill Boko Haram Leader, 18 Others", "publication": "Daily Trust", "publication_country": "Nigeria", "published_on": "2016-06-05", "source_url": "http://allafrica.com/stories/201606050157.html", "date_updated": "2018-10-19T18:57:09.385Z", "date_added": "2018-10-19T18:57:09.385Z", "user": 1}}, {"model": "source.source", "pk": "86df892b-58e4-4da4-97e2-6d9447d1d6d4", "fields": {"title": "Army Rescues 20 More Persons, Clears Terrorists Enclaves in Borno", "publication": "Vanguard", "publication_country": "Nigeria", "published_on": "2015-11-07", "source_url": "http://www.vanguardngr.com/2015/11/posted-by-ali-inuwa-on-november-07-2015-army-rescues-20-more-abducted-persons-clears-terrorists-enclaves-in-borno/", "date_updated": "2018-10-19T18:56:44.631Z", "date_added": "2018-10-19T18:56:44.631Z", "user": 1}}, {"model": "source.source", "pk": "699f0b8f-415e-4f04-837d-b5fb55bdbe5f", "fields": {"title": "Boko Haram: troops liberate 455 hostages in Kala-Balge , Borno", "publication": "Daily Trust", "publication_country": "Nigeria", "published_on": "2017-03-14", "source_url": "https://dailytrust.com.ng/news/general/boko-haram-troops-liberate-455-hostages-in-kala-balge--borno/189137.html", "date_updated": "2018-10-19T18:56:46.996Z", "date_added": "2018-10-19T18:56:46.996Z", "user": 1}}, {"model": "source.source", "pk": "9ecede0f-254c-4489-9a11-45d37831262e", "fields": {"title": "Two Soldiers Dead, Scores of Boko Haram Terrorists Killed in Ambush", "publication": "This Day", "publication_country": "Nigeria", "published_on": "2017-08-08", "source_url": "https://www.thisdaylive.com/index.php/2017/08/08/two-soldiers-dead-scores-of-boko-haram-terrorists-killed-in-ambush/", "date_updated": "2018-10-19T18:57:09.621Z", "date_added": "2018-10-19T18:57:09.621Z", "user": 1}}, {"model": "source.source", "pk": "77f89673-01fa-4cd0-a877-2c0a89386205", "fields": {"title": "Troops kill 11 Boko Haram terrorists, lose soldiers", "publication": "Vanguard", "publication_country": "Nigeria", "published_on": "2016-06-03", "source_url": "http://www.vanguardngr.com/2016/06/troops-kill-11-boko-haram-terrorists-lose-soldiers/", "date_updated": "2018-10-19T18:57:09.363Z", "date_added": "2018-10-19T18:57:09.363Z", "user": 1}}, {"model": "source.source", "pk": "bbcc6f87-2bed-4905-9580-368d882635d1", "fields": {"title": "Soldiers rescue 180 hostages, kill 5 terrorists", "publication": "Vanguard", "publication_country": "Nigeria", "published_on": "2016-03-24", "source_url": "http://www.vanguardngr.com/2016/03/boko-haram-soldiers-rescue-180-hostages-kill-5-terrorists/", "date_updated": "2018-10-19T18:57:07.346Z", "date_added": "2018-10-19T18:57:07.346Z", "user": 1}}, {"model": "source.source", "pk": "a2c6f7fd-c96b-4577-8694-0a0b402e2751", "fields": {"title": "3 soldiers, 2 civilian JTF members killed by Boko Haram in shootout in Borno", "publication": "Vanguard", "publication_country": "Nigeria", "published_on": "2018-03-19", "source_url": "https://www.vanguardngr.com/2018/04/976883/", "date_updated": "2018-10-19T18:57:17.303Z", "date_added": "2018-10-19T18:57:17.303Z", "user": 1}}, {"model": "source.source", "pk": "f624dbd5-6cd5-4125-9447-a005193dbecc", "fields": {"title": "Two Suicide Bombers Intercepted in Maiduguri", "publication": "This Day", "publication_country": "Nigeria", "published_on": "2016-02-03", "source_url": "http://allafrica.com/stories/201602031046.html", "date_updated": "2018-10-19T18:57:09.668Z", "date_added": "2018-10-19T18:57:09.668Z", "user": 1}}, {"model": "source.source", "pk": "b9d5317b-ea55-4fbf-9b43-d5c5b8127b90", "fields": {"title": "Troops capture Boko Haram commander, kill four", "publication": "The Nation", "publication_country": "Nigeria", "published_on": "2017-11-29", "source_url": "http://thenationonlineng.net/troops-capture-boko-haram-commander-kill-four/", "date_updated": "2018-10-19T18:57:18.281Z", "date_added": "2018-10-19T18:57:18.281Z", "user": 1}}, {"model": "source.source", "pk": "1f6ae567-b76c-4a32-a03b-c6794028d5a0", "fields": {"title": "Army to Boko Haram: Surrender arms, embrace FG amnesty offer", "publication": "Vanguard", "publication_country": "Nigeria", "published_on": "2018-03-29", "source_url": "https://www.vanguardngr.com/2018/03/army-boko-haram-surrender-arms-embrace-fg-amnesty-offer/", "date_updated": "2018-10-19T18:57:19.121Z", "date_added": "2018-10-19T18:57:19.121Z", "user": 1}}, {"model": "source.source", "pk": "b6cf16e7-151c-4b9f-bd1f-6dd3ef055294", "fields": {"title": "Soldiers celebrate Christmas in Gwoza, Buni Yadi", "publication": "Vanguard", "publication_country": "Nigeria", "published_on": "2017-12-26", "source_url": "https://www.vanguardngr.com/2017/12/soldiers-celebrate-christmas-gwoza-buni-yadi/", "date_updated": "2018-10-19T18:57:18.324Z", "date_added": "2018-10-19T18:57:18.324Z", "user": 1}}, {"model": "source.source", "pk": "a4dea920-2980-4ef1-a7ca-b9f4f6890289", "fields": {"title": "\u200bNigerian \u200bArmy rescues 20 more abducted persons", "publication": "Premium Times", "publication_country": "Nigeria", "published_on": "2015-11-07", "source_url": "http://www.premiumtimesng.com/news/more-news/192798-%E2%80%8Bnigerian-%E2%80%8Barmy-rescues-20-more-abducted-persons.html", "date_updated": "2018-10-19T18:57:00.434Z", "date_added": "2018-10-19T18:57:00.434Z", "user": 1}}, {"model": "source.source", "pk": "1c79ae45-5348-4f04-a7a2-7163cdaabe15", "fields": {"title": "Update on Operation Lafiya Dole: Troops Carry out Several Clearence Patrols", "publication": "Nigerian Army", "publication_country": "Nigeria", "published_on": "2016-06-26", "source_url": "http://www.army.mil.ng/update-on-operation-lafiya-dole-troops-carry-out-several-clearance-patrols/", "date_updated": "2018-10-19T18:57:09.974Z", "date_added": "2018-10-19T18:57:09.974Z", "user": 1}}, {"model": "source.source", "pk": "6a860be0-0a84-42d9-993b-cff99ea0e65e", "fields": {"title": "Army kill Boko Haram leader, rescue nine children", "publication": "The Guardian", "publication_country": "Nigeria", "published_on": "2017-06-13", "source_url": "https://guardian.ng/news/army-kill-boko-haram-leader-rescue-nine-children/", "date_updated": "2018-10-19T18:56:44.265Z", "date_added": "2018-10-19T18:56:44.265Z", "user": 1}}, {"model": "source.source", "pk": "db96c12f-7fe5-431c-a16e-6175da9209ad", "fields": {"title": "Military Repel Attack On Gwoza, Kill Seven Terrorists", "publication": "The Guardian", "publication_country": "Nigeria", "published_on": "2015-11-14", "source_url": "http://guardian.ng/lead-story/military-repel-attack-on-gwoza-kill-seven-terrorists/", "date_updated": "2018-10-19T18:56:59.160Z", "date_added": "2018-10-19T18:56:59.160Z", "user": 1}}, {"model": "source.source", "pk": "96d085c7-949f-46ea-8aa3-253fb90d1bce", "fields": {"title": "Troops massacre Boko Haram terrorists Borno ambush, raid", "publication": "Vanguard", "publication_country": "Nigeria", "published_on": "2017-09-12", "source_url": "https://www.vanguardngr.com/2017/09/troops-massacre-boko-haram-terrorists-borno-ambush-raid/", "date_updated": "2018-10-19T18:57:09.413Z", "date_added": "2018-10-19T18:57:09.413Z", "user": 1}}, {"model": "source.source", "pk": "de046748-c26f-44dc-a2a7-11c5cca30f2e", "fields": {"title": "Nigerian Military Covers Up Killing Of Soldiers By Boko Haram", "publication": "International Centre for Investigative Reporting", "publication_country": "Nigeria", "published_on": "2016-02-08", "source_url": "https://www.icirnigeria.org/nigerian-military-covers-up-killing-of-soldiers-by-boko-haram/", "date_updated": "2018-10-19T18:57:00.507Z", "date_added": "2018-10-19T18:57:00.507Z", "user": 1}}, {"model": "source.source", "pk": "ca151f24-7105-4b4e-a7a7-41aba94fbca5", "fields": {"title": "Boko Haram terrorists now hide in foxholes \u2013 Army spokesman", "publication": "Premium Times", "publication_country": "Nigeria", "published_on": "2016-05-02", "source_url": "http://www.premiumtimesng.com/news/more-news/202774-boko-haram-terrorists-now-hide-foxholes-army-spokesman.html", "date_updated": "2018-10-19T18:56:46.864Z", "date_added": "2018-10-19T18:56:46.864Z", "user": 1}}, {"model": "source.source", "pk": "d13c203d-33ed-425a-aba6-4f53ed199fc7", "fields": {"title": "Commander Seeks Collaboration With Traditional Rulers On Insurgency", "publication": "Daily Trust", "publication_country": "Nigeria", "published_on": "2015-09-18", "source_url": "http://allafrica.com/stories/201509180109.html", "date_updated": "2018-10-19T18:56:48.220Z", "date_added": "2018-10-19T18:56:48.220Z", "user": 1}}, {"model": "source.source", "pk": "7f1edbe1-3c12-45ac-bd31-f33c4a56824c", "fields": {"title": "Troops kill 4, arrest 9 militiamen in Bauchi State", "publication": "Vanguard", "publication_country": "Nigeria", "published_on": "2018-03-19", "source_url": "https://www.vanguardngr.com/2018/03/troops-kill-4-arrest-9-militiamen-bauchi-state-2/", "date_updated": "2018-10-19T18:57:17.296Z", "date_added": "2018-10-19T18:57:17.296Z", "user": 1}}, {"model": "source.source", "pk": "8fad019c-2691-42bb-9d4b-91ef8edf4e52", "fields": {"title": "Army killed three Boko Haram insurgents in Borno", "publication": "The Nation", "publication_country": "Nigeria", "published_on": "2017-10-27", "source_url": "http://thenationonlineng.net/army-killed-three-boko-haram-insurgents-in-borno/", "date_updated": "2018-10-19T18:57:19.145Z", "date_added": "2018-10-19T18:57:19.146Z", "user": 1}}, {"model": "source.source", "pk": "d18a7193-4e86-42aa-b0f2-22016770f64b", "fields": {"title": "Army rescues 58 women used as sex slaves by Boko Haram", "publication": "Vanguard", "publication_country": "Nigeria", "published_on": "2018-06-04", "source_url": "https://www.vanguardngr.com/2018/06/army-rescues-58-women-used-sex-slaves-boko-haram/", "date_updated": "2018-10-19T18:57:17.940Z", "date_added": "2018-10-19T18:57:17.940Z", "user": 1}}, {"model": "source.source", "pk": "5c2b0559-6cb7-4126-b952-55a9d266c912", "fields": {"title": "Troops Discover Another Boko Haram Bomb Factory, Foil Attack On Military Installations", "publication": "This Day", "publication_country": "Nigeria", "published_on": "2016-05-02", "source_url": "http://allafrica.com/stories/201605021183.html", "date_updated": "2018-10-19T18:57:09.298Z", "date_added": "2018-10-19T18:57:09.298Z", "user": 1}}, {"model": "source.source", "pk": "00159668-1fcc-4051-8412-752566ac89d3", "fields": {"title": "Troops Kill 4 Boko Haram members in Borno", "publication": "The Nation", "publication_country": "Nigeria", "published_on": "2017-10-05", "source_url": "http://thenationonlineng.net/troops-kill-boko-haram-members-borno/", "date_updated": "2018-10-19T18:57:18.288Z", "date_added": "2018-10-19T18:57:18.288Z", "user": 1}}, {"model": "source.source", "pk": "6f363afe-08cc-4d9a-822c-a4d87b092671", "fields": {"title": "Stars on their shoulders. Blood on their hands. War crimes committed by the Nigerian military", "publication": "Amnesty International", "publication_country": "United Kingdom", "published_on": "2015-06-02", "source_url": "https://www.amnesty.org/en/documents/afr44/1657/2015/en/", "date_updated": "2018-10-19T18:57:17.141Z", "date_added": "2018-10-19T18:57:17.142Z", "user": 1}}, {"model": "source.source", "pk": "fa45e9ab-3615-4fae-9570-5959fff717b0", "fields": {"title": "Army Discovers Boko Haram Graves, Grenade In Borno", "publication": "Channels Television", "publication_country": "Nigeria", "published_on": "2017-01-16", "source_url": "https://www.channelstv.com/2017/01/16/army-discovers-boko-haram-graves-grenade-in-borno/", "date_updated": "2018-10-19T18:56:43.941Z", "date_added": "2018-10-19T18:56:43.941Z", "user": 1}}, {"model": "source.source", "pk": "f1ca72fd-47ae-4439-bbbc-dd524c79785c", "fields": {"title": "Troops kill more Boko Haram terrorists in ambush operation near sambisa", "publication": "The Guardian", "publication_country": "Nigeria", "published_on": "2016-02-18", "source_url": "http://www.ngrguardiannews.com/2016/02/troops-kill-more-boko-haram-terrorists-in-ambush-operation-near-sambisa/", "date_updated": "2018-10-19T18:57:09.399Z", "date_added": "2018-10-19T18:57:09.399Z", "user": 1}}, {"model": "source.source", "pk": "b533adfe-ec48-4fc7-8491-d4e890188506", "fields": {"title": "Troops Arrest Three Boko Haram Commanders, Kill 22 Others", "publication": "The Guardian", "publication_country": "Nigeria", "published_on": "2016-04-13", "source_url": "http://guardian.ng/news/troops-arrest-three-boko-haram-commanders-kill-22-others/", "date_updated": "2018-10-19T18:57:09.203Z", "date_added": "2018-10-19T18:57:09.203Z", "user": 1}}, {"model": "source.source", "pk": "ab54c841-be36-4dcc-b116-cacda60ecadf", "fields": {"title": "Troops Carry Out Clearance Operations In Borno", "publication": "Channels Television", "publication_country": "Nigeria", "published_on": "2017-03-09", "source_url": "https://www.channelstv.com/2017/03/09/troops-carry-out-clearance-operations-in-borno/", "date_updated": "2018-10-19T18:57:09.249Z", "date_added": "2018-10-19T18:57:09.249Z", "user": 1}}, {"model": "source.source", "pk": "35ea21a5-cefc-4878-87e8-4cdb0cf2779e", "fields": {"title": "Troops nab 3 Boko Haram terrorists in Borno", "publication": "Vanguard", "publication_country": "Nigeria", "published_on": "2018-03-29", "source_url": "https://www.vanguardngr.com/2018/03/troops-nab-3-boko-haram-terrorists-borno/", "date_updated": "2018-10-19T18:57:17.933Z", "date_added": "2018-10-19T18:57:17.933Z", "user": 1}}, {"model": "source.source", "pk": "2970eb8f-97fa-4ba3-b6fe-daf6dfd775cc", "fields": {"title": "Buratai decorates 65 gallant troops with medals", "publication": "The Nation", "publication_country": "Nigeria", "published_on": "2017-08-10", "source_url": "http://thenationonlineng.net/buratai-decorates-65-gallant-troops-with-medals/", "date_updated": "2018-10-19T18:56:47.420Z", "date_added": "2018-10-19T18:56:47.420Z", "user": 1}}, {"model": "source.source", "pk": "0c5944fd-4bec-4b95-9f23-426d1443c6ca", "fields": {"title": "Nigerian Army rotates overstayed troops in North-east", "publication": "Premium Times", "publication_country": "Nigeria", "published_on": "2017-08-10", "source_url": "https://www.premiumtimesng.com/regional/nnorth-east/239895-nigerian-army-rotates-overstayed-troops-north-east.html", "date_updated": "2018-10-19T18:57:00.444Z", "date_added": "2018-10-19T18:57:00.444Z", "user": 1}}, {"model": "organization.organization", "pk": 24, "fields": {"uuid": "19a2b4ce-e2ee-4948-9c7a-5a335713235b"}}, {"model": "source.source", "pk": "c55a80cb-6978-4abc-9602-0a57f6a88d67", "fields": {"title": "Sokoto Goc to Soldiers: Marry Foreign Wives And Be Sacked", "publication": "This Day", "publication_country": "Nigeria", "published_on": "2002-02-17", "source_url": "http://allafrica.com/stories/200202170023.html", "date_updated": "2018-10-19T18:57:06.987Z", "date_added": "2018-10-19T18:57:06.987Z", "user": 1}}, {"model": "organization.organization", "pk": 135, "fields": {"uuid": "1b659ed4-d4e0-41bc-985d-80480d8f10d2"}}, {"model": "source.source", "pk": "09114e09-224f-4615-aeaa-0edb8efecbe9", "fields": {"title": "Sierra-Leone: 'Troops 'Ll Not Be Replaced'", "publication": "This Day", "publication_country": "Nigeria", "published_on": "2004-12-16", "source_url": "http://allafrica.com/stories/200412160303.html", "date_updated": "2018-10-19T18:57:06.873Z", "date_added": "2018-10-19T18:57:06.873Z", "user": 1}}, {"model": "source.source", "pk": "4600bd9e-961a-4261-93ef-abd67c71cdfd", "fields": {"title": "Army Pledges Continued Defence of Democracy", "publication": "This Day", "publication_country": "Nigeria", "published_on": "2003-03-03", "source_url": "http://allafrica.com/stories/200303030306.html", "date_updated": "2018-10-19T18:56:44.415Z", "date_added": "2018-10-19T18:56:44.415Z", "user": 1}}, {"model": "organization.organization", "pk": 113, "fields": {"uuid": "53799af1-ddd7-4572-9e87-3dc63d964d16"}}, {"model": "organization.organization", "pk": 75, "fields": {"uuid": "4a052255-7eac-4953-ac6f-f77847ae45d9"}}, {"model": "organization.organization", "pk": 102, "fields": {"uuid": "b43f7a39-ed4c-46cd-928e-d56d71f80c03"}}, {"model": "organization.organization", "pk": 139, "fields": {"uuid": "1eab97c6-1ba4-439e-a90a-10e08ea11324"}}, {"model": "organization.organization", "pk": 12, "fields": {"uuid": "9c2f8a3b-9f7d-40eb-80c6-209dbbd7e054"}}, {"model": "source.source", "pk": "878fc1a1-9b2d-4b5a-80bf-2f488270ca82", "fields": {"title": "Troops stop 3 female suicide attackers", "publication": "Daily Trust", "publication_country": "Nigeria", "published_on": "2017-07-24", "source_url": "https://www.dailytrust.com.ng/news/general/troops-stop-3-female-suicide-attackers/206772.html", "date_updated": "2018-10-19T18:57:09.462Z", "date_added": "2018-10-19T18:57:09.462Z", "user": 1}}, {"model": "organization.organization", "pk": 18, "fields": {"uuid": "134a103c-bbaf-4bb2-88ef-9e35baa92c87"}}, {"model": "source.source", "pk": "6a288100-b0d0-4fa6-8d69-089e22d15c75", "fields": {"title": "Nigeria sends 700 soldiers to maintain peace in Liberia", "publication": "Vanguard", "publication_country": "Nigeria", "published_on": "2014-03-20", "source_url": "http://www.vanguardngr.com/2014/03/nigeria-sends-700-soldiers-maintain-peace-liberia/", "date_updated": "2018-10-19T18:57:00.170Z", "date_added": "2018-10-19T18:57:00.170Z", "user": 1}}, {"model": "source.source", "pk": "1fbf7073-00b9-4a26-aaac-f61b1fd38ccd", "fields": {"title": "Soldiers Reprimanded for Role in Liberia", "publication": "This Day", "publication_country": "Nigeria", "published_on": "2007-09-01", "source_url": "http://allafrica.com/stories/200709030381.html", "date_updated": "2018-10-19T18:57:07.331Z", "date_added": "2018-10-19T18:57:07.331Z", "user": 1}}, {"model": "source.source", "pk": "81960da4-f8fd-40b8-9ff4-044bb0b18aef", "fields": {"title": "Troops Rotate in Liberia", "publication": "Daily Independent", "publication_country": "Nigeria", "published_on": "2009-03-16", "source_url": "http://allafrica.com/stories/200903161027.html", "date_updated": "2018-10-19T18:57:09.455Z", "date_added": "2018-10-19T18:57:09.455Z", "user": 1}}, {"model": "source.source", "pk": "2170f2ca-2a88-454e-8c12-86646d0579de", "fields": {"title": "Condemned 12 Soldiers - When Plea for Mercy Challenges Military Law", "publication": "Vanguard", "publication_country": "Nigeria", "published_on": "2014-10-08", "source_url": "http://www.vanguardngr.com/2014/10/condemned-12-soldiers-plea-mercy-challenges-military-law/", "date_updated": "2018-10-19T18:56:48.405Z", "date_added": "2018-10-19T18:56:48.405Z", "user": 1}}, {"model": "source.source", "pk": "8be86f9c-a677-483c-bc72-1586428b0613", "fields": {"title": "I Was Ordered to Pay N120 Million to Peacekeepers, Says Soldier", "publication": "Vanguard", "publication_country": "Nigeria", "published_on": "2008-10-29", "source_url": "http://allafrica.com/stories/200810290379.html", "date_updated": "2018-10-19T18:56:54.743Z", "date_added": "2018-10-19T18:56:54.743Z", "user": 1}}, {"model": "source.source", "pk": "f7bc1576-e77f-4d10-bf47-3b5e12f2e5da", "fields": {"title": "COAS Commissions Project At Enugu 103 Battalion", "publication": "Daily Trust", "publication_country": "Nigeria", "published_on": "2012-08-26", "source_url": "http://allafrica.com/stories/201208270730.html", "date_updated": "2018-10-19T18:56:48.144Z", "date_added": "2018-10-19T18:56:48.144Z", "user": 1}}, {"model": "source.source", "pk": "8e93f9fe-9bb5-4143-86e5-c6950d62eedf", "fields": {"title": "700 Soldiers Leave for Liberia", "publication": "Daily Trust", "publication_country": "Nigeria", "published_on": "2013-03-11", "source_url": "http://allafrica.com/stories/201303110659.html", "date_updated": "2018-10-19T18:56:41.488Z", "date_added": "2018-10-19T18:56:41.488Z", "user": 1}}, {"model": "source.source", "pk": "7275f498-191c-4d57-a1eb-5abd31557548", "fields": {"title": "Nigerian Troops Leave for Peace Keeping in Liberia", "publication": "Daily Trust", "publication_country": "Nigeria", "published_on": "2014-03-21", "source_url": "http://allafrica.com/stories/201403210259.html", "date_updated": "2018-10-19T18:57:00.580Z", "date_added": "2018-10-19T18:57:00.580Z", "user": 1}}, {"model": "source.source", "pk": "ccc307a8-867d-4252-b45a-12df77750160", "fields": {"title": "Foreign Military Training and DoD Engagement Activities of Interest, 2011-2012", "publication": "United States Department of State", "publication_country": "United States of America", "published_on": "2012-00-00", "source_url": "http://www.state.gov/documents/organization/197643.pdf", "date_updated": "2018-10-19T18:56:57.191Z", "date_added": "2018-10-19T18:56:57.191Z", "user": 1}}, {"model": "source.source", "pk": "043dfc11-fa5b-4381-8769-7763eef70a1d", "fields": {"title": "Nigeria to deploy 700 soldiers for Peace Keeping Operations in Liberia- Army", "publication": "Premium Times", "publication_country": "Nigeria", "published_on": "2013-09-06", "source_url": "https://www.premiumtimesng.com/news/144259-nigerian-deploy-700-soldiers-peace-keeping-operations-liberia-army.html", "date_updated": "2018-10-19T18:57:00.177Z", "date_added": "2018-10-19T18:57:00.177Z", "user": 1}}, {"model": "source.source", "pk": "6fb38790-4fde-4478-aea0-0563f1ac678a", "fields": {"title": "Fight Back When You Come Under Any Form of Threat, Commandant Urges Soldiers", "publication": "Vanguard", "publication_country": "Nigeria", "published_on": "2013-06-12", "source_url": "http://www.vanguardngr.com/2013/06/fight-back-when-you-come-under-any-form-of-threat-commandant-urges-soldiers/", "date_updated": "2018-10-19T18:56:52.102Z", "date_added": "2018-10-19T18:56:52.102Z", "user": 1}}, {"model": "source.source", "pk": "c507ac0a-b2c6-44db-90a2-5e801f2c0762", "fields": {"title": "Army Warns Soldiers on Peace Keeping Against Misconduct", "publication": "Leadership", "publication_country": "Nigeria", "published_on": "2012-08-10", "source_url": "http://allafrica.com/stories/201208110254.html", "date_updated": "2018-10-19T18:56:44.804Z", "date_added": "2018-10-19T18:56:44.804Z", "user": 1}}, {"model": "source.source", "pk": "874e9bf1-e3fb-4b96-905b-48bbd1c8b05d", "fields": {"title": "Director of Administration", "publication": "Armed Forces Command and Staff College", "publication_country": "Nigeria", "published_on": "2015-07-06", "source_url": "http://www.nigerianafcsc.org/CV/directors/DOA%20.htm", "date_updated": "2018-10-19T18:56:36.523Z", "date_added": "2018-10-19T18:56:36.523Z", "user": 1}}, {"model": "source.source", "pk": "a6cdf2d5-9e1c-434e-a9a3-a0d08e54595e", "fields": {"title": "Army Pardons Akure 27 -Falana Lauds Decision", "publication": "This Day", "publication_country": "Nigeria", "published_on": "2010-12-03", "source_url": "http://allafrica.com/stories/201012070844.html", "date_updated": "2018-10-19T18:56:44.401Z", "date_added": "2018-10-19T18:56:44.401Z", "user": 1}}, {"model": "source.source", "pk": "6af9854c-8e2b-40c3-8edd-5dce92d93507", "fields": {"title": "GOC, Officials in Akure to Pay Striking Soldiers", "publication": "Vanguard", "publication_country": "Nigeria", "published_on": "2008-07-08", "source_url": "http://allafrica.com/stories/200807080218.html", "date_updated": "2018-10-19T18:56:53.039Z", "date_added": "2018-10-19T18:56:53.039Z", "user": 1}}, {"model": "organization.organization", "pk": 3, "fields": {"uuid": "2f965d63-7155-4d73-bdd5-5711fb73c946"}}, {"model": "source.source", "pk": "d76f4d12-8c45-4724-9912-9f698b2929dc", "fields": {"title": "35 bandits killed, 39 others arrested in North-East \u2013 Nigerian Army", "publication": "Premium Times", "publication_country": "Nigeria", "published_on": "2016-03-19", "source_url": "http://www.premiumtimesng.com/news/top-news/200415-35-bandits-killed-39-others-arrested-north-east-nigerian-army.html", "date_updated": "2018-10-19T18:56:41.218Z", "date_added": "2018-10-19T18:56:41.218Z", "user": 1}}, {"model": "organization.organization", "pk": 147, "fields": {"uuid": "b5f38ac3-a26c-4dd4-9550-6146c1fbc53d"}}, {"model": "organization.organization", "pk": 15, "fields": {"uuid": "955cea6a-ae87-4202-91ce-1fc20a33e7eb"}}, {"model": "auth.user", "pk": 1, "fields": {"password": "pbkdf2_sha256$36000$jrNZ2gA4YgVB$yqs1s+oJX+zELKGaz4w8+ielBpAmusmf4f4phRSidk4=", "last_login": null, "is_superuser": false, "username": "importer", "first_name": "", "last_name": "", "email": "importer@importer.com", "is_staff": false, "is_active": true, "date_joined": "2018-10-19T18:56:26.509Z", "groups": [], "user_permissions": []}}]