[{"model": "membershipperson.membershipperson", "pk": 1, "fields": {}}, {"model": "membershipperson.membershipperson", "pk": 2, "fields": {}}, {"model": "membershipperson.membershipperson", "pk": 3, "fields": {}}, {"model": "membershipperson.membershipperson", "pk": 4, "fields": {}}, {"model": "membershipperson.membershipperson", "pk": 5, "fields": {}}, {"model": "membershipperson.membershipperson", "pk": 6, "fields": {}}, {"model": "membershipperson.membershipperson", "pk": 7, "fields": {}}, {"model": "membershipperson.membershipperson", "pk": 8, "fields": {}}, {"model": "membershipperson.membershipperson", "pk": 9, "fields": {}}, {"model": "membershipperson.membershipperson", "pk": 10, "fields": {}}, {"model": "membershipperson.membershippersonfirstciteddate", "pk": 1, "fields": {"lang": "en", "confidence": "2", "object_ref": 1, "value": "2015-05-29", "sources": ["9e5630ac-2e58-4f27-88fa-b66f92260b08"], "accesspoints": ["8c3d6d9b-9dca-4cbd-be42-12dcfd2750e8"]}}, {"model": "membershipperson.membershippersonlastciteddate", "pk": 1, "fields": {"lang": "en", "confidence": "2", "object_ref": 1, "value": "2016-11-01", "sources": ["b1fe1ef2-bad6-4a68-bd35-52a202845256"], "accesspoints": ["1bde975e-f357-483e-b8c0-ca24d59ebb7c"]}}, {"model": "membershipperson.membershippersonmember", "pk": 1, "fields": {"lang": null, "confidence": "1", "object_ref": 1, "value": 1, "sources": ["83e7b5db-b8d0-4346-be07-47c78a501ff9"], "accesspoints": ["eb276c28-bd65-41bb-a382-a65b88aa4b5b"]}}, {"model": "membershipperson.membershippersonorganization", "pk": 1, "fields": {"lang": null, "confidence": "1", "object_ref": 1, "value": 130, "sources": ["da9bafd8-d9f1-4fc2-b921-b8839798ff3b"], "accesspoints": ["bdc59eaf-faab-4c8e-8dc3-dcfd90c5774d"]}}, {"model": "membershipperson.membershippersonrole", "pk": 1, "fields": {"lang": "en", "confidence": "2", "object_ref": 1, "value": 1, "sources": ["74e1a9e2-e8cb-415c-bf31-c65d9979bb92"], "accesspoints": ["c61d1939-7737-499e-bf64-a90fdde81e85"]}}, {"model": "membershipperson.membershippersontitle", "pk": 1, "fields": {"lang": "en", "confidence": "2", "object_ref": 1, "value": "President", "sources": ["f0fccbd1-7754-4d6c-867e-28c8854e4ecb"], "accesspoints": ["444da288-c891-4a24-8db2-06599c7bcc55"]}}, {"model": "membershipperson.membershippersonfirstciteddate", "pk": 2, "fields": {"lang": "en", "confidence": "2", "object_ref": 2, "value": "2015-05-29", "sources": ["12157e21-0e7c-4c3a-91d0-76f7037afa04", "27ac1b7c-c012-44a4-a7c7-0e3797b49774"], "accesspoints": ["df8329de-4223-463c-bf23-785614154c17", "796679b8-e453-4d12-9138-d147f4f49a5a"]}}, {"model": "membershipperson.membershippersonlastciteddate", "pk": 2, "fields": {"lang": "en", "confidence": "2", "object_ref": 2, "value": "2016-11-01", "sources": ["779d41d0-9276-47fc-9a21-8744f590e343", "c9f72969-a73b-41b2-887a-a2c0dae2e5b3"], "accesspoints": ["d714fde4-1110-469b-8b12-ea213f564727", "53925b36-4bf2-4d78-ac96-1256d6ae0bbd"]}}, {"model": "membershipperson.membershippersonmember", "pk": 2, "fields": {"lang": null, "confidence": "1", "object_ref": 2, "value": 1, "sources": ["1026d532-e84b-4b3a-aa15-118fb4a2cec0"], "accesspoints": ["5e76985a-aa32-44b2-a632-2f67fac9574e"]}}, {"model": "membershipperson.membershippersonorganization", "pk": 2, "fields": {"lang": null, "confidence": "1", "object_ref": 2, "value": 129, "sources": ["c29e33f5-7093-44cc-b9e4-2a470013ca08"], "accesspoints": ["279ddbde-1c19-442e-be2c-cd8c3823757f"]}}, {"model": "membershipperson.membershippersonrole", "pk": 2, "fields": {"lang": "en", "confidence": "2", "object_ref": 2, "value": 1, "sources": ["3850f9a8-3e28-49f7-b455-f7d491141f43"], "accesspoints": ["a7432ddb-e2fd-495e-bb2e-be40207eb3a7"]}}, {"model": "membershipperson.membershippersontitle", "pk": 2, "fields": {"lang": "en", "confidence": "2", "object_ref": 2, "value": "Chairman", "sources": ["f3536809-5721-4f86-874b-f46fbe10aacb"], "accesspoints": ["29b3eb40-8889-4b7a-ae62-aca1aac2e68f"]}}, {"model": "membershipperson.membershippersonendcontext", "pk": 1, "fields": {"lang": "en", "confidence": "2", "object_ref": 3, "value": 1, "sources": ["32b65841-327c-4386-9597-87fc18c9ecaf"], "accesspoints": ["7fcef0c9-152c-4158-aaa0-e9cccbb61df8"]}}, {"model": "membershipperson.membershippersonendcontext", "pk": 2, "fields": {"lang": "en", "confidence": "2", "object_ref": 3, "value": 2, "sources": ["81e62f3b-9839-4cc0-ab00-5291bdb9271c"], "accesspoints": ["fe6a96bf-0763-4adc-ac39-ef0e6b5dfd2b"]}}, {"model": "membershipperson.membershippersonfirstciteddate", "pk": 3, "fields": {"lang": "en", "confidence": "2", "object_ref": 3, "value": "2010-05-06", "sources": ["c797cd2d-585e-458c-89f3-609baad5f15c"], "accesspoints": ["c18f6ae6-85e0-44d7-a1ab-07693e7b51bb"]}}, {"model": "membershipperson.membershippersonfirstciteddate", "pk": 4, "fields": {"lang": "en", "confidence": "2", "object_ref": 3, "value": "2010-02-09", "sources": ["bfb04ce2-bc65-4803-815e-8add60fc6e9b"], "accesspoints": ["c9aaaad7-9047-43f5-8775-874cef1f1570"]}}, {"model": "membershipperson.membershippersonlastciteddate", "pk": 3, "fields": {"lang": "en", "confidence": "2", "object_ref": 3, "value": "2015-05-28", "sources": ["29145223-abe1-4396-a7be-529dc44c7b75"], "accesspoints": ["437f416d-43b0-4c47-98e5-5a119d6594fc"]}}, {"model": "membershipperson.membershippersonlastciteddate", "pk": 4, "fields": {"lang": "en", "confidence": "2", "object_ref": 3, "value": "2010-05-06", "sources": ["5565e71d-bb95-4ad4-b16b-fec3135167ee"], "accesspoints": ["dd26f8bf-6a7e-4694-a93b-5536d4d364c5"]}}, {"model": "membershipperson.membershippersonmember", "pk": 3, "fields": {"lang": null, "confidence": "2", "object_ref": 3, "value": 2, "sources": ["9779d90f-e36b-47f0-a56f-59da97807333"], "accesspoints": ["318f0d72-fd3a-46c7-8814-272a9b797f45"]}}, {"model": "membershipperson.membershippersonorganization", "pk": 3, "fields": {"lang": null, "confidence": "2", "object_ref": 3, "value": 130, "sources": ["81d2b897-cc4d-402f-98c4-3d52ab84fb10"], "accesspoints": ["3db7048a-0a2f-46db-a15b-613e4e5d11ee"]}}, {"model": "membershipperson.membershippersonrole", "pk": 3, "fields": {"lang": "en", "confidence": "2", "object_ref": 3, "value": 1, "sources": ["97ecf1b5-255d-41e0-bd5d-48a022938fe2"], "accesspoints": ["6eb433ff-cc10-456f-90d5-4c38764a72ab"]}}, {"model": "membershipperson.membershippersontitle", "pk": 3, "fields": {"lang": "en", "confidence": "2", "object_ref": 3, "value": "President", "sources": ["eefd9f53-6f7d-464a-9e4f-3b4d90a932a2"], "accesspoints": ["41db6c7d-7d73-43ee-81fa-9563e78143a3"]}}, {"model": "membershipperson.membershippersontitle", "pk": 4, "fields": {"lang": "en", "confidence": "2", "object_ref": 3, "value": "Acting President", "sources": ["e5b17cd9-94e2-45b2-816d-e3ec3906271c"], "accesspoints": ["c7ce09ea-1d65-4014-afff-f838adcdab36"]}}, {"model": "membershipperson.membershippersonendcontext", "pk": 3, "fields": {"lang": "en", "confidence": "2", "object_ref": 4, "value": 2, "sources": ["6e7455c0-eb36-4e24-8561-55f1d7c9fd08"], "accesspoints": ["7c134046-211b-4dc8-9a31-d4a7bc9680db"]}}, {"model": "membershipperson.membershippersonfirstciteddate", "pk": 5, "fields": {"lang": "en", "confidence": "2", "object_ref": 4, "value": "2010-05-06", "sources": ["13df4311-f4c6-4fc6-9c6f-c9d1341c2612", "48510617-c15d-4daa-90cf-821cb0859e6c"], "accesspoints": ["1d75846d-c069-4376-9c0a-2d11a0ef683f", "8bf265ad-e629-42ac-bc70-890705814a53"]}}, {"model": "membershipperson.membershippersonlastciteddate", "pk": 5, "fields": {"lang": "en", "confidence": "2", "object_ref": 4, "value": "2015-05-28", "sources": ["8e055322-0f4d-46ea-8b89-67e68ed25e00", "ea87bf9e-4188-47f7-880b-f77caa6b7d73"], "accesspoints": ["75627a28-c3ca-42d3-9a8a-56bc8450c11d", "5dceb725-f729-4ac0-993b-ba6c2613be06"]}}, {"model": "membershipperson.membershippersonmember", "pk": 4, "fields": {"lang": null, "confidence": "1", "object_ref": 4, "value": 2, "sources": ["c65c703c-b783-43d2-a1e4-89bd2de5c9e4"], "accesspoints": ["114b048e-1736-4836-8ea8-465bc9d53730"]}}, {"model": "membershipperson.membershippersonorganization", "pk": 4, "fields": {"lang": null, "confidence": "1", "object_ref": 4, "value": 129, "sources": ["654af76e-3282-41aa-93fd-69ead7804ea5"], "accesspoints": ["622f6b16-7a68-4248-b882-2298973399ba"]}}, {"model": "membershipperson.membershippersonrole", "pk": 4, "fields": {"lang": "en", "confidence": "2", "object_ref": 4, "value": 1, "sources": ["38bb12c3-aaa1-4176-a44c-82b1a8f73f44"], "accesspoints": ["ca403574-0087-4cf7-8b94-ac79269a2e30"]}}, {"model": "membershipperson.membershippersontitle", "pk": 5, "fields": {"lang": "en", "confidence": "2", "object_ref": 4, "value": "Chairman", "sources": ["27ac1b7c-c012-44a4-a7c7-0e3797b49774"], "accesspoints": ["796679b8-e453-4d12-9138-d147f4f49a5a"]}}, {"model": "membershipperson.membershippersonendcontext", "pk": 4, "fields": {"lang": "en", "confidence": "2", "object_ref": 5, "value": 3, "sources": ["f6eaf007-1deb-419e-97fe-8470c76c1b26"], "accesspoints": ["d18f692d-2064-41e0-9392-c12c886c8c5e"]}}, {"model": "membershipperson.membershippersonfirstciteddate", "pk": 6, "fields": {"lang": "en", "confidence": "2", "object_ref": 5, "value": "2007-05-29", "sources": ["9b14f711-65e7-46bc-ba21-0bf62071ee4b"], "accesspoints": ["ab2c411f-96f2-403f-8f5b-e82f8d4747cc"]}}, {"model": "membershipperson.membershippersonlastciteddate", "pk": 6, "fields": {"lang": "en", "confidence": "2", "object_ref": 5, "value": "2010-05-05", "sources": ["e2e65198-9809-4417-991b-ce1b91dfba99"], "accesspoints": ["919167c5-e76c-465a-a049-f31ef4204202"]}}, {"model": "membershipperson.membershippersonmember", "pk": 5, "fields": {"lang": null, "confidence": "1", "object_ref": 5, "value": 3, "sources": ["b9487219-3570-4ba4-8140-c09264f7c2e7"], "accesspoints": ["80bc143a-e182-47d6-bded-0476d7bf7333"]}}, {"model": "membershipperson.membershippersonorganization", "pk": 5, "fields": {"lang": null, "confidence": "1", "object_ref": 5, "value": 130, "sources": ["1472ddbd-1308-4c47-b792-6859ffd770d1"], "accesspoints": ["560573f9-a633-4c7c-aed9-7508e9caa997"]}}, {"model": "membershipperson.membershippersonrole", "pk": 5, "fields": {"lang": "en", "confidence": "2", "object_ref": 5, "value": 1, "sources": ["9852353d-762b-4f5e-a7ac-2e93c90a30fa"], "accesspoints": ["b00418f8-17c2-49d2-bae5-8e2179b3b808"]}}, {"model": "membershipperson.membershippersontitle", "pk": 6, "fields": {"lang": "en", "confidence": "2", "object_ref": 5, "value": "President", "sources": ["241e5c95-2afa-4d36-9587-5e8f7e5cc9cf"], "accesspoints": ["ef19ddd5-16d5-4863-878d-8ca3910f63e4"]}}, {"model": "membershipperson.membershippersonendcontext", "pk": 5, "fields": {"lang": "en", "confidence": "2", "object_ref": 6, "value": 3, "sources": ["e531dcf3-57ea-4120-bb28-5dc238f59db0"], "accesspoints": ["5a0036b7-2913-4fe2-891c-2b7773bd7aa5"]}}, {"model": "membershipperson.membershippersonfirstciteddate", "pk": 7, "fields": {"lang": "en", "confidence": "2", "object_ref": 6, "value": "2007-05-29", "sources": ["86abe253-61c9-4b52-8901-756998fd2c54", "bafdaafe-ef20-4028-ba7d-dbc3be0ca771"], "accesspoints": ["f8457ab7-fefa-46d5-b286-25dd544057da", "b5866887-aec1-41a5-8007-41eb5783f7fa"]}}, {"model": "membershipperson.membershippersonlastciteddate", "pk": 7, "fields": {"lang": "en", "confidence": "2", "object_ref": 6, "value": "2010-05-05", "sources": ["3f2e2464-6fab-4627-8eef-8ffd3b34d101", "b546b85e-9ccd-4d4f-818f-e0d970a79df3"], "accesspoints": ["3670862b-09c0-4d94-afe8-561df41e4308", "5d5ea096-84f1-4d87-bad1-be0f58112ad6"]}}, {"model": "membershipperson.membershippersonmember", "pk": 6, "fields": {"lang": null, "confidence": "1", "object_ref": 6, "value": 3, "sources": ["1c294b80-b286-4cc2-8e9e-ccefecd56938"], "accesspoints": ["a9d98b55-3798-4b94-9340-f0b725230a36"]}}, {"model": "membershipperson.membershippersonorganization", "pk": 6, "fields": {"lang": null, "confidence": "1", "object_ref": 6, "value": 129, "sources": ["065294aa-12b8-4597-8374-8249de166eaf"], "accesspoints": ["fd858d91-9ead-40d7-95d8-cbacdb823ae7"]}}, {"model": "membershipperson.membershippersonrole", "pk": 6, "fields": {"lang": "en", "confidence": "2", "object_ref": 6, "value": 1, "sources": ["33d562b2-ee91-49be-8626-f0c046365220"], "accesspoints": ["8bc63525-f351-454d-8cd5-1127e8cde1c3"]}}, {"model": "membershipperson.membershippersontitle", "pk": 7, "fields": {"lang": "en", "confidence": "2", "object_ref": 6, "value": "Chairman", "sources": ["4c69e4d1-2263-466a-85df-f4e88af341c9"], "accesspoints": ["f0dfcc07-dfad-4241-8b2c-8bc92e31d9f9"]}}, {"model": "membershipperson.membershippersonfirstciteddate", "pk": 8, "fields": {"lang": "en", "confidence": "2", "object_ref": 7, "value": "1999-05-29", "sources": ["ff11418f-4a98-4f7b-a215-9de52b972232"], "accesspoints": ["60ec1a42-1ed2-4e5c-a352-394716def8b6"]}}, {"model": "membershipperson.membershippersonlastciteddate", "pk": 8, "fields": {"lang": "en", "confidence": "2", "object_ref": 7, "value": "2007-05-29", "sources": ["b5d0d744-7415-49d3-92fd-62d93e8a5f91"], "accesspoints": ["3deeab7c-22b9-4d57-8864-bf93a92bc293"]}}, {"model": "membershipperson.membershippersonmember", "pk": 7, "fields": {"lang": null, "confidence": "1", "object_ref": 7, "value": 4, "sources": ["6e6ad98c-9e3e-437d-beb9-30c6f294cc0b"], "accesspoints": ["9792b2a7-dc3c-4a6f-a0ca-ab11d1450af6"]}}, {"model": "membershipperson.membershippersonorganization", "pk": 7, "fields": {"lang": null, "confidence": "1", "object_ref": 7, "value": 130, "sources": ["17a16434-936d-42b8-9fe3-6444e4803716"], "accesspoints": ["8c6d8af1-1596-4abd-b6e4-87c48b7bb2a5"]}}, {"model": "membershipperson.membershippersonrole", "pk": 7, "fields": {"lang": "en", "confidence": "2", "object_ref": 7, "value": 1, "sources": ["ba7c38b7-e80d-46aa-97a8-8c5761690433"], "accesspoints": ["076820cd-d732-44f3-b422-1d8816c5b3af"]}}, {"model": "membershipperson.membershippersontitle", "pk": 8, "fields": {"lang": "en", "confidence": "2", "object_ref": 7, "value": "President", "sources": ["9f2b20d3-fcac-4d67-9e97-f332cc04d6f7"], "accesspoints": ["3a04132c-9bdd-40dc-833f-58047c7cb776"]}}, {"model": "membershipperson.membershippersonfirstciteddate", "pk": 9, "fields": {"lang": "en", "confidence": "2", "object_ref": 8, "value": "1999-05-29", "sources": ["c322e9d8-4220-479a-9b26-e5d52f27c75f", "d5924b16-824e-4e9c-b410-3a7c554a7bca"], "accesspoints": ["9b52d872-83ed-4c25-99e6-5c995bd02326", "86425dc9-9646-422e-89be-14d696947877"]}}, {"model": "membershipperson.membershippersonlastciteddate", "pk": 9, "fields": {"lang": "en", "confidence": "2", "object_ref": 8, "value": "2007-05-29", "sources": ["a324a30b-c425-4d7a-80ea-c9e8e94b9a34", "ec9a4b3c-d4fa-4d15-82d7-f94aff156c90"], "accesspoints": ["49104269-5147-440b-9533-6a0362ba30cc", "86e97429-735c-4454-b3a2-278d5fe88923"]}}, {"model": "membershipperson.membershippersonmember", "pk": 8, "fields": {"lang": null, "confidence": "1", "object_ref": 8, "value": 4, "sources": ["06aac4c1-8ce8-40bf-baa0-13986b1b49ae"], "accesspoints": ["d4da09e8-0138-42fc-a8d1-facb6e5d7e5f"]}}, {"model": "membershipperson.membershippersonorganization", "pk": 8, "fields": {"lang": null, "confidence": "1", "object_ref": 8, "value": 129, "sources": ["6f78cda0-cdf5-4fc9-a7e5-62214b5b0968"], "accesspoints": ["0c5271ac-443c-4894-9f9f-4c42969e5911"]}}, {"model": "membershipperson.membershippersonrole", "pk": 8, "fields": {"lang": "en", "confidence": "2", "object_ref": 8, "value": 1, "sources": ["2f985efd-a3f6-4d22-b192-bb93f6a78fd6"], "accesspoints": ["2bb5c93e-f847-4197-a522-ed96400dde06"]}}, {"model": "membershipperson.membershippersontitle", "pk": 9, "fields": {"lang": "en", "confidence": "2", "object_ref": 8, "value": "Chairman", "sources": ["b90ce5cc-1854-43da-9430-8c22f8d54d6b"], "accesspoints": ["63f75cb9-557a-4b05-b18b-b4aa4e8ab22f"]}}, {"model": "membershipperson.membershippersonfirstciteddate", "pk": 10, "fields": {"lang": "en", "confidence": "2", "object_ref": 9, "value": "1998-06-08", "sources": ["a7a76686-1ca6-42df-9083-c7416ed4613a"], "accesspoints": ["db829e8e-b511-4250-8491-361f9af316f5"]}}, {"model": "membershipperson.membershippersonlastciteddate", "pk": 10, "fields": {"lang": "en", "confidence": "2", "object_ref": 9, "value": "1999-05-29", "sources": ["1a1966b1-0d57-4c3c-b855-2814f41e6047"], "accesspoints": ["db6d3f85-ed90-4dcc-9e95-6901d0b3ff49"]}}, {"model": "membershipperson.membershippersonmember", "pk": 9, "fields": {"lang": null, "confidence": "1", "object_ref": 9, "value": 5, "sources": ["3f3f0e74-0756-43bd-aee3-130365a872f8"], "accesspoints": ["c0c13208-b2f2-4426-9a36-46408be59fb1"]}}, {"model": "membershipperson.membershippersonorganization", "pk": 9, "fields": {"lang": null, "confidence": "1", "object_ref": 9, "value": 130, "sources": ["86bf0d81-a781-49fc-837b-565e493f3629"], "accesspoints": ["6b98cc1f-0988-4a09-b1ab-7a7ecd55ce00"]}}, {"model": "membershipperson.membershippersonrole", "pk": 9, "fields": {"lang": "en", "confidence": "2", "object_ref": 9, "value": 1, "sources": ["2d066d4d-f689-447a-ba3e-2fd9119a4157"], "accesspoints": ["52570176-2e34-44aa-bd06-00cdbdd62e97"]}}, {"model": "membershipperson.membershippersontitle", "pk": 10, "fields": {"lang": "en", "confidence": "2", "object_ref": 9, "value": "Military Head of State", "sources": ["b6f538d0-6cc7-49b6-a93e-12fdf2518f6f"], "accesspoints": ["8b9761f8-902c-4dd1-b5fb-5daa6608fb81"]}}, {"model": "membershipperson.membershippersonfirstciteddate", "pk": 11, "fields": {"lang": "en", "confidence": "2", "object_ref": 10, "value": "1998-06-08", "sources": ["4f3191f1-0f1b-4de7-978a-30a772612c70", "b5bff25c-a3b4-4234-b959-16b8b725c2f4"], "accesspoints": ["cafce4b3-af1e-42a8-8d66-3e02b5d72805", "e7fc208c-f247-4a7a-a721-70989cc7540d"]}}, {"model": "membershipperson.membershippersonlastciteddate", "pk": 11, "fields": {"lang": "en", "confidence": "2", "object_ref": 10, "value": "1999-05-29", "sources": ["0663eb7e-2089-4240-a47b-51ccde8a2e45", "6ce4989f-dfe0-418b-9d3f-62c2d31fcb92"], "accesspoints": ["5d6afcc9-72b3-40e1-a7da-3bb393dab04a", "0bebf255-f74a-4e45-99d2-aabb33dfd9c5"]}}, {"model": "membershipperson.membershippersonmember", "pk": 10, "fields": {"lang": null, "confidence": "1", "object_ref": 10, "value": 5, "sources": ["6a8bea66-f97f-4155-be86-1e73041610a1"], "accesspoints": ["b0f517c3-6ef3-4d36-94dd-76a0e9b6b0d6"]}}, {"model": "membershipperson.membershippersonorganization", "pk": 10, "fields": {"lang": null, "confidence": "1", "object_ref": 10, "value": 129, "sources": ["d6ff231e-f305-4543-bd4f-9a9093513f7f"], "accesspoints": ["06f301b0-3ef5-436e-bc6f-ef59fbf40ba4"]}}, {"model": "membershipperson.membershippersonrole", "pk": 10, "fields": {"lang": "en", "confidence": "2", "object_ref": 10, "value": 1, "sources": ["0663eb7e-2089-4240-a47b-51ccde8a2e45"], "accesspoints": ["5d6afcc9-72b3-40e1-a7da-3bb393dab04a"]}}, {"model": "membershipperson.membershippersontitle", "pk": 11, "fields": {"lang": "en", "confidence": "2", "object_ref": 10, "value": "Chairman", "sources": ["76b58373-c441-4a04-8880-bf2b784aa08d"], "accesspoints": ["97f94045-10aa-4adc-8945-f2d07c207e34"]}}, {"model": "source.source", "pk": "9e5630ac-2e58-4f27-88fa-b66f92260b08", "fields": {"title": "JTF Captures 3 Sea Pirates, Recovers Arms, Ammunition", "publication": "Vanguard", "publication_country": null, "published_on": "2013-11-08", "source_url": "http://www.vanguardngr.com/2013/11/jtf-captures-3-sea-pirates-recovers-arms-ammunition/", "date_updated": "2016-12-15T15:44:48.355Z", "date_added": "2016-12-15T15:44:48.355Z", "user": 1}}, {"model": "source.accesspoint", "pk": "8c3d6d9b-9dca-4cbd-be42-12dcfd2750e8", "fields": {"page_number": null, "accessed_on": null, "archive_url": null, "source": "9e5630ac-2e58-4f27-88fa-b66f92260b08", "user": 1}}, {"model": "source.source", "pk": "b1fe1ef2-bad6-4a68-bd35-52a202845256", "fields": {"title": "Military releases 275 suspected Boko Haram detainees. Vanguard (Nigeria). 13 February 2016. http://www.vanguardngr.com/2016/02/military-releases-275-suspected-boko-haram-detainees/ Internet Archive link: https://web.archive.org/web/20160215084235/http://www.vanguardngr.com/2016/02/military-releases-275-suspected-boko-haram-detainees/ ", "publication": null, "publication_country": null, "published_on": "1900-01-01", "source_url": null, "date_updated": "2016-12-15T15:55:27.534Z", "date_added": "2016-12-15T15:55:27.534Z", "user": 1}}, {"model": "source.accesspoint", "pk": "1bde975e-f357-483e-b8c0-ca24d59ebb7c", "fields": {"page_number": null, "accessed_on": null, "archive_url": null, "source": "b1fe1ef2-bad6-4a68-bd35-52a202845256", "user": 1}}, {"model": "person.person", "pk": 1, "fields": {"uuid": "44f919fb-ea11-4158-ad4e-881899fffc97"}}, {"model": "source.source", "pk": "83e7b5db-b8d0-4346-be07-47c78a501ff9", "fields": {"title": "\"OFFICE OF THE COMMANDANT\"", "publication": "Nigerian Army Peacekeeping Centre. http://www.napkc.org/commandant-page.php", "publication_country": null, "published_on": "2015-01-30", "source_url": "https://web.archive.org/web/20140627171018/http://napkc.org/commandant-page.php", "date_updated": "2016-12-15T15:39:39.847Z", "date_added": "2016-12-15T15:39:39.847Z", "user": 1}}, {"model": "source.accesspoint", "pk": "eb276c28-bd65-41bb-a382-a65b88aa4b5b", "fields": {"page_number": null, "accessed_on": null, "archive_url": null, "source": "83e7b5db-b8d0-4346-be07-47c78a501ff9", "user": 1}}, {"model": "organization.organization", "pk": 130, "fields": {"uuid": "95b34b37-fbe4-48b4-8612-d8a4bab229c5"}}, {"model": "source.source", "pk": "da9bafd8-d9f1-4fc2-b921-b8839798ff3b", "fields": {"title": "Police Redeploy 5 AIGs, 2 Commissioners", "publication": "Sahara Reporters.", "publication_country": null, "published_on": "2013-11-22", "source_url": "http://saharareporters.com/2013/11/22/police-redeploy-5-aigs-2-commissioners", "date_updated": "2016-12-15T15:51:29.260Z", "date_added": "2016-12-15T15:51:29.260Z", "user": 1}}, {"model": "source.accesspoint", "pk": "bdc59eaf-faab-4c8e-8dc3-dcfd90c5774d", "fields": {"page_number": null, "accessed_on": null, "archive_url": null, "source": "da9bafd8-d9f1-4fc2-b921-b8839798ff3b", "user": 1}}, {"model": "membershipperson.role", "pk": 1, "fields": {"value": "Commander"}}, {"model": "source.source", "pk": "74e1a9e2-e8cb-415c-bf31-c65d9979bb92", "fields": {"title": " Police Station Visitors\u2019 Week 2013: Nigeria Report 2013. CLEEN Foundation. 2014. Page 19. http://www.cleen.org/Police%20Station%20Visitors%20Week%202013%20Publication_Nigeria.pdf Internet Archive link: https://web.archive.org/web/20141012053210/http://cleen.org/Police%20Station%20Visitors%20Week%202013%20Publication_Nigeria.pdf ", "publication": null, "publication_country": null, "published_on": "1900-01-01", "source_url": null, "date_updated": "2016-12-15T15:44:13.354Z", "date_added": "2016-12-15T15:44:13.354Z", "user": 1}}, {"model": "source.accesspoint", "pk": "c61d1939-7737-499e-bf64-a90fdde81e85", "fields": {"page_number": null, "accessed_on": null, "archive_url": null, "source": "74e1a9e2-e8cb-415c-bf31-c65d9979bb92", "user": 1}}, {"model": "source.source", "pk": "f0fccbd1-7754-4d6c-867e-28c8854e4ecb", "fields": {"title": "Be Courageous in Fighting Terrorists, Kano Residents Urged", "publication": "This Day", "publication_country": null, "published_on": "2013-04-19", "source_url": "http://allafrica.com/stories/201304190139.html", "date_updated": "2016-12-15T15:42:44.865Z", "date_added": "2016-12-15T15:42:44.865Z", "user": 1}}, {"model": "source.accesspoint", "pk": "444da288-c891-4a24-8db2-06599c7bcc55", "fields": {"page_number": null, "accessed_on": null, "archive_url": null, "source": "f0fccbd1-7754-4d6c-867e-28c8854e4ecb", "user": 1}}, {"model": "source.source", "pk": "12157e21-0e7c-4c3a-91d0-76f7037afa04", "fields": {"title": "Idoko Assumes Duty As GOC, 82 Division", "publication": "Daily Trust", "publication_country": null, "published_on": "2011-09-05", "source_url": "http://allafrica.com/stories/201109051941.html", "date_updated": "2016-12-15T15:54:33.778Z", "date_added": "2016-12-15T15:54:33.778Z", "user": 1}}, {"model": "source.source", "pk": "27ac1b7c-c012-44a4-a7c7-0e3797b49774", "fields": {"title": "Army Arrests 10 Suspected Economic Saboteurs,", "publication": "Vanguard", "publication_country": null, "published_on": "2012-10-17", "source_url": "http://www.vanguardngr.com/2012/10/army-arrests10-suspected-economic-saboteurs/", "date_updated": "2016-12-15T15:43:08.972Z", "date_added": "2016-12-15T15:43:08.972Z", "user": 1}}, {"model": "source.accesspoint", "pk": "df8329de-4223-463c-bf23-785614154c17", "fields": {"page_number": null, "accessed_on": null, "archive_url": null, "source": "12157e21-0e7c-4c3a-91d0-76f7037afa04", "user": 1}}, {"model": "source.accesspoint", "pk": "796679b8-e453-4d12-9138-d147f4f49a5a", "fields": {"page_number": null, "accessed_on": null, "archive_url": null, "source": "27ac1b7c-c012-44a4-a7c7-0e3797b49774", "user": 1}}, {"model": "source.source", "pk": "779d41d0-9276-47fc-9a21-8744f590e343", "fields": {"title": "Policing Nigeria in the 21st Century. Edited by Solomon E. Arase and Iheanyi P.O. Iwuofor. \"Police Mobile Force: How Far, How Well?\" John B. Abang, CSP. Spectrum Books Limited. 2007. Page 345-346 ", "publication": null, "publication_country": null, "published_on": "1900-01-01", "source_url": null, "date_updated": "2016-12-15T15:45:44.486Z", "date_added": "2016-12-15T15:45:44.486Z", "user": 1}}, {"model": "source.source", "pk": "c9f72969-a73b-41b2-887a-a2c0dae2e5b3", "fields": {"title": "Inside story of DSS shoot-out in Abuja", "publication": "The", "publication_country": null, "published_on": "2016-12-11", "source_url": null, "date_updated": "2016-12-15T15:43:12.264Z", "date_added": "2016-12-15T15:43:12.264Z", "user": 1}}, {"model": "source.accesspoint", "pk": "d714fde4-1110-469b-8b12-ea213f564727", "fields": {"page_number": null, "accessed_on": null, "archive_url": null, "source": "779d41d0-9276-47fc-9a21-8744f590e343", "user": 1}}, {"model": "source.accesspoint", "pk": "53925b36-4bf2-4d78-ac96-1256d6ae0bbd", "fields": {"page_number": null, "accessed_on": null, "archive_url": null, "source": "c9f72969-a73b-41b2-887a-a2c0dae2e5b3", "user": 1}}, {"model": "source.source", "pk": "1026d532-e84b-4b3a-aa15-118fb4a2cec0", "fields": {"title": "Soldiers Gun Down Kidnap Suspect in Delta", "publication": "Vanguard", "publication_country": null, "published_on": "2013-01-09", "source_url": "http://www.vanguardngr.com/2013/01/soldiers-gun-down-kidnap-suspect-in-delta/", "date_updated": "2016-12-15T15:39:55.162Z", "date_added": "2016-12-15T15:39:55.162Z", "user": 1}}, {"model": "source.accesspoint", "pk": "5e76985a-aa32-44b2-a632-2f67fac9574e", "fields": {"page_number": null, "accessed_on": null, "archive_url": null, "source": "1026d532-e84b-4b3a-aa15-118fb4a2cec0", "user": 1}}, {"model": "organization.organization", "pk": 129, "fields": {"uuid": "f7d1a572-4825-43e0-ad71-d114b62992b2"}}, {"model": "source.source", "pk": "c29e33f5-7093-44cc-b9e4-2a470013ca08", "fields": {"title": "Again, JTF Nabs 22 Filipinos for Oil Bunkering", "publication": "This Day", "publication_country": null, "published_on": "2008-11-16", "source_url": "http://allafrica.com/stories/200811170981.html", "date_updated": "2016-12-15T15:45:01.519Z", "date_added": "2016-12-15T15:45:01.519Z", "user": 1}}, {"model": "source.accesspoint", "pk": "279ddbde-1c19-442e-be2c-cd8c3823757f", "fields": {"page_number": null, "accessed_on": null, "archive_url": null, "source": "c29e33f5-7093-44cc-b9e4-2a470013ca08", "user": 1}}, {"model": "source.source", "pk": "3850f9a8-3e28-49f7-b455-f7d491141f43", "fields": {"title": "Troops Kill Four Suspected Insurgents, Rescue 54 Persons", "publication": "Channels Television", "publication_country": null, "published_on": "2016-03-30", "source_url": "http://www.channelstv.com/2016/03/30/troops-kill-four-suspected-insurgents-rescue-54-persons/", "date_updated": "2016-12-15T15:40:43.123Z", "date_added": "2016-12-15T15:40:43.123Z", "user": 1}}, {"model": "source.accesspoint", "pk": "a7432ddb-e2fd-495e-bb2e-be40207eb3a7", "fields": {"page_number": null, "accessed_on": null, "archive_url": null, "source": "3850f9a8-3e28-49f7-b455-f7d491141f43", "user": 1}}, {"model": "source.source", "pk": "f3536809-5721-4f86-874b-f46fbe10aacb", "fields": {"title": "PSC Promotes Two to AIG, Punishes 16", "publication": "Daily Champion", "publication_country": null, "published_on": "2010-05-24", "source_url": "http://allafrica.com/stories/201005240777.html", "date_updated": "2016-12-15T15:51:28.378Z", "date_added": "2016-12-15T15:51:28.378Z", "user": 1}}, {"model": "source.accesspoint", "pk": "29b3eb40-8889-4b7a-ae62-aca1aac2e68f", "fields": {"page_number": null, "accessed_on": null, "archive_url": null, "source": "f3536809-5721-4f86-874b-f46fbe10aacb", "user": 1}}, {"model": "membershipperson.context", "pk": 1, "fields": {"value": "Defeated in Election"}}, {"model": "source.source", "pk": "32b65841-327c-4386-9597-87fc18c9ecaf", "fields": {"title": "Nigerian Military Court acquits Commander accused of failing to stop Boko Haram", "publication": "Premium Times", "publication_country": null, "published_on": "2015-05-21", "source_url": "http://www.premiumtimesng.com/news/headlines/183412-nigerian-military-court-acquits-commander-accused-of-failing-to-stop-boko-haram.html", "date_updated": "2016-12-15T15:55:10.047Z", "date_added": "2016-12-15T15:55:10.047Z", "user": 1}}, {"model": "source.accesspoint", "pk": "7fcef0c9-152c-4158-aaa0-e9cccbb61df8", "fields": {"page_number": null, "accessed_on": null, "archive_url": null, "source": "32b65841-327c-4386-9597-87fc18c9ecaf", "user": 1}}, {"model": "membershipperson.context", "pk": 2, "fields": {"value": "Became President"}}, {"model": "source.source", "pk": "81e62f3b-9839-4cc0-ab00-5291bdb9271c", "fields": {"title": "Dipo Dina Killed in Ogun", "publication": "Vanguard", "publication_country": null, "published_on": "2010-01-26", "source_url": "http://www.vanguardngr.com/2010/01/dipo-dina-killed-in-ogun/", "date_updated": "2016-12-15T15:45:27.773Z", "date_added": "2016-12-15T15:45:27.773Z", "user": 1}}, {"model": "source.accesspoint", "pk": "fe6a96bf-0763-4adc-ac39-ef0e6b5dfd2b", "fields": {"page_number": null, "accessed_on": null, "archive_url": null, "source": "81e62f3b-9839-4cc0-ab00-5291bdb9271c", "user": 1}}, {"model": "source.source", "pk": "c797cd2d-585e-458c-89f3-609baad5f15c", "fields": {"title": "\"Adamawa State\"", "publication": "Federal Republic of Nigeria. http://www.nigeria.gov.ng/index.php/2016-04-06-08-39-54/north-east/adamawa-state", "publication_country": null, "published_on": "2016-11-01", "source_url": "https://web.archive.org/web/20161011004816/http://nigeria.gov.ng/index.php/2016-04-06-08-39-54/north-east/adamawa-state", "date_updated": "2016-12-15T15:43:59.233Z", "date_added": "2016-12-15T15:43:59.233Z", "user": 1}}, {"model": "source.accesspoint", "pk": "c18f6ae6-85e0-44d7-a1ab-07693e7b51bb", "fields": {"page_number": null, "accessed_on": null, "archive_url": null, "source": "c797cd2d-585e-458c-89f3-609baad5f15c", "user": 1}}, {"model": "source.source", "pk": "bfb04ce2-bc65-4803-815e-8add60fc6e9b", "fields": {"title": " JTF Arrests 29 Oil Thieves, Destroys 127 Illegal Refineries. Leadership (Nigeria). 29 September 2013. http://allafrica.com/stories/201309300110.html Internet Archive link: https://web.archive.org/web/20161104194839/http://allafrica.com/stories/201309300110.html ", "publication": null, "publication_country": null, "published_on": "1900-01-01", "source_url": null, "date_updated": "2016-12-15T15:40:44.915Z", "date_added": "2016-12-15T15:40:44.915Z", "user": 1}}, {"model": "source.accesspoint", "pk": "c9aaaad7-9047-43f5-8775-874cef1f1570", "fields": {"page_number": null, "accessed_on": null, "archive_url": null, "source": "bfb04ce2-bc65-4803-815e-8add60fc6e9b", "user": 1}}, {"model": "source.source", "pk": "29145223-abe1-4396-a7be-529dc44c7b75", "fields": {"title": "Task Force Arrests 38 Militia Men in Plateau, Impounds Arms", "publication": "Vanguard", "publication_country": null, "published_on": "2006-04-29", "source_url": "http://allafrica.com/stories/200605010092.html", "date_updated": "2016-12-15T15:55:30.298Z", "date_added": "2016-12-15T15:55:30.298Z", "user": 1}}, {"model": "source.accesspoint", "pk": "437f416d-43b0-4c47-98e5-5a119d6594fc", "fields": {"page_number": null, "accessed_on": null, "archive_url": null, "source": "29145223-abe1-4396-a7be-529dc44c7b75", "user": 1}}, {"model": "source.source", "pk": "5565e71d-bb95-4ad4-b16b-fec3135167ee", "fields": {"title": "Military Intensifies Campaign Against Insurgents' Stronghold", "publication": "This Day", "publication_country": null, "published_on": "2013-05-18", "source_url": "http://allafrica.com/stories/201305200283.html", "date_updated": "2016-12-15T15:39:27.515Z", "date_added": "2016-12-15T15:39:27.515Z", "user": 1}}, {"model": "source.accesspoint", "pk": "dd26f8bf-6a7e-4694-a93b-5536d4d364c5", "fields": {"page_number": null, "accessed_on": null, "archive_url": null, "source": "5565e71d-bb95-4ad4-b16b-fec3135167ee", "user": 1}}, {"model": "person.person", "pk": 2, "fields": {"uuid": "de4956cd-dfd7-4ae1-91e1-ef8efce543e5"}}, {"model": "source.source", "pk": "9779d90f-e36b-47f0-a56f-59da97807333", "fields": {"title": "Soldiers Shoot At Walter Feghabo, Three Bayelsa Commissioners", "publication": "Vanguard", "publication_country": null, "published_on": "2004-06-18", "source_url": "http://allafrica.com/stories/200406180132.html", "date_updated": "2016-12-15T15:45:01.445Z", "date_added": "2016-12-15T15:45:01.445Z", "user": 1}}, {"model": "source.accesspoint", "pk": "318f0d72-fd3a-46c7-8814-272a9b797f45", "fields": {"page_number": null, "accessed_on": null, "archive_url": null, "source": "9779d90f-e36b-47f0-a56f-59da97807333", "user": 1}}, {"model": "source.source", "pk": "81d2b897-cc4d-402f-98c4-3d52ab84fb10", "fields": {"title": "Yobe Donates 63 Vehicles, Houses to Police", "publication": "Daily Trust", "publication_country": null, "published_on": "2009-01-11", "source_url": "http://allafrica.com/stories/200901120682.html", "date_updated": "2016-12-15T15:49:13.059Z", "date_added": "2016-12-15T15:49:13.059Z", "user": 1}}, {"model": "source.accesspoint", "pk": "3db7048a-0a2f-46db-a15b-613e4e5d11ee", "fields": {"page_number": null, "accessed_on": null, "archive_url": null, "source": "81d2b897-cc4d-402f-98c4-3d52ab84fb10", "user": 1}}, {"model": "source.source", "pk": "97ecf1b5-255d-41e0-bd5d-48a022938fe2", "fields": {"title": "Suspicious Man Arrested at Police HQ", "publication": "Daily Trust", "publication_country": null, "published_on": "2012-05-21", "source_url": "http://allafrica.com/stories/201205220128.html", "date_updated": "2016-12-15T15:44:38.710Z", "date_added": "2016-12-15T15:44:38.710Z", "user": 1}}, {"model": "source.accesspoint", "pk": "6eb433ff-cc10-456f-90d5-4c38764a72ab", "fields": {"page_number": null, "accessed_on": null, "archive_url": null, "source": "97ecf1b5-255d-41e0-bd5d-48a022938fe2", "user": 1}}, {"model": "source.source", "pk": "eefd9f53-6f7d-464a-9e4f-3b4d90a932a2", "fields": {"title": "Allegations of Ethnic Considerations in Retirements, Postings, Re-Deployment, Recruitment in the Army", "publication": "Vanguard", "publication_country": null, "published_on": "2013-02-16", "source_url": "http://www.vanguardngr.com/2013/02/allegations-of-ethnic-considerations-in-retirements-postings-re-deployment-recruitment-in-the-army-ihejirika-bares-it-all/", "date_updated": "2016-12-15T15:54:25.009Z", "date_added": "2016-12-15T15:54:25.009Z", "user": 1}}, {"model": "source.accesspoint", "pk": "41db6c7d-7d73-43ee-81fa-9563e78143a3", "fields": {"page_number": null, "accessed_on": null, "archive_url": null, "source": "eefd9f53-6f7d-464a-9e4f-3b4d90a932a2", "user": 1}}, {"model": "source.source", "pk": "e5b17cd9-94e2-45b2-816d-e3ec3906271c", "fields": {"title": "Celebrate Election Victory With Caution, Plateau Residents Urged", "publication": "Daily Trust", "publication_country": null, "published_on": "2015-04-01", "source_url": "http://allafrica.com/stories/201504011477.html", "date_updated": "2016-12-15T15:50:47.146Z", "date_added": "2016-12-15T15:50:47.146Z", "user": 1}}, {"model": "source.accesspoint", "pk": "c7ce09ea-1d65-4014-afff-f838adcdab36", "fields": {"page_number": null, "accessed_on": null, "archive_url": null, "source": "e5b17cd9-94e2-45b2-816d-e3ec3906271c", "user": 1}}, {"model": "source.source", "pk": "6e7455c0-eb36-4e24-8561-55f1d7c9fd08", "fields": {"title": "Major General Lucky Irabor, commander of \"Operation Lafiya Dole\", the counter insurgency operation in the northeast, speaks during an interview with Reuters in Maiduguri", "publication": "Reuters.", "publication_country": null, "published_on": "2016-08-31", "source_url": "http://news.trust.org/item/20160831112338-qprfj/", "date_updated": "2016-12-15T15:55:49.409Z", "date_added": "2016-12-15T15:55:49.409Z", "user": 1}}, {"model": "source.accesspoint", "pk": "7c134046-211b-4dc8-9a31-d4a7bc9680db", "fields": {"page_number": null, "accessed_on": null, "archive_url": null, "source": "6e7455c0-eb36-4e24-8561-55f1d7c9fd08", "user": 1}}, {"model": "source.source", "pk": "13df4311-f4c6-4fc6-9c6f-c9d1341c2612", "fields": {"title": " 218 Stolen Cattle Rescued in Plateau. Daily Trust (Nigeria). 24 July 2014. http://www.dailytrust.com.ng/daily/news/30011-218-stolen-cattle-rescued-in-plateau Internet Archive link: https://web.archive.org/web/20140801095238/http://dailytrust.com.ng/daily/news/30011-218-stolen-cattle-rescued-in-plateau ", "publication": null, "publication_country": null, "published_on": "1900-01-01", "source_url": null, "date_updated": "2016-12-15T15:51:00.333Z", "date_added": "2016-12-15T15:51:00.333Z", "user": 1}}, {"model": "source.source", "pk": "48510617-c15d-4daa-90cf-821cb0859e6c", "fields": {"title": " Don't Allow Yourselves to Be Used By Politicians in 2015, General Abbah Tells Soldiers. This Day (Nigeria). 26 January 2014. http://allafrica.com/stories/201401270217.html Internet Archive link: https://web.archive.org/web/20161103154755/http://allafrica.com/stories/201401270217.html", "publication": null, "publication_country": null, "published_on": "1900-01-01", "source_url": null, "date_updated": "2016-12-15T15:42:45.265Z", "date_added": "2016-12-15T15:42:45.265Z", "user": 1}}, {"model": "source.accesspoint", "pk": "1d75846d-c069-4376-9c0a-2d11a0ef683f", "fields": {"page_number": null, "accessed_on": null, "archive_url": null, "source": "13df4311-f4c6-4fc6-9c6f-c9d1341c2612", "user": 1}}, {"model": "source.accesspoint", "pk": "8bf265ad-e629-42ac-bc70-890705814a53", "fields": {"page_number": null, "accessed_on": null, "archive_url": null, "source": "48510617-c15d-4daa-90cf-821cb0859e6c", "user": 1}}, {"model": "source.source", "pk": "8e055322-0f4d-46ea-8b89-67e68ed25e00", "fields": {"title": "Army Will Tackle Security Lapses", "publication": "This Day", "publication_country": null, "published_on": "2011-02-07", "source_url": "http://allafrica.com/stories/201102070365.html", "date_updated": "2016-12-15T15:54:24.421Z", "date_added": "2016-12-15T15:54:24.421Z", "user": 1}}, {"model": "source.source", "pk": "ea87bf9e-4188-47f7-880b-f77caa6b7d73", "fields": {"title": "Nigerian Army Injects  New Life Into Counter-Insurgency Operations", "publication": "International Centre for Investigative Reporting", "publication_country": null, "published_on": "2016-07-14", "source_url": "http://icirnigeria.org/17410-2/", "date_updated": "2016-12-15T15:39:39.941Z", "date_added": "2016-12-15T15:39:39.941Z", "user": 1}}, {"model": "source.accesspoint", "pk": "75627a28-c3ca-42d3-9a8a-56bc8450c11d", "fields": {"page_number": null, "accessed_on": null, "archive_url": null, "source": "8e055322-0f4d-46ea-8b89-67e68ed25e00", "user": 1}}, {"model": "source.accesspoint", "pk": "5dceb725-f729-4ac0-993b-ba6c2613be06", "fields": {"page_number": null, "accessed_on": null, "archive_url": null, "source": "ea87bf9e-4188-47f7-880b-f77caa6b7d73", "user": 1}}, {"model": "source.source", "pk": "c65c703c-b783-43d2-a1e4-89bd2de5c9e4", "fields": {"title": "JTF Guns Down Nine in Kano", "publication": "Daily Trust", "publication_country": null, "published_on": "2012-03-22", "source_url": "http://allafrica.com/stories/201203220287.html", "date_updated": "2016-12-15T15:44:47.765Z", "date_added": "2016-12-15T15:44:47.765Z", "user": 1}}, {"model": "source.accesspoint", "pk": "114b048e-1736-4836-8ea8-465bc9d53730", "fields": {"page_number": null, "accessed_on": null, "archive_url": null, "source": "c65c703c-b783-43d2-a1e4-89bd2de5c9e4", "user": 1}}, {"model": "source.source", "pk": "654af76e-3282-41aa-93fd-69ead7804ea5", "fields": {"title": "Police Assure ABA Residents of Crime-Free Yultide", "publication": "Vanguard", "publication_country": null, "published_on": "2012-09-24", "source_url": "http://www.vanguardngr.com/2012/09/police-assure-aba-residents-of-crime-free-yultide/", "date_updated": "2016-12-15T15:49:19.345Z", "date_added": "2016-12-15T15:49:19.345Z", "user": 1}}, {"model": "source.accesspoint", "pk": "622f6b16-7a68-4248-b882-2298973399ba", "fields": {"page_number": null, "accessed_on": null, "archive_url": null, "source": "654af76e-3282-41aa-93fd-69ead7804ea5", "user": 1}}, {"model": "source.source", "pk": "38bb12c3-aaa1-4176-a44c-82b1a8f73f44", "fields": {"title": "Dankwambo Urges Army to Respect Rights, Privilege of Citizens", "publication": "Leadership", "publication_country": null, "published_on": "2013-03-25", "source_url": "http://allafrica.com/stories/201303260444.html", "date_updated": "2016-12-15T15:40:46.501Z", "date_added": "2016-12-15T15:40:46.501Z", "user": 1}}, {"model": "source.accesspoint", "pk": "ca403574-0087-4cf7-8b94-ac79269a2e30", "fields": {"page_number": null, "accessed_on": null, "archive_url": null, "source": "38bb12c3-aaa1-4176-a44c-82b1a8f73f44", "user": 1}}, {"model": "membershipperson.context", "pk": 3, "fields": {"value": "Indisposed due to ill health"}}, {"model": "source.source", "pk": "f6eaf007-1deb-419e-97fe-8470c76c1b26", "fields": {"title": "Sokoto, Model for Peaceful Co-Existence - Sultan", "publication": "Daily Trust", "publication_country": null, "published_on": "2015-08-04", "source_url": "http://allafrica.com/stories/201508040738.html", "date_updated": "2016-12-15T15:54:23.751Z", "date_added": "2016-12-15T15:54:23.751Z", "user": 1}}, {"model": "source.accesspoint", "pk": "d18f692d-2064-41e0-9392-c12c886c8c5e", "fields": {"page_number": null, "accessed_on": null, "archive_url": null, "source": "f6eaf007-1deb-419e-97fe-8470c76c1b26", "user": 1}}, {"model": "source.source", "pk": "9b14f711-65e7-46bc-ba21-0bf62071ee4b", "fields": {"title": "Boko Haram - 600 Soldiers Face Court Martial in Lagos, Abuja. Leadership (Nigeria). 21 May 2015. http://allafrica.com/stories/201505210097.html (accessed via AllAfrica.com)", "publication": null, "publication_country": null, "published_on": "1900-01-01", "source_url": null, "date_updated": "2016-12-15T15:43:09.598Z", "date_added": "2016-12-15T15:43:09.598Z", "user": 1}}, {"model": "source.accesspoint", "pk": "ab2c411f-96f2-403f-8f5b-e82f8d4747cc", "fields": {"page_number": null, "accessed_on": null, "archive_url": null, "source": "9b14f711-65e7-46bc-ba21-0bf62071ee4b", "user": 1}}, {"model": "source.source", "pk": "e2e65198-9809-4417-991b-ce1b91dfba99", "fields": {"title": "Four Expatriates Kidnapped", "publication": "Daily Champion", "publication_country": null, "published_on": "2010-01-13", "source_url": "http://allafrica.com/stories/201001130351.html", "date_updated": "2016-12-15T15:49:19.399Z", "date_added": "2016-12-15T15:49:19.399Z", "user": 1}}, {"model": "source.accesspoint", "pk": "919167c5-e76c-465a-a049-f31ef4204202", "fields": {"page_number": null, "accessed_on": null, "archive_url": null, "source": "e2e65198-9809-4417-991b-ce1b91dfba99", "user": 1}}, {"model": "person.person", "pk": 3, "fields": {"uuid": "b6d1eafb-58d6-45ef-a0cd-de4b13986193"}}, {"model": "source.source", "pk": "b9487219-3570-4ba4-8140-c09264f7c2e7", "fields": {"title": "Another Carnage in Jos - New-Found Peace Shattered", "publication": "Vanguard", "publication_country": null, "published_on": "2012-03-04", "source_url": "http://www.vanguardngr.com/2012/03/another-carnage-in-jos-new-found-peace-shattered/", "date_updated": "2016-12-15T15:53:19.465Z", "date_added": "2016-12-15T15:53:19.465Z", "user": 1}}, {"model": "source.accesspoint", "pk": "80bc143a-e182-47d6-bded-0476d7bf7333", "fields": {"page_number": null, "accessed_on": null, "archive_url": null, "source": "b9487219-3570-4ba4-8140-c09264f7c2e7", "user": 1}}, {"model": "source.source", "pk": "1472ddbd-1308-4c47-b792-6859ffd770d1", "fields": {"title": "JTF shuts down militants\u2019 camp, 59 illegal refineries", "publication": "The Nation", "publication_country": null, "published_on": "2013-11-25", "source_url": "http://thenationonlineng.net/jtf-destroys-new-militant-camp-59-illegal-refineries/", "date_updated": "2016-12-15T15:39:55.180Z", "date_added": "2016-12-15T15:39:55.180Z", "user": 1}}, {"model": "source.accesspoint", "pk": "560573f9-a633-4c7c-aed9-7508e9caa997", "fields": {"page_number": null, "accessed_on": null, "archive_url": null, "source": "1472ddbd-1308-4c47-b792-6859ffd770d1", "user": 1}}, {"model": "source.source", "pk": "9852353d-762b-4f5e-a7ac-2e93c90a30fa", "fields": {"title": "Police Smash Criminals Hideout in Aba, Arrest 20", "publication": "Vanguard", "publication_country": null, "published_on": "2013-08-29", "source_url": "http://www.vanguardngr.com/2013/08/police-smash-criminals-hideout-in-aba-arrest-20/", "date_updated": "2016-12-15T15:44:03.246Z", "date_added": "2016-12-15T15:44:03.246Z", "user": 1}}, {"model": "source.accesspoint", "pk": "b00418f8-17c2-49d2-bae5-8e2179b3b808", "fields": {"page_number": null, "accessed_on": null, "archive_url": null, "source": "9852353d-762b-4f5e-a7ac-2e93c90a30fa", "user": 1}}, {"model": "source.source", "pk": "241e5c95-2afa-4d36-9587-5e8f7e5cc9cf", "fields": {"title": "Camerounian forces hand over B\u2019Haram suspects to Nigerian soldiers", "publication": "The Guardian", "publication_country": null, "published_on": "2016-02-16", "source_url": "http://www.ngrguardiannews.com/2016/02/camerounian-forces-hand-over-bharam-suspects-to-nigerian-soldiers/", "date_updated": "2016-12-15T15:50:36.261Z", "date_added": "2016-12-15T15:50:36.261Z", "user": 1}}, {"model": "source.accesspoint", "pk": "ef19ddd5-16d5-4863-878d-8ca3910f63e4", "fields": {"page_number": null, "accessed_on": null, "archive_url": null, "source": "241e5c95-2afa-4d36-9587-5e8f7e5cc9cf", "user": 1}}, {"model": "source.source", "pk": "e531dcf3-57ea-4120-bb28-5dc238f59db0", "fields": {"title": "Allegations of ethnic considerations in the Army: Ihejirika bares it all", "publication": "Vanguard", "publication_country": null, "published_on": "2013-02-16", "source_url": "http://www.vanguardngr.com/2013/02/allegations-of-ethnic-considerations-in-retirements-postings-re-deployment-recruitment-in-the-army-ihejirika-bares-it-all/", "date_updated": "2016-12-15T15:54:25.562Z", "date_added": "2016-12-15T15:54:25.562Z", "user": 1}}, {"model": "source.accesspoint", "pk": "5a0036b7-2913-4fe2-891c-2b7773bd7aa5", "fields": {"page_number": null, "accessed_on": null, "archive_url": null, "source": "e531dcf3-57ea-4120-bb28-5dc238f59db0", "user": 1}}, {"model": "source.source", "pk": "86abe253-61c9-4b52-8901-756998fd2c54", "fields": {"title": "ANAMBRA POLICE COMMAND. Nigeria Police Force. http://www.npf.gov.ng/ZoneDetails?id=anambra Internet Archive link: https://web.archive.org/web/20140830133149/http://www.npf.gov.ng/ZoneDetails?id=anambra ", "publication": null, "publication_country": null, "published_on": "1900-01-01", "source_url": null, "date_updated": "2016-12-15T15:44:00.816Z", "date_added": "2016-12-15T15:44:00.816Z", "user": 1}}, {"model": "source.source", "pk": "bafdaafe-ef20-4028-ba7d-dbc3be0ca771", "fields": {"title": "New 31 Artillery, TRADOC commanders assumes duty in Minna", "publication": "Independent", "publication_country": null, "published_on": "2014-02-25", "source_url": "http://independentnig.com/2014/02/25/new-31-artillery-tradoc-commanders-assumes-duty-in-minna/", "date_updated": "2016-12-15T15:54:40.500Z", "date_added": "2016-12-15T15:54:40.500Z", "user": 1}}, {"model": "source.accesspoint", "pk": "f8457ab7-fefa-46d5-b286-25dd544057da", "fields": {"page_number": null, "accessed_on": null, "archive_url": null, "source": "86abe253-61c9-4b52-8901-756998fd2c54", "user": 1}}, {"model": "source.accesspoint", "pk": "b5866887-aec1-41a5-8007-41eb5783f7fa", "fields": {"page_number": null, "accessed_on": null, "archive_url": null, "source": "bafdaafe-ef20-4028-ba7d-dbc3be0ca771", "user": 1}}, {"model": "source.source", "pk": "3f2e2464-6fab-4627-8eef-8ffd3b34d101", "fields": {"title": "It's Capital Offence to Refuse Deployment to Darfur - COAS", "publication": "Daily Trust", "publication_country": null, "published_on": "2007-10-11", "source_url": "http://allafrica.com/stories/200710111013.html", "date_updated": "2016-12-15T15:40:44.491Z", "date_added": "2016-12-15T15:40:44.492Z", "user": 1}}, {"model": "source.source", "pk": "b546b85e-9ccd-4d4f-818f-e0d970a79df3", "fields": {"title": "3 die, others injured in clash between JTF, militants in Delta. News Agency of Nigeria (Nigeria). 10 Sptember 2015. http://nannewsnigeria.com/3-die-others-injured-clash-between-jtf-militants-delta Internet Archive link: https://web.archive.org/web/20150912234621/http://www.nannewsnigeria.com/3-die-others-injured-clash-between-jtf-militants-delta", "publication": null, "publication_country": null, "published_on": "1900-01-01", "source_url": null, "date_updated": "2016-12-15T15:42:42.551Z", "date_added": "2016-12-15T15:42:42.551Z", "user": 1}}, {"model": "source.accesspoint", "pk": "3670862b-09c0-4d94-afe8-561df41e4308", "fields": {"page_number": null, "accessed_on": null, "archive_url": null, "source": "3f2e2464-6fab-4627-8eef-8ffd3b34d101", "user": 1}}, {"model": "source.accesspoint", "pk": "5d5ea096-84f1-4d87-bad1-be0f58112ad6", "fields": {"page_number": null, "accessed_on": null, "archive_url": null, "source": "b546b85e-9ccd-4d4f-818f-e0d970a79df3", "user": 1}}, {"model": "source.source", "pk": "1c294b80-b286-4cc2-8e9e-ccefecd56938", "fields": {"title": "kill 8", "publication": "Premium Times", "publication_country": null, "published_on": "2014-04-09", "source_url": "http://www.premiumtimesng.com/news/158431-gunmen-attack-jigawa-police-station-bank-kill-8.html", "date_updated": "2016-12-15T15:44:47.036Z", "date_added": "2016-12-15T15:44:47.036Z", "user": 1}}, {"model": "source.accesspoint", "pk": "a9d98b55-3798-4b94-9340-f0b725230a36", "fields": {"page_number": null, "accessed_on": null, "archive_url": null, "source": "1c294b80-b286-4cc2-8e9e-ccefecd56938", "user": 1}}, {"model": "source.source", "pk": "065294aa-12b8-4597-8374-8249de166eaf", "fields": {"title": "23-Year-Old Trader Arraigned Over Assault, Causing Hurt", "publication": "Leadership", "publication_country": null, "published_on": "2012-06-05", "source_url": "http://allafrica.com/stories/201206050887.html", "date_updated": "2016-12-15T15:50:59.827Z", "date_added": "2016-12-15T15:50:59.827Z", "user": 1}}, {"model": "source.accesspoint", "pk": "fd858d91-9ead-40d7-95d8-cbacdb823ae7", "fields": {"page_number": null, "accessed_on": null, "archive_url": null, "source": "065294aa-12b8-4597-8374-8249de166eaf", "user": 1}}, {"model": "source.source", "pk": "33d562b2-ee91-49be-8626-f0c046365220", "fields": {"title": "Oyo - Tokyo Escapes Death", "publication": "Daily Champion", "publication_country": null, "published_on": "2010-09-16", "source_url": "http://allafrica.com/stories/201009170126.html", "date_updated": "2016-12-15T15:44:45.731Z", "date_added": "2016-12-15T15:44:45.731Z", "user": 1}}, {"model": "source.accesspoint", "pk": "8bc63525-f351-454d-8cd5-1127e8cde1c3", "fields": {"page_number": null, "accessed_on": null, "archive_url": null, "source": "33d562b2-ee91-49be-8626-f0c046365220", "user": 1}}, {"model": "source.source", "pk": "4c69e4d1-2263-466a-85df-f4e88af341c9", "fields": {"title": "Barkin Ladi Community Accuses Military Commander of Intimidation", "publication": "Daily Trust", "publication_country": null, "published_on": "2012-10-17", "source_url": "http://allafrica.com/stories/201210170482.html", "date_updated": "2016-12-15T15:51:10.508Z", "date_added": "2016-12-15T15:51:10.508Z", "user": 1}}, {"model": "source.accesspoint", "pk": "f0dfcc07-dfad-4241-8b2c-8bc92e31d9f9", "fields": {"page_number": null, "accessed_on": null, "archive_url": null, "source": "4c69e4d1-2263-466a-85df-f4e88af341c9", "user": 1}}, {"model": "source.source", "pk": "ff11418f-4a98-4f7b-a215-9de52b972232", "fields": {"title": "Boko Haram: Policemen On Special Duty In Kano Lament Over Poor Welfare", "publication": "Information Nigeria", "publication_country": null, "published_on": "2013-04-11", "source_url": "http://www.informationng.com/2013/04/boko-haram-policemen-on-special-duty-in-kano-lament-over-poor-welfare.html", "date_updated": "2016-12-15T15:51:02.873Z", "date_added": "2016-12-15T15:51:02.874Z", "user": 1}}, {"model": "source.accesspoint", "pk": "60ec1a42-1ed2-4e5c-a352-394716def8b6", "fields": {"page_number": null, "accessed_on": null, "archive_url": null, "source": "ff11418f-4a98-4f7b-a215-9de52b972232", "user": 1}}, {"model": "source.source", "pk": "b5d0d744-7415-49d3-92fd-62d93e8a5f91", "fields": {"title": "NSA, Service Chiefs Avow End to Boko Haram Insurgency", "publication": "Vanguard", "publication_country": null, "published_on": "2015-08-15", "source_url": "http://www.vanguardngr.com/2015/08/nsa-service-chiefs-avow-end-to-boko-haram-insurgency/", "date_updated": "2016-12-15T15:44:17.820Z", "date_added": "2016-12-15T15:44:17.820Z", "user": 1}}, {"model": "source.accesspoint", "pk": "3deeab7c-22b9-4d57-8864-bf93a92bc293", "fields": {"page_number": null, "accessed_on": null, "archive_url": null, "source": "b5d0d744-7415-49d3-92fd-62d93e8a5f91", "user": 1}}, {"model": "person.person", "pk": 4, "fields": {"uuid": "ad2f9169-df77-45e5-a83d-09905f69b1aa"}}, {"model": "source.source", "pk": "6e6ad98c-9e3e-437d-beb9-30c6f294cc0b", "fields": {"title": "GOC - Insurgency Will Soon End", "publication": "This Day", "publication_country": null, "published_on": "2015-07-27", "source_url": "http://allafrica.com/stories/201507270974.html", "date_updated": "2016-12-15T15:55:00.477Z", "date_added": "2016-12-15T15:55:00.477Z", "user": 1}}, {"model": "source.accesspoint", "pk": "9792b2a7-dc3c-4a6f-a0ca-ab11d1450af6", "fields": {"page_number": null, "accessed_on": null, "archive_url": null, "source": "6e6ad98c-9e3e-437d-beb9-30c6f294cc0b", "user": 1}}, {"model": "source.source", "pk": "17a16434-936d-42b8-9fe3-6444e4803716", "fields": {"title": "JTF Targets Pirates Along Waterways", "publication": "This Day", "publication_country": null, "published_on": "2010-10-07", "source_url": "http://allafrica.com/stories/201010080325.html", "date_updated": "2016-12-15T15:56:05.254Z", "date_added": "2016-12-15T15:56:05.254Z", "user": 1}}, {"model": "source.accesspoint", "pk": "8c6d8af1-1596-4abd-b6e4-87c48b7bb2a5", "fields": {"page_number": null, "accessed_on": null, "archive_url": null, "source": "17a16434-936d-42b8-9fe3-6444e4803716", "user": 1}}, {"model": "source.source", "pk": "ba7c38b7-e80d-46aa-97a8-8c5761690433", "fields": {"title": "Pipeline Vandalism: NSCDC Arrests 6", "publication": "The Nation", "publication_country": null, "published_on": "2014-11-11", "source_url": "http://thenationonlineng.net/pipeline-vandalism-nscdc-arrests-6/", "date_updated": "2016-12-15T15:39:49.560Z", "date_added": "2016-12-15T15:39:49.560Z", "user": 1}}, {"model": "source.accesspoint", "pk": "076820cd-d732-44f3-b422-1d8816c5b3af", "fields": {"page_number": null, "accessed_on": null, "archive_url": null, "source": "ba7c38b7-e80d-46aa-97a8-8c5761690433", "user": 1}}, {"model": "source.source", "pk": "9f2b20d3-fcac-4d67-9e97-f332cc04d6f7", "fields": {"title": "Defence Minister Arrives Warri To Inspect Pipeline Explosion Site", "publication": "Channels TV", "publication_country": null, "published_on": "2016-01-19", "source_url": "http://www.channelstv.com/2016/01/19/defence-minister-arrives-warri-to-inspect-pipeline-explosion-site/", "date_updated": "2016-12-15T15:42:41.989Z", "date_added": "2016-12-15T15:42:41.989Z", "user": 1}}, {"model": "source.accesspoint", "pk": "3a04132c-9bdd-40dc-833f-58047c7cb776", "fields": {"page_number": null, "accessed_on": null, "archive_url": null, "source": "9f2b20d3-fcac-4d67-9e97-f332cc04d6f7", "user": 1}}, {"model": "source.source", "pk": "c322e9d8-4220-479a-9b26-e5d52f27c75f", "fields": {"title": "Chained to the Floor for Four Years!'", "publication": "Vanguard", "publication_country": null, "published_on": "2014-03-22", "source_url": "http://www.vanguardngr.com/2014/03/chained-to-the-floor-for-four-years/", "date_updated": "2016-12-15T15:39:25.426Z", "date_added": "2016-12-15T15:39:25.426Z", "user": 1}}, {"model": "source.source", "pk": "d5924b16-824e-4e9c-b410-3a7c554a7bca", "fields": {"title": "How mastermind of Jos, Zaria bombings was arrested \u2013 Military", "publication": "Premium Times", "publication_country": null, "published_on": "2015-07-08", "source_url": "http://www.premiumtimesng.com/news/top-news/186325-how-mastermind-of-jos-zaria-bombings-was-arrested-military.html", "date_updated": "2016-12-15T15:40:48.792Z", "date_added": "2016-12-15T15:40:48.792Z", "user": 1}}, {"model": "source.accesspoint", "pk": "9b52d872-83ed-4c25-99e6-5c995bd02326", "fields": {"page_number": null, "accessed_on": null, "archive_url": null, "source": "c322e9d8-4220-479a-9b26-e5d52f27c75f", "user": 1}}, {"model": "source.accesspoint", "pk": "86425dc9-9646-422e-89be-14d696947877", "fields": {"page_number": null, "accessed_on": null, "archive_url": null, "source": "d5924b16-824e-4e9c-b410-3a7c554a7bca", "user": 1}}, {"model": "source.source", "pk": "a324a30b-c425-4d7a-80ea-c9e8e94b9a34", "fields": {"title": "Security Operatives Raid Terrorists' Hideout, Kill One, Capture 12 in Sokoto", "publication": "This Day", "publication_country": null, "published_on": "2013-07-12", "source_url": "http://www.thisdaylive.com/articles/security-operatives-raid-terrorists-hideout-kill-one-capture-12-in-sokoto/153116/", "date_updated": "2016-12-15T15:54:24.989Z", "date_added": "2016-12-15T15:54:24.989Z", "user": 1}}, {"model": "source.source", "pk": "ec9a4b3c-d4fa-4d15-82d7-f94aff156c90", "fields": {"title": "13 Killed, 40 Injured in Bauchi Bomb Tragedy", "publication": "This Day", "publication_country": null, "published_on": "2011-05-30", "source_url": "http://www.thisdaylive.com/articles/13-killed-40-injured-in-bauchi-bomb-tragedy/92307/", "date_updated": "2016-12-15T15:43:04.669Z", "date_added": "2016-12-15T15:43:04.669Z", "user": 1}}, {"model": "source.accesspoint", "pk": "49104269-5147-440b-9533-6a0362ba30cc", "fields": {"page_number": null, "accessed_on": null, "archive_url": null, "source": "a324a30b-c425-4d7a-80ea-c9e8e94b9a34", "user": 1}}, {"model": "source.accesspoint", "pk": "86e97429-735c-4454-b3a2-278d5fe88923", "fields": {"page_number": null, "accessed_on": null, "archive_url": null, "source": "ec9a4b3c-d4fa-4d15-82d7-f94aff156c90", "user": 1}}, {"model": "source.source", "pk": "06aac4c1-8ce8-40bf-baa0-13986b1b49ae", "fields": {"title": "72 Battalion lost 28 soldiers to insurgency in 4 years -- Commander. News Agency of Nigeria (Nigeria). 15 July 2015. http://nannewsnigeria.com/72-battalion-lost-28-soldiers-insurgency-4-years-commander Internet Archive link: https://web.archive.org/web/20160411162658/http://nannewsnigeria.com/72-battalion-lost-28-soldiers-insurgency-4-years-commander ", "publication": null, "publication_country": null, "published_on": "1900-01-01", "source_url": null, "date_updated": "2016-12-15T15:43:14.273Z", "date_added": "2016-12-15T15:43:14.273Z", "user": 1}}, {"model": "source.accesspoint", "pk": "d4da09e8-0138-42fc-a8d1-facb6e5d7e5f", "fields": {"page_number": null, "accessed_on": null, "archive_url": null, "source": "06aac4c1-8ce8-40bf-baa0-13986b1b49ae", "user": 1}}, {"model": "source.source", "pk": "6f78cda0-cdf5-4fc9-a7e5-62214b5b0968", "fields": {"title": "Internal Security - Army Modifies Training to Tackle Terrorism", "publication": "This Day", "publication_country": null, "published_on": "2011-06-22", "source_url": "http://allafrica.com/stories/201106230423.html", "date_updated": "2016-12-15T15:54:35.530Z", "date_added": "2016-12-15T15:54:35.530Z", "user": 1}}, {"model": "source.accesspoint", "pk": "0c5271ac-443c-4894-9f9f-4c42969e5911", "fields": {"page_number": null, "accessed_on": null, "archive_url": null, "source": "6f78cda0-cdf5-4fc9-a7e5-62214b5b0968", "user": 1}}, {"model": "source.source", "pk": "2f985efd-a3f6-4d22-b192-bb93f6a78fd6", "fields": {"title": "Presidency Moves to Avert Attacks on Mosques, Churches During Sallah", "publication": "Vanguard", "publication_country": null, "published_on": "2012-08-18", "source_url": "http://www.vanguardngr.com/2012/08/presidency-moves-to-avert-attacks-on-mosques-churches-during-sallah/", "date_updated": "2016-12-15T15:54:56.948Z", "date_added": "2016-12-15T15:54:56.948Z", "user": 1}}, {"model": "source.accesspoint", "pk": "2bb5c93e-f847-4197-a522-ed96400dde06", "fields": {"page_number": null, "accessed_on": null, "archive_url": null, "source": "2f985efd-a3f6-4d22-b192-bb93f6a78fd6", "user": 1}}, {"model": "source.source", "pk": "b90ce5cc-1854-43da-9430-8c22f8d54d6b", "fields": {"title": "War On Terror Is Not a Day's Fight, Says Army Chief", "publication": "This Day", "publication_country": null, "published_on": "2014-07-23", "source_url": "http://allafrica.com/stories/201407230521.html", "date_updated": "2016-12-15T15:54:25.903Z", "date_added": "2016-12-15T15:54:25.903Z", "user": 1}}, {"model": "source.accesspoint", "pk": "63f75cb9-557a-4b05-b18b-b4aa4e8ab22f", "fields": {"page_number": null, "accessed_on": null, "archive_url": null, "source": "b90ce5cc-1854-43da-9430-8c22f8d54d6b", "user": 1}}, {"model": "source.source", "pk": "a7a76686-1ca6-42df-9083-c7416ed4613a", "fields": {"title": "\"2009 Appropriations, Ministry of Defence\"", "publication": "Budget Office of the Federation. Federal Government of Nigeria. http://budgetoffice.gov.ng/pdfs/pdf%202009/Min%20of%20defence.pdf", "publication_country": null, "published_on": "2015-01-29", "source_url": "https://web.archive.org/web/20151020195845/http://budgetoffice.gov.ng/pdfs/pdf%202009/Min%20of%20defence.pdf", "date_updated": "2016-12-15T15:39:42.353Z", "date_added": "2016-12-15T15:39:42.353Z", "user": 1}}, {"model": "source.accesspoint", "pk": "db829e8e-b511-4250-8491-361f9af316f5", "fields": {"page_number": null, "accessed_on": null, "archive_url": null, "source": "a7a76686-1ca6-42df-9083-c7416ed4613a", "user": 1}}, {"model": "source.source", "pk": "1a1966b1-0d57-4c3c-b855-2814f41e6047", "fields": {"title": "Oshiomhole commissions water projects in Army barracks", "publication": "The", "publication_country": null, "published_on": "2016-12-11", "source_url": null, "date_updated": "2016-12-15T15:42:55.502Z", "date_added": "2016-12-15T15:42:55.502Z", "user": 1}}, {"model": "source.accesspoint", "pk": "db6d3f85-ed90-4dcc-9e95-6901d0b3ff49", "fields": {"page_number": null, "accessed_on": null, "archive_url": null, "source": "1a1966b1-0d57-4c3c-b855-2814f41e6047", "user": 1}}, {"model": "person.person", "pk": 5, "fields": {"uuid": "bfa480e2-297a-4bcb-a24c-9f83ef65298e"}}, {"model": "source.source", "pk": "3f3f0e74-0756-43bd-aee3-130365a872f8", "fields": {"title": "JTF Kills Four Boko Haram Members, Recovers Weapons in Potiskum", "publication": "This Day", "publication_country": null, "published_on": "2013-01-03", "source_url": "http://allafrica.com/stories/201301030280.html", "date_updated": "2016-12-15T15:45:03.875Z", "date_added": "2016-12-15T15:45:03.875Z", "user": 1}}, {"model": "source.accesspoint", "pk": "c0c13208-b2f2-4426-9a36-46408be59fb1", "fields": {"page_number": null, "accessed_on": null, "archive_url": null, "source": "3f3f0e74-0756-43bd-aee3-130365a872f8", "user": 1}}, {"model": "source.source", "pk": "86bf0d81-a781-49fc-837b-565e493f3629", "fields": {"title": "Policeman Kills Father of Two in Aba", "publication": "Vanguard", "publication_country": null, "published_on": "2016-01-07", "source_url": "http://allafrica.com/stories/201601070424.html", "date_updated": "2016-12-15T15:44:07.395Z", "date_added": "2016-12-15T15:44:07.395Z", "user": 1}}, {"model": "source.accesspoint", "pk": "6b98cc1f-0988-4a09-b1ab-7a7ecd55ce00", "fields": {"page_number": null, "accessed_on": null, "archive_url": null, "source": "86bf0d81-a781-49fc-837b-565e493f3629", "user": 1}}, {"model": "source.source", "pk": "2d066d4d-f689-447a-ba3e-2fd9119a4157", "fields": {"title": " 'How 91-Year-Old Pa Zidafamor Was Saved'. Leadership (Nigeria). 31 December 2007. http://allafrica.com/stories/200801020240.html (accessed via AllAfrica.com) ", "publication": null, "publication_country": null, "published_on": "1900-01-01", "source_url": null, "date_updated": "2016-12-15T15:45:01.566Z", "date_added": "2016-12-15T15:45:01.566Z", "user": 1}}, {"model": "source.accesspoint", "pk": "52570176-2e34-44aa-bd06-00cdbdd62e97", "fields": {"page_number": null, "accessed_on": null, "archive_url": null, "source": "2d066d4d-f689-447a-ba3e-2fd9119a4157", "user": 1}}, {"model": "source.source", "pk": "b6f538d0-6cc7-49b6-a93e-12fdf2518f6f", "fields": {"title": "Man Sends Petition Against Senate President's Aide Over Unlawful Detention", "publication": "This Day", "publication_country": null, "published_on": "2014-08-26", "source_url": "http://www.thisdaylive.com/articles/man-sends-petition-against-senate-president-s-aide-over-unlawful-detention/187358/", "date_updated": "2016-12-15T15:50:30.119Z", "date_added": "2016-12-15T15:50:30.119Z", "user": 1}}, {"model": "source.accesspoint", "pk": "8b9761f8-902c-4dd1-b5fb-5daa6608fb81", "fields": {"page_number": null, "accessed_on": null, "archive_url": null, "source": "b6f538d0-6cc7-49b6-a93e-12fdf2518f6f", "user": 1}}, {"model": "source.source", "pk": "4f3191f1-0f1b-4de7-978a-30a772612c70", "fields": {"title": "Ilorin Violent Attack - Police Arrest 60", "publication": "This Day", "publication_country": null, "published_on": "2015-04-27", "source_url": "http://www.thisdaylive.com/articles/ilorin-violent-attack-police-arrest-60/207905/", "date_updated": "2016-12-15T15:45:10.140Z", "date_added": "2016-12-15T15:45:10.140Z", "user": 1}}, {"model": "source.source", "pk": "b5bff25c-a3b4-4234-b959-16b8b725c2f4", "fields": {"title": "Police Act 1990 Part II S.9(4). 1990. http://lawsofnigeria.placng.org/laws/P19.pdf Internet Archive Link: https://web.archive.org/web/20160819165913/http://lawsofnigeria.placng.org/laws/P19.pdf", "publication": null, "publication_country": null, "published_on": "1900-01-01", "source_url": null, "date_updated": "2016-12-15T15:45:21.436Z", "date_added": "2016-12-15T15:45:21.436Z", "user": 1}}, {"model": "source.accesspoint", "pk": "cafce4b3-af1e-42a8-8d66-3e02b5d72805", "fields": {"page_number": null, "accessed_on": null, "archive_url": null, "source": "4f3191f1-0f1b-4de7-978a-30a772612c70", "user": 1}}, {"model": "source.accesspoint", "pk": "e7fc208c-f247-4a7a-a721-70989cc7540d", "fields": {"page_number": null, "accessed_on": null, "archive_url": null, "source": "b5bff25c-a3b4-4234-b959-16b8b725c2f4", "user": 1}}, {"model": "source.source", "pk": "0663eb7e-2089-4240-a47b-51ccde8a2e45", "fields": {"title": "Army Denies Killing APC Member", "publication": "Premium Times", "publication_country": null, "published_on": "2014-04-17", "source_url": "http://allafrica.com/stories/201404171381.html", "date_updated": "2016-12-15T15:55:00.734Z", "date_added": "2016-12-15T15:55:00.734Z", "user": 1}}, {"model": "source.source", "pk": "6ce4989f-dfe0-418b-9d3f-62c2d31fcb92", "fields": {"title": "JTF records successes in Borno, environs \u2014 Commander", "publication": "Premium Times", "publication_country": null, "published_on": "2013-06-06", "source_url": "http://www.premiumtimesng.com/news/137939-jtf-records-successes-in-borno-environs-commander.html", "date_updated": "2016-12-15T15:45:30.475Z", "date_added": "2016-12-15T15:45:30.475Z", "user": 1}}, {"model": "source.accesspoint", "pk": "5d6afcc9-72b3-40e1-a7da-3bb393dab04a", "fields": {"page_number": null, "accessed_on": null, "archive_url": null, "source": "0663eb7e-2089-4240-a47b-51ccde8a2e45", "user": 1}}, {"model": "source.accesspoint", "pk": "0bebf255-f74a-4e45-99d2-aabb33dfd9c5", "fields": {"page_number": null, "accessed_on": null, "archive_url": null, "source": "6ce4989f-dfe0-418b-9d3f-62c2d31fcb92", "user": 1}}, {"model": "source.source", "pk": "6a8bea66-f97f-4155-be86-1e73041610a1", "fields": {"title": "Army, NDLEA Arrest 47 Drug Suspects in Lagos", "publication": "Vanguard", "publication_country": null, "published_on": "2013-06-03", "source_url": "http://allafrica.com/stories/201306040534.html", "date_updated": "2016-12-15T15:54:36.242Z", "date_added": "2016-12-15T15:54:36.242Z", "user": 1}}, {"model": "source.accesspoint", "pk": "b0f517c3-6ef3-4d36-94dd-76a0e9b6b0d6", "fields": {"page_number": null, "accessed_on": null, "archive_url": null, "source": "6a8bea66-f97f-4155-be86-1e73041610a1", "user": 1}}, {"model": "source.source", "pk": "d6ff231e-f305-4543-bd4f-9a9093513f7f", "fields": {"title": "Borno Under Siege as More Blasts Erupt", "publication": "Daily Independent", "publication_country": null, "published_on": "2011-06-27", "source_url": "http://allafrica.com/stories/201106281006.html", "date_updated": "2016-12-15T15:55:08.076Z", "date_added": "2016-12-15T15:55:08.076Z", "user": 1}}, {"model": "source.accesspoint", "pk": "06f301b0-3ef5-436e-bc6f-ef59fbf40ba4", "fields": {"page_number": null, "accessed_on": null, "archive_url": null, "source": "d6ff231e-f305-4543-bd4f-9a9093513f7f", "user": 1}}, {"model": "source.source", "pk": "76b58373-c441-4a04-8880-bf2b784aa08d", "fields": {"title": "Army Chief Advices Trainees On Prudent Investment", "publication": "Leadership", "publication_country": null, "published_on": "2013-01-25", "source_url": "http://allafrica.com/stories/201301280221.html", "date_updated": "2016-12-15T15:39:21.227Z", "date_added": "2016-12-15T15:39:21.228Z", "user": 1}}, {"model": "source.accesspoint", "pk": "97f94045-10aa-4adc-8945-f2d07c207e34", "fields": {"page_number": null, "accessed_on": null, "archive_url": null, "source": "76b58373-c441-4a04-8880-bf2b784aa08d", "user": 1}}, {"model": "auth.user", "pk": 1, "fields": {"password": "pbkdf2_sha256$24000$nvfChJtqoS6u$aF4nk3G6uoE4DVpp5In86ouZOse+5DrJ/xGBdq59yqE=", "last_login": "2018-07-06T20:46:17.765Z", "is_superuser": true, "username": "eric", "first_name": "", "last_name": "", "email": "evz@datamade.us", "is_staff": true, "is_active": true, "date_joined": "2018-05-31T20:53:34.180Z", "groups": [], "user_permissions": []}}]