[{"model": "membershiporganization.membershiporganization", "pk": 1, "fields": {}}, {"model": "membershiporganization.membershiporganization", "pk": 2, "fields": {}}, {"model": "membershiporganization.membershiporganization", "pk": 3, "fields": {}}, {"model": "membershiporganization.membershiporganization", "pk": 4, "fields": {}}, {"model": "membershiporganization.membershiporganization", "pk": 5, "fields": {}}, {"model": "membershiporganization.membershiporganization", "pk": 6, "fields": {}}, {"model": "membershiporganization.membershiporganization", "pk": 7, "fields": {}}, {"model": "membershiporganization.membershiporganization", "pk": 8, "fields": {}}, {"model": "membershiporganization.membershiporganization", "pk": 9, "fields": {}}, {"model": "membershiporganization.membershiporganization", "pk": 10, "fields": {}}, {"model": "membershiporganization.membershiporganizationfirstciteddate", "pk": 1, "fields": {"lang": "en", "confidence": "1", "object_ref": 1, "value": "2009-11-20", "sources": ["65022984-8981-40c5-b6d2-94b21bb0211f", "65022984-8981-40c5-b6d2-94b21bb0211f"], "accesspoints": ["475c0a4d-ae0b-431a-bc55-1adcd97008dc"]}}, {"model": "membershiporganization.membershiporganizationmember", "pk": 1, "fields": {"lang": null, "confidence": "1", "object_ref": 1, "value": 210, "sources": ["f8cd5098-5e2e-4fff-b517-3a55cca43994", "65022984-8981-40c5-b6d2-94b21bb0211f", "f8cd5098-5e2e-4fff-b517-3a55cca43994", "65022984-8981-40c5-b6d2-94b21bb0211f"], "accesspoints": ["475c0a4d-ae0b-431a-bc55-1adcd97008dc", "96d4c961-d99e-4ed6-b2bf-f8a1a32ebb46"]}}, {"model": "membershiporganization.membershiporganizationorganization", "pk": 1, "fields": {"lang": null, "confidence": "1", "object_ref": 1, "value": 212, "sources": ["f8cd5098-5e2e-4fff-b517-3a55cca43994", "65022984-8981-40c5-b6d2-94b21bb0211f", "f8cd5098-5e2e-4fff-b517-3a55cca43994", "65022984-8981-40c5-b6d2-94b21bb0211f"], "accesspoints": ["475c0a4d-ae0b-431a-bc55-1adcd97008dc", "96d4c961-d99e-4ed6-b2bf-f8a1a32ebb46"]}}, {"model": "membershiporganization.membershiporganizationrealend", "pk": 1, "fields": {"lang": null, "confidence": "1", "object_ref": 1, "value": null, "sources": [], "accesspoints": []}}, {"model": "membershiporganization.membershiporganizationrealstart", "pk": 1, "fields": {"lang": "en", "confidence": "1", "object_ref": 1, "value": true, "sources": [], "accesspoints": []}}, {"model": "membershiporganization.membershiporganizationfirstciteddate", "pk": 2, "fields": {"lang": "en", "confidence": "1", "object_ref": 2, "value": "2008-03-01", "sources": ["be7f2a91-8efd-4047-883b-7ba92e83bb4f", "be7f2a91-8efd-4047-883b-7ba92e83bb4f"], "accesspoints": ["c9f5d629-82f5-403a-90b4-83bc68496088"]}}, {"model": "membershiporganization.membershiporganizationmember", "pk": 2, "fields": {"lang": null, "confidence": "1", "object_ref": 2, "value": 219, "sources": ["be7f2a91-8efd-4047-883b-7ba92e83bb4f", "be7f2a91-8efd-4047-883b-7ba92e83bb4f"], "accesspoints": ["c9f5d629-82f5-403a-90b4-83bc68496088"]}}, {"model": "membershiporganization.membershiporganizationorganization", "pk": 2, "fields": {"lang": null, "confidence": "1", "object_ref": 2, "value": 221, "sources": ["be7f2a91-8efd-4047-883b-7ba92e83bb4f", "be7f2a91-8efd-4047-883b-7ba92e83bb4f"], "accesspoints": ["c9f5d629-82f5-403a-90b4-83bc68496088"]}}, {"model": "membershiporganization.membershiporganizationrealend", "pk": 2, "fields": {"lang": null, "confidence": "1", "object_ref": 2, "value": false, "sources": [], "accesspoints": []}}, {"model": "membershiporganization.membershiporganizationrealstart", "pk": 2, "fields": {"lang": "en", "confidence": "1", "object_ref": 2, "value": true, "sources": [], "accesspoints": []}}, {"model": "membershiporganization.membershiporganizationfirstciteddate", "pk": 3, "fields": {"lang": "en", "confidence": "1", "object_ref": 3, "value": "2010-12-24", "sources": ["de469539-3eed-470a-9d82-169aef14572f", "de469539-3eed-470a-9d82-169aef14572f"], "accesspoints": ["ca1d09a9-8996-42e2-8c87-94a2c4d49f08"]}}, {"model": "membershiporganization.membershiporganizationmember", "pk": 3, "fields": {"lang": null, "confidence": "1", "object_ref": 3, "value": 222, "sources": ["de469539-3eed-470a-9d82-169aef14572f", "be7f2a91-8efd-4047-883b-7ba92e83bb4f", "be7f2a91-8efd-4047-883b-7ba92e83bb4f", "de469539-3eed-470a-9d82-169aef14572f"], "accesspoints": ["c9f5d629-82f5-403a-90b4-83bc68496088", "ca1d09a9-8996-42e2-8c87-94a2c4d49f08"]}}, {"model": "membershiporganization.membershiporganizationorganization", "pk": 3, "fields": {"lang": null, "confidence": "1", "object_ref": 3, "value": 221, "sources": ["de469539-3eed-470a-9d82-169aef14572f", "be7f2a91-8efd-4047-883b-7ba92e83bb4f", "be7f2a91-8efd-4047-883b-7ba92e83bb4f", "de469539-3eed-470a-9d82-169aef14572f"], "accesspoints": ["c9f5d629-82f5-403a-90b4-83bc68496088", "ca1d09a9-8996-42e2-8c87-94a2c4d49f08"]}}, {"model": "membershiporganization.membershiporganizationrealend", "pk": 3, "fields": {"lang": null, "confidence": "1", "object_ref": 3, "value": null, "sources": [], "accesspoints": []}}, {"model": "membershiporganization.membershiporganizationrealstart", "pk": 3, "fields": {"lang": "en", "confidence": "1", "object_ref": 3, "value": true, "sources": [], "accesspoints": []}}, {"model": "membershiporganization.membershiporganizationrealstart", "pk": 238, "fields": {"lang": null, "confidence": "1", "object_ref": 3, "value": false, "sources": [], "accesspoints": []}}, {"model": "membershiporganization.membershiporganizationfirstciteddate", "pk": 4, "fields": {"lang": "en", "confidence": "1", "object_ref": 4, "value": "2008-06-27", "sources": ["60441a55-2dbb-41e2-92a6-20f4dab61ff5", "60441a55-2dbb-41e2-92a6-20f4dab61ff5"], "accesspoints": ["3eca06fd-af4d-4a06-8bdf-6ed8fefcdcab"]}}, {"model": "membershiporganization.membershiporganizationmember", "pk": 4, "fields": {"lang": null, "confidence": "1", "object_ref": 4, "value": 224, "sources": ["f8cd5098-5e2e-4fff-b517-3a55cca43994", "60441a55-2dbb-41e2-92a6-20f4dab61ff5", "65022984-8981-40c5-b6d2-94b21bb0211f", "65022984-8981-40c5-b6d2-94b21bb0211f", "f8cd5098-5e2e-4fff-b517-3a55cca43994", "60441a55-2dbb-41e2-92a6-20f4dab61ff5"], "accesspoints": ["475c0a4d-ae0b-431a-bc55-1adcd97008dc", "3eca06fd-af4d-4a06-8bdf-6ed8fefcdcab", "96d4c961-d99e-4ed6-b2bf-f8a1a32ebb46"]}}, {"model": "membershiporganization.membershiporganizationorganization", "pk": 4, "fields": {"lang": null, "confidence": "1", "object_ref": 4, "value": 212, "sources": ["f8cd5098-5e2e-4fff-b517-3a55cca43994", "60441a55-2dbb-41e2-92a6-20f4dab61ff5", "65022984-8981-40c5-b6d2-94b21bb0211f", "65022984-8981-40c5-b6d2-94b21bb0211f", "f8cd5098-5e2e-4fff-b517-3a55cca43994", "60441a55-2dbb-41e2-92a6-20f4dab61ff5"], "accesspoints": ["475c0a4d-ae0b-431a-bc55-1adcd97008dc", "3eca06fd-af4d-4a06-8bdf-6ed8fefcdcab", "96d4c961-d99e-4ed6-b2bf-f8a1a32ebb46"]}}, {"model": "membershiporganization.membershiporganizationrealend", "pk": 4, "fields": {"lang": null, "confidence": "1", "object_ref": 4, "value": false, "sources": [], "accesspoints": []}}, {"model": "membershiporganization.membershiporganizationrealstart", "pk": 4, "fields": {"lang": "en", "confidence": "1", "object_ref": 4, "value": true, "sources": [], "accesspoints": []}}, {"model": "membershiporganization.membershiporganizationrealstart", "pk": 239, "fields": {"lang": null, "confidence": "1", "object_ref": 4, "value": false, "sources": [], "accesspoints": []}}, {"model": "membershiporganization.membershiporganizationfirstciteddate", "pk": 5, "fields": {"lang": "en", "confidence": "1", "object_ref": 5, "value": "2010-01-07", "sources": ["46e8a540-8e34-47d2-8fda-b293a6794c56", "46e8a540-8e34-47d2-8fda-b293a6794c56"], "accesspoints": ["67ef573c-351f-4c5b-b92b-990fef387b76"]}}, {"model": "membershiporganization.membershiporganizationmember", "pk": 5, "fields": {"lang": null, "confidence": "1", "object_ref": 5, "value": 237, "sources": ["f8cd5098-5e2e-4fff-b517-3a55cca43994", "46e8a540-8e34-47d2-8fda-b293a6794c56", "60441a55-2dbb-41e2-92a6-20f4dab61ff5", "65022984-8981-40c5-b6d2-94b21bb0211f", "65022984-8981-40c5-b6d2-94b21bb0211f", "60441a55-2dbb-41e2-92a6-20f4dab61ff5", "f8cd5098-5e2e-4fff-b517-3a55cca43994", "46e8a540-8e34-47d2-8fda-b293a6794c56"], "accesspoints": ["475c0a4d-ae0b-431a-bc55-1adcd97008dc", "3eca06fd-af4d-4a06-8bdf-6ed8fefcdcab", "67ef573c-351f-4c5b-b92b-990fef387b76", "96d4c961-d99e-4ed6-b2bf-f8a1a32ebb46"]}}, {"model": "membershiporganization.membershiporganizationorganization", "pk": 5, "fields": {"lang": null, "confidence": "1", "object_ref": 5, "value": 212, "sources": ["f8cd5098-5e2e-4fff-b517-3a55cca43994", "46e8a540-8e34-47d2-8fda-b293a6794c56", "60441a55-2dbb-41e2-92a6-20f4dab61ff5", "65022984-8981-40c5-b6d2-94b21bb0211f", "65022984-8981-40c5-b6d2-94b21bb0211f", "60441a55-2dbb-41e2-92a6-20f4dab61ff5", "f8cd5098-5e2e-4fff-b517-3a55cca43994", "46e8a540-8e34-47d2-8fda-b293a6794c56"], "accesspoints": ["475c0a4d-ae0b-431a-bc55-1adcd97008dc", "3eca06fd-af4d-4a06-8bdf-6ed8fefcdcab", "67ef573c-351f-4c5b-b92b-990fef387b76", "96d4c961-d99e-4ed6-b2bf-f8a1a32ebb46"]}}, {"model": "membershiporganization.membershiporganizationrealend", "pk": 5, "fields": {"lang": null, "confidence": "1", "object_ref": 5, "value": null, "sources": [], "accesspoints": []}}, {"model": "membershiporganization.membershiporganizationrealstart", "pk": 5, "fields": {"lang": "en", "confidence": "1", "object_ref": 5, "value": true, "sources": [], "accesspoints": []}}, {"model": "membershiporganization.membershiporganizationfirstciteddate", "pk": 6, "fields": {"lang": "en", "confidence": "1", "object_ref": 6, "value": "2009-09-11", "sources": ["8d440500-9d0a-4e6d-af26-5cc334546644", "8d440500-9d0a-4e6d-af26-5cc334546644"], "accesspoints": ["82250ee8-bdc2-4c96-a5e6-4807545f21ac"]}}, {"model": "membershiporganization.membershiporganizationlastciteddate", "pk": 1, "fields": {"lang": "en", "confidence": "1", "object_ref": 6, "value": "2009-10-06", "sources": ["203f1508-31b6-4b17-b611-39fc61998506", "203f1508-31b6-4b17-b611-39fc61998506"], "accesspoints": ["4015becc-b630-4e42-841b-32627a2fc610"]}}, {"model": "membershiporganization.membershiporganizationmember", "pk": 6, "fields": {"lang": null, "confidence": "1", "object_ref": 6, "value": 245, "sources": ["f8cd5098-5e2e-4fff-b517-3a55cca43994", "203f1508-31b6-4b17-b611-39fc61998506", "8d440500-9d0a-4e6d-af26-5cc334546644", "c05a0614-c5e4-4608-b52b-acca55ef5b8d", "46e8a540-8e34-47d2-8fda-b293a6794c56", "60441a55-2dbb-41e2-92a6-20f4dab61ff5", "65022984-8981-40c5-b6d2-94b21bb0211f", "65022984-8981-40c5-b6d2-94b21bb0211f", "60441a55-2dbb-41e2-92a6-20f4dab61ff5", "f8cd5098-5e2e-4fff-b517-3a55cca43994", "46e8a540-8e34-47d2-8fda-b293a6794c56", "203f1508-31b6-4b17-b611-39fc61998506", "8d440500-9d0a-4e6d-af26-5cc334546644", "c05a0614-c5e4-4608-b52b-acca55ef5b8d"], "accesspoints": ["475c0a4d-ae0b-431a-bc55-1adcd97008dc", "3eca06fd-af4d-4a06-8bdf-6ed8fefcdcab", "67ef573c-351f-4c5b-b92b-990fef387b76", "3578d0f7-e937-429f-b233-5a6058fc108c", "82250ee8-bdc2-4c96-a5e6-4807545f21ac", "4015becc-b630-4e42-841b-32627a2fc610", "96d4c961-d99e-4ed6-b2bf-f8a1a32ebb46"]}}, {"model": "membershiporganization.membershiporganizationorganization", "pk": 6, "fields": {"lang": null, "confidence": "1", "object_ref": 6, "value": 212, "sources": ["f8cd5098-5e2e-4fff-b517-3a55cca43994", "203f1508-31b6-4b17-b611-39fc61998506", "8d440500-9d0a-4e6d-af26-5cc334546644", "c05a0614-c5e4-4608-b52b-acca55ef5b8d", "46e8a540-8e34-47d2-8fda-b293a6794c56", "60441a55-2dbb-41e2-92a6-20f4dab61ff5", "65022984-8981-40c5-b6d2-94b21bb0211f", "65022984-8981-40c5-b6d2-94b21bb0211f", "60441a55-2dbb-41e2-92a6-20f4dab61ff5", "f8cd5098-5e2e-4fff-b517-3a55cca43994", "46e8a540-8e34-47d2-8fda-b293a6794c56", "203f1508-31b6-4b17-b611-39fc61998506", "8d440500-9d0a-4e6d-af26-5cc334546644", "c05a0614-c5e4-4608-b52b-acca55ef5b8d"], "accesspoints": ["475c0a4d-ae0b-431a-bc55-1adcd97008dc", "3eca06fd-af4d-4a06-8bdf-6ed8fefcdcab", "67ef573c-351f-4c5b-b92b-990fef387b76", "3578d0f7-e937-429f-b233-5a6058fc108c", "82250ee8-bdc2-4c96-a5e6-4807545f21ac", "4015becc-b630-4e42-841b-32627a2fc610", "96d4c961-d99e-4ed6-b2bf-f8a1a32ebb46"]}}, {"model": "membershiporganization.membershiporganizationrealend", "pk": 6, "fields": {"lang": null, "confidence": "1", "object_ref": 6, "value": false, "sources": [], "accesspoints": []}}, {"model": "membershiporganization.membershiporganizationrealstart", "pk": 6, "fields": {"lang": "en", "confidence": "1", "object_ref": 6, "value": true, "sources": [], "accesspoints": []}}, {"model": "membershiporganization.membershiporganizationrealstart", "pk": 240, "fields": {"lang": null, "confidence": "1", "object_ref": 6, "value": false, "sources": [], "accesspoints": []}}, {"model": "membershiporganization.membershiporganizationfirstciteddate", "pk": 7, "fields": {"lang": "en", "confidence": "1", "object_ref": 7, "value": "2010-12-24", "sources": ["de469539-3eed-470a-9d82-169aef14572f", "de469539-3eed-470a-9d82-169aef14572f"], "accesspoints": ["ca1d09a9-8996-42e2-8c87-94a2c4d49f08"]}}, {"model": "membershiporganization.membershiporganizationmember", "pk": 7, "fields": {"lang": null, "confidence": "1", "object_ref": 7, "value": 259, "sources": ["de469539-3eed-470a-9d82-169aef14572f", "be7f2a91-8efd-4047-883b-7ba92e83bb4f", "be7f2a91-8efd-4047-883b-7ba92e83bb4f", "de469539-3eed-470a-9d82-169aef14572f"], "accesspoints": ["c9f5d629-82f5-403a-90b4-83bc68496088", "ca1d09a9-8996-42e2-8c87-94a2c4d49f08"]}}, {"model": "membershiporganization.membershiporganizationorganization", "pk": 7, "fields": {"lang": null, "confidence": "1", "object_ref": 7, "value": 221, "sources": ["de469539-3eed-470a-9d82-169aef14572f", "be7f2a91-8efd-4047-883b-7ba92e83bb4f", "be7f2a91-8efd-4047-883b-7ba92e83bb4f", "de469539-3eed-470a-9d82-169aef14572f"], "accesspoints": ["c9f5d629-82f5-403a-90b4-83bc68496088", "ca1d09a9-8996-42e2-8c87-94a2c4d49f08"]}}, {"model": "membershiporganization.membershiporganizationrealend", "pk": 7, "fields": {"lang": null, "confidence": "1", "object_ref": 7, "value": false, "sources": [], "accesspoints": []}}, {"model": "membershiporganization.membershiporganizationrealstart", "pk": 7, "fields": {"lang": "en", "confidence": "1", "object_ref": 7, "value": true, "sources": [], "accesspoints": []}}, {"model": "membershiporganization.membershiporganizationrealstart", "pk": 241, "fields": {"lang": null, "confidence": "1", "object_ref": 7, "value": false, "sources": [], "accesspoints": []}}, {"model": "membershiporganization.membershiporganizationfirstciteddate", "pk": 8, "fields": {"lang": "en", "confidence": "1", "object_ref": 8, "value": "2009-06-24", "sources": ["1da4a716-9056-45ee-814f-a736db8a95cd", "1da4a716-9056-45ee-814f-a736db8a95cd"], "accesspoints": ["4c7bd93e-88d0-4e23-85b4-ad17ca6f6c7d"]}}, {"model": "membershiporganization.membershiporganizationmember", "pk": 8, "fields": {"lang": null, "confidence": "1", "object_ref": 8, "value": 267, "sources": ["f8cd5098-5e2e-4fff-b517-3a55cca43994", "203f1508-31b6-4b17-b611-39fc61998506", "8d440500-9d0a-4e6d-af26-5cc334546644", "c05a0614-c5e4-4608-b52b-acca55ef5b8d", "46e8a540-8e34-47d2-8fda-b293a6794c56", "1da4a716-9056-45ee-814f-a736db8a95cd", "60441a55-2dbb-41e2-92a6-20f4dab61ff5", "65022984-8981-40c5-b6d2-94b21bb0211f", "203f1508-31b6-4b17-b611-39fc61998506", "8d440500-9d0a-4e6d-af26-5cc334546644", "c05a0614-c5e4-4608-b52b-acca55ef5b8d", "f8cd5098-5e2e-4fff-b517-3a55cca43994", "65022984-8981-40c5-b6d2-94b21bb0211f", "60441a55-2dbb-41e2-92a6-20f4dab61ff5", "46e8a540-8e34-47d2-8fda-b293a6794c56", "1da4a716-9056-45ee-814f-a736db8a95cd"], "accesspoints": ["475c0a4d-ae0b-431a-bc55-1adcd97008dc", "3eca06fd-af4d-4a06-8bdf-6ed8fefcdcab", "4c7bd93e-88d0-4e23-85b4-ad17ca6f6c7d", "67ef573c-351f-4c5b-b92b-990fef387b76", "3578d0f7-e937-429f-b233-5a6058fc108c", "82250ee8-bdc2-4c96-a5e6-4807545f21ac", "4015becc-b630-4e42-841b-32627a2fc610", "96d4c961-d99e-4ed6-b2bf-f8a1a32ebb46"]}}, {"model": "membershiporganization.membershiporganizationorganization", "pk": 8, "fields": {"lang": null, "confidence": "1", "object_ref": 8, "value": 212, "sources": ["f8cd5098-5e2e-4fff-b517-3a55cca43994", "203f1508-31b6-4b17-b611-39fc61998506", "8d440500-9d0a-4e6d-af26-5cc334546644", "c05a0614-c5e4-4608-b52b-acca55ef5b8d", "46e8a540-8e34-47d2-8fda-b293a6794c56", "1da4a716-9056-45ee-814f-a736db8a95cd", "60441a55-2dbb-41e2-92a6-20f4dab61ff5", "65022984-8981-40c5-b6d2-94b21bb0211f", "203f1508-31b6-4b17-b611-39fc61998506", "8d440500-9d0a-4e6d-af26-5cc334546644", "c05a0614-c5e4-4608-b52b-acca55ef5b8d", "f8cd5098-5e2e-4fff-b517-3a55cca43994", "65022984-8981-40c5-b6d2-94b21bb0211f", "60441a55-2dbb-41e2-92a6-20f4dab61ff5", "46e8a540-8e34-47d2-8fda-b293a6794c56", "1da4a716-9056-45ee-814f-a736db8a95cd"], "accesspoints": ["475c0a4d-ae0b-431a-bc55-1adcd97008dc", "3eca06fd-af4d-4a06-8bdf-6ed8fefcdcab", "4c7bd93e-88d0-4e23-85b4-ad17ca6f6c7d", "67ef573c-351f-4c5b-b92b-990fef387b76", "3578d0f7-e937-429f-b233-5a6058fc108c", "82250ee8-bdc2-4c96-a5e6-4807545f21ac", "4015becc-b630-4e42-841b-32627a2fc610", "96d4c961-d99e-4ed6-b2bf-f8a1a32ebb46"]}}, {"model": "membershiporganization.membershiporganizationrealend", "pk": 8, "fields": {"lang": null, "confidence": "1", "object_ref": 8, "value": null, "sources": [], "accesspoints": []}}, {"model": "membershiporganization.membershiporganizationrealstart", "pk": 8, "fields": {"lang": "en", "confidence": "1", "object_ref": 8, "value": true, "sources": [], "accesspoints": []}}, {"model": "membershiporganization.membershiporganizationrealstart", "pk": 242, "fields": {"lang": null, "confidence": "1", "object_ref": 8, "value": false, "sources": [], "accesspoints": []}}, {"model": "membershiporganization.membershiporganizationfirstciteddate", "pk": 9, "fields": {"lang": "en", "confidence": "1", "object_ref": 9, "value": "2012-01-12", "sources": ["f0cce035-4f51-4b0b-918b-b70e6c44c728", "f0cce035-4f51-4b0b-918b-b70e6c44c728"], "accesspoints": ["eb88aec9-398d-4c1c-b038-f3e123a0e61d"]}}, {"model": "membershiporganization.membershiporganizationmember", "pk": 9, "fields": {"lang": null, "confidence": "1", "object_ref": 9, "value": 269, "sources": ["f0cce035-4f51-4b0b-918b-b70e6c44c728", "f0cce035-4f51-4b0b-918b-b70e6c44c728"], "accesspoints": ["eb88aec9-398d-4c1c-b038-f3e123a0e61d"]}}, {"model": "membershiporganization.membershiporganizationorganization", "pk": 9, "fields": {"lang": null, "confidence": "1", "object_ref": 9, "value": 270, "sources": ["f0cce035-4f51-4b0b-918b-b70e6c44c728", "f0cce035-4f51-4b0b-918b-b70e6c44c728"], "accesspoints": ["eb88aec9-398d-4c1c-b038-f3e123a0e61d"]}}, {"model": "membershiporganization.membershiporganizationrealend", "pk": 9, "fields": {"lang": null, "confidence": "1", "object_ref": 9, "value": null, "sources": [], "accesspoints": []}}, {"model": "membershiporganization.membershiporganizationfirstciteddate", "pk": 10, "fields": {"lang": "en", "confidence": "1", "object_ref": 10, "value": "2010-12-24", "sources": ["de469539-3eed-470a-9d82-169aef14572f", "de469539-3eed-470a-9d82-169aef14572f"], "accesspoints": ["ca1d09a9-8996-42e2-8c87-94a2c4d49f08"]}}, {"model": "membershiporganization.membershiporganizationmember", "pk": 10, "fields": {"lang": null, "confidence": "1", "object_ref": 10, "value": 272, "sources": ["de469539-3eed-470a-9d82-169aef14572f", "be7f2a91-8efd-4047-883b-7ba92e83bb4f", "be7f2a91-8efd-4047-883b-7ba92e83bb4f", "de469539-3eed-470a-9d82-169aef14572f"], "accesspoints": ["c9f5d629-82f5-403a-90b4-83bc68496088", "ca1d09a9-8996-42e2-8c87-94a2c4d49f08"]}}, {"model": "membershiporganization.membershiporganizationorganization", "pk": 10, "fields": {"lang": null, "confidence": "1", "object_ref": 10, "value": 221, "sources": ["de469539-3eed-470a-9d82-169aef14572f", "be7f2a91-8efd-4047-883b-7ba92e83bb4f", "be7f2a91-8efd-4047-883b-7ba92e83bb4f", "de469539-3eed-470a-9d82-169aef14572f"], "accesspoints": ["c9f5d629-82f5-403a-90b4-83bc68496088", "ca1d09a9-8996-42e2-8c87-94a2c4d49f08"]}}, {"model": "membershiporganization.membershiporganizationrealend", "pk": 10, "fields": {"lang": null, "confidence": "1", "object_ref": 10, "value": null, "sources": [], "accesspoints": []}}, {"model": "source.source", "pk": "65022984-8981-40c5-b6d2-94b21bb0211f", "fields": {"title": "(No Headline In Original)", "publication": "Servicio Universal de Noticias", "publication_country": "Mexico", "published_on": "2009-11-20", "source_url": null, "date_updated": "2017-10-28T01:32:54.670Z", "date_added": "2017-10-28T01:32:54.670Z", "user": 1}}, {"model": "source.accesspoint", "pk": "475c0a4d-ae0b-431a-bc55-1adcd97008dc", "fields": {"page_number": null, "accessed_on": null, "archive_url": null, "source": "65022984-8981-40c5-b6d2-94b21bb0211f", "user": 1}}, {"model": "organization.organization", "pk": 210, "fields": {"uuid": "f90596a2-c930-45b6-bf82-c4ef7fcd2da5"}}, {"model": "source.source", "pk": "f8cd5098-5e2e-4fff-b517-3a55cca43994", "fields": {"title": "\u201cCurr\u00edculum Vitae\u201d", "publication": "Gobierno del Estado de Guerrero. Access", "publication_country": null, "published_on": "2017-06-23", "source_url": "http://administracion2014-2015.guerrero.gob.mx/directorio/406606-2/", "date_updated": "2017-10-28T03:28:51.003Z", "date_added": "2017-10-28T03:28:51.003Z", "user": 1}}, {"model": "source.accesspoint", "pk": "96d4c961-d99e-4ed6-b2bf-f8a1a32ebb46", "fields": {"page_number": null, "accessed_on": null, "archive_url": "https://web.archive.org/web/20170623175145/http://administracion2014-2015.guerrero.gob.mx/directorio/406606-2/", "source": "f8cd5098-5e2e-4fff-b517-3a55cca43994", "user": 1}}, {"model": "organization.organization", "pk": 212, "fields": {"uuid": "6d1d5917-83dc-45a6-9216-d2ec1b45027a"}}, {"model": "source.source", "pk": "be7f2a91-8efd-4047-883b-7ba92e83bb4f", "fields": {"title": "Refuerzan operativo en NL y Tamaulipas", "publication": "El Universal", "publication_country": "Mexico", "published_on": "2008-02-27", "source_url": "http://archivo.eluniversal.com.mx/nacion/157837.html", "date_updated": "2017-10-28T01:33:08.649Z", "date_added": "2017-10-28T01:33:08.650Z", "user": 1}}, {"model": "source.accesspoint", "pk": "c9f5d629-82f5-403a-90b4-83bc68496088", "fields": {"page_number": null, "accessed_on": null, "archive_url": "https://web.archive.org/web/20170614194128/http://archivo.eluniversal.com.mx/nacion/157837.html", "source": "be7f2a91-8efd-4047-883b-7ba92e83bb4f", "user": 1}}, {"model": "organization.organization", "pk": 219, "fields": {"uuid": "546dbfa4-e18e-4fac-9d8f-e5918fe524b2"}}, {"model": "organization.organization", "pk": 221, "fields": {"uuid": "14a74be0-0e43-4f7a-a18b-81fb7054a2a1"}}, {"model": "source.source", "pk": "de469539-3eed-470a-9d82-169aef14572f", "fields": {"title": "\"Monterrey, N", "publication": "L., a 24 de diciembre de 2010.\" Secretar\u00eda de la Defensa Nacional", "publication_country": "Mexico", "published_on": "2010-12-24", "source_url": "http://www.sedena.gob.mx/servlet/Satellite?c=articulo_C&cid=1393962428818&d=Desktop&pagename=sedena%2Farticulo_C%2FSArticuloSinPaginaLayout", "date_updated": "2017-10-28T01:33:19.636Z", "date_added": "2017-10-28T01:33:19.636Z", "user": 1}}, {"model": "source.accesspoint", "pk": "ca1d09a9-8996-42e2-8c87-94a2c4d49f08", "fields": {"page_number": null, "accessed_on": null, "archive_url": "https://web.archive.org/web/20150823121345/http://www.sedena.gob.mx/servlet/Satellite?c=articulo_C&cid=1393962428818&d=Desktop&pagename=sedena%2Farticulo_C%2FSArticuloSinPaginaLayout", "source": "de469539-3eed-470a-9d82-169aef14572f", "user": 1}}, {"model": "organization.organization", "pk": 222, "fields": {"uuid": "95f012d1-f84a-495b-95d2-d025701591fb"}}, {"model": "source.source", "pk": "60441a55-2dbb-41e2-92a6-20f4dab61ff5", "fields": {"title": "Recomendaci\u00f3n 28/2009 sobre el caso del se\u00f1or Miguel \u00c1ngel Gonz\u00e1lez Gonz\u00e1lez. Comisi\u00f3n Nacional de los Derechos Humanos (Mexico).  28 April 2009. http://www.cndh.org.mx/sites/all/doc/Recomendaciones/2009/Rec_2009_028.pdf Internet Archive link: https://web.archive.org/web/20170705162740/http://www.cndh.org.mx/sites/all/doc/Recomendaciones/2009/Rec_2009_028.pdf", "publication": null, "publication_country": null, "published_on": "1900-01-01", "source_url": null, "date_updated": "2017-10-28T01:33:38.295Z", "date_added": "2017-10-28T01:33:38.295Z", "user": 1}}, {"model": "source.accesspoint", "pk": "3eca06fd-af4d-4a06-8bdf-6ed8fefcdcab", "fields": {"page_number": null, "accessed_on": null, "archive_url": null, "source": "60441a55-2dbb-41e2-92a6-20f4dab61ff5", "user": 1}}, {"model": "organization.organization", "pk": 224, "fields": {"uuid": "be5c1245-d9c8-4614-bd98-32d26558db52"}}, {"model": "source.source", "pk": "46e8a540-8e34-47d2-8fda-b293a6794c56", "fields": {"title": "Concluye el relevo de militares con la llegada de cinco nuevos batallones", "publication": "La Red Noticias", "publication_country": "Mexico", "published_on": "2010-01-07", "source_url": "http://www.larednoticias.com/noticias.cfm?n=39007", "date_updated": "2017-10-28T01:34:00.183Z", "date_added": "2017-10-28T01:34:00.183Z", "user": 1}}, {"model": "source.accesspoint", "pk": "67ef573c-351f-4c5b-b92b-990fef387b76", "fields": {"page_number": null, "accessed_on": null, "archive_url": "http://web.archive.org/web/20170625040435/http://www.larednoticias.com/noticias.cfm?n=39007", "source": "46e8a540-8e34-47d2-8fda-b293a6794c56", "user": 1}}, {"model": "organization.organization", "pk": 237, "fields": {"uuid": "7a538f54-9fa9-45f1-bf25-6a1b9a3f9e77"}}, {"model": "source.source", "pk": "8d440500-9d0a-4e6d-af26-5cc334546644", "fields": {"title": "\u201cPersonal militar asegura presunto sicario\u201d", "publication": "Secretar\u00eda de la Defensa Nacional", "publication_country": "Mexico", "published_on": "2009-09-11", "source_url": "http://www.sedena.gob.mx/pdf/comunicados/2009/mandos/conjunta_chihuahua.pdf", "date_updated": "2017-10-28T01:34:15.345Z", "date_added": "2017-10-28T01:34:15.345Z", "user": 1}}, {"model": "source.accesspoint", "pk": "82250ee8-bdc2-4c96-a5e6-4807545f21ac", "fields": {"page_number": null, "accessed_on": null, "archive_url": "https://web.archive.org/web/20170623170740/http://www.sedena.gob.mx/pdf/comunicados/2009/mandos/conjunta_chihuahua.pdf", "source": "8d440500-9d0a-4e6d-af26-5cc334546644", "user": 1}}, {"model": "source.source", "pk": "203f1508-31b6-4b17-b611-39fc61998506", "fields": {"title": "\"Personal militar asegura a 4 presuntos sicarios, integrantes de la banda conocida como \u201cLos Aztecas\u201d en el estado de Chihuahua\"", "publication": "Secretar\u00eda de la Defensa Nacional", "publication_country": "Mexico", "published_on": "2009-10-07", "source_url": "http://www.sedena.gob.mx/pdf/comunicados/2009/0071009.pdf", "date_updated": "2017-10-28T01:34:15.356Z", "date_added": "2017-10-28T01:34:15.356Z", "user": 1}}, {"model": "source.accesspoint", "pk": "4015becc-b630-4e42-841b-32627a2fc610", "fields": {"page_number": null, "accessed_on": null, "archive_url": "https://web.archive.org/web/20130617105812/http://www.sedena.gob.mx/pdf/comunicados/2009/0071009.pdf", "source": "203f1508-31b6-4b17-b611-39fc61998506", "user": 1}}, {"model": "organization.organization", "pk": 245, "fields": {"uuid": "198deeba-679b-42c8-b71a-72725c79278b"}}, {"model": "source.source", "pk": "c05a0614-c5e4-4608-b52b-acca55ef5b8d", "fields": {"title": "\u201cPersonal de la Operaci\u00f3n Conjunta \u201cChihuahua\u201d, detiene a dos Delincuentes, un Arma, Droga y un Veh\u00edculo\u201d", "publication": "Secretar\u00eda de la Defensa Nacional", "publication_country": "Mexico", "published_on": "2009-10-22", "source_url": "http://www.gob.mx/sedena/prensa/personal-de-la-operacion-conjunta-chihuahua-detiene-a-dos-delincuentes-un-arma-droga-y-un-vehiculo", "date_updated": "2017-10-28T01:34:15.079Z", "date_added": "2017-10-28T01:34:15.079Z", "user": 1}}, {"model": "source.accesspoint", "pk": "3578d0f7-e937-429f-b233-5a6058fc108c", "fields": {"page_number": null, "accessed_on": null, "archive_url": "http://web.archive.org/web/20170622205544/http://www.gob.mx/sedena/prensa/personal-de-la-operacion-conjunta-chihuahua-detiene-a-dos-delincuentes-un-arma-droga-y-un-vehiculo", "source": "c05a0614-c5e4-4608-b52b-acca55ef5b8d", "user": 1}}, {"model": "organization.organization", "pk": 259, "fields": {"uuid": "190b4a2d-688e-468c-a415-c634c6d3a5c4"}}, {"model": "source.source", "pk": "1da4a716-9056-45ee-814f-a736db8a95cd", "fields": {"title": "\u201cRecomendaci\u00f3n No. 52/2010 sobre el caso del se\u00f1or \u2018V\u2019\u201d. Comisi\u00f3n Nacional de los Derechos Humanos (Mexico). 30 Septiembre 2010. http://www.cndh.org.mx/sites/all/doc/Recomendaciones/2010/Rec_2010_052.pdf Internet Archive link: https://web.archive.org/web/20170705150357/http://www.cndh.org.mx/sites/all/doc/Recomendaciones/2010/Rec_2010_052.pdf", "publication": null, "publication_country": null, "published_on": "1900-01-01", "source_url": null, "date_updated": "2017-10-28T01:35:42.756Z", "date_added": "2017-10-28T01:35:42.756Z", "user": 1}}, {"model": "source.accesspoint", "pk": "4c7bd93e-88d0-4e23-85b4-ad17ca6f6c7d", "fields": {"page_number": null, "accessed_on": null, "archive_url": null, "source": "1da4a716-9056-45ee-814f-a736db8a95cd", "user": 1}}, {"model": "organization.organization", "pk": 267, "fields": {"uuid": "50cf713b-6d90-4826-a0c8-3688d1fcac23"}}, {"model": "source.source", "pk": "f0cce035-4f51-4b0b-918b-b70e6c44c728", "fields": {"title": "\"Saltillo, Coah", "publication": ", a 12 de enero de 2012.\". Secretar\u00eda de la Defensa Nacional", "publication_country": "Mexico", "published_on": "2012-01-12", "source_url": "http://www.sedena.gob.mx/servlet/Satellite?c=articulo_C&cid=1393962370504&d=Desktop&pagename=sedena%2Farticulo_C%2FSArticuloSinPaginaLayout", "date_updated": "2017-10-28T01:36:04.709Z", "date_added": "2017-10-28T01:36:04.709Z", "user": 1}}, {"model": "source.accesspoint", "pk": "eb88aec9-398d-4c1c-b038-f3e123a0e61d", "fields": {"page_number": null, "accessed_on": null, "archive_url": "https://web.archive.org/web/20150821195316/http://www.sedena.gob.mx/servlet/Satellite?c=articulo_C&cid=1393962370504&d=Desktop&pagename=sedena%2Farticulo_C%2FSArticuloSinPaginaLayout", "source": "f0cce035-4f51-4b0b-918b-b70e6c44c728", "user": 1}}, {"model": "organization.organization", "pk": 269, "fields": {"uuid": "40cfc13c-d069-45e5-8813-7b22c4880bbe"}}, {"model": "organization.organization", "pk": 270, "fields": {"uuid": "77e2b78d-a5ed-47e6-bc2a-598db84eeda9"}}, {"model": "organization.organization", "pk": 272, "fields": {"uuid": "e4522a77-1816-49f1-98ab-1352e9438183"}}, {"model": "auth.user", "pk": 1, "fields": {"password": "pbkdf2_sha256$24000$F3HbMtZ32JrG$eF1tT3GLlmREsYoFLgzDi++QDi5AhjL5frqWw9vWx9A=", "last_login": null, "is_superuser": false, "username": "importer", "first_name": "", "last_name": "", "email": "importer@importer.com", "is_staff": false, "is_active": true, "date_joined": "2017-10-10T23:42:13.494Z", "groups": [], "user_permissions": []}}]