[{"model": "membershiporganization.membershiporganization", "pk": 1, "fields": {}}, {"model": "membershiporganization.membershiporganization", "pk": 2, "fields": {}}, {"model": "membershiporganization.membershiporganization", "pk": 3, "fields": {}}, {"model": "membershiporganization.membershiporganization", "pk": 4, "fields": {}}, {"model": "membershiporganization.membershiporganization", "pk": 5, "fields": {}}, {"model": "membershiporganization.membershiporganization", "pk": 6, "fields": {}}, {"model": "membershiporganization.membershiporganization", "pk": 7, "fields": {}}, {"model": "membershiporganization.membershiporganization", "pk": 8, "fields": {}}, {"model": "membershiporganization.membershiporganization", "pk": 9, "fields": {}}, {"model": "membershiporganization.membershiporganization", "pk": 10, "fields": {}}, {"model": "membershiporganization.membershiporganizationfirstciteddate", "pk": 1, "fields": {"lang": "en", "confidence": "1", "object_ref": 1, "value": "2009-11-20", "sources": ["28174e0e-24be-4788-a8dc-f3e32199e725", "28174e0e-24be-4788-a8dc-f3e32199e725"], "accesspoints": ["a3a61de3-1538-4d34-a7b9-4ab414cd6cb4"]}}, {"model": "membershiporganization.membershiporganizationmember", "pk": 1, "fields": {"lang": null, "confidence": "1", "object_ref": 1, "value": 210, "sources": ["0c9b1e2f-09b9-4fed-aa35-a057e63ee5d0", "28174e0e-24be-4788-a8dc-f3e32199e725", "0c9b1e2f-09b9-4fed-aa35-a057e63ee5d0", "28174e0e-24be-4788-a8dc-f3e32199e725"], "accesspoints": ["a3a61de3-1538-4d34-a7b9-4ab414cd6cb4", "2c34ca6a-d1f0-410f-99c7-362cf2d2e648"]}}, {"model": "membershiporganization.membershiporganizationorganization", "pk": 1, "fields": {"lang": null, "confidence": "1", "object_ref": 1, "value": 212, "sources": ["0c9b1e2f-09b9-4fed-aa35-a057e63ee5d0", "28174e0e-24be-4788-a8dc-f3e32199e725", "0c9b1e2f-09b9-4fed-aa35-a057e63ee5d0", "28174e0e-24be-4788-a8dc-f3e32199e725"], "accesspoints": ["a3a61de3-1538-4d34-a7b9-4ab414cd6cb4", "2c34ca6a-d1f0-410f-99c7-362cf2d2e648"]}}, {"model": "membershiporganization.membershiporganizationrealend", "pk": 1, "fields": {"lang": null, "confidence": "1", "object_ref": 1, "value": null, "sources": [], "accesspoints": []}}, {"model": "membershiporganization.membershiporganizationrealstart", "pk": 1, "fields": {"lang": "en", "confidence": "1", "object_ref": 1, "value": true, "sources": [], "accesspoints": []}}, {"model": "membershiporganization.membershiporganizationfirstciteddate", "pk": 2, "fields": {"lang": "en", "confidence": "1", "object_ref": 2, "value": "2008-03-01", "sources": ["99e6287b-2eb2-4bbd-9975-a99ad0a6e449", "99e6287b-2eb2-4bbd-9975-a99ad0a6e449"], "accesspoints": ["6ba5e5ee-9c2a-4dcb-9dc4-b22ac5f0b01b"]}}, {"model": "membershiporganization.membershiporganizationmember", "pk": 2, "fields": {"lang": null, "confidence": "1", "object_ref": 2, "value": 219, "sources": ["99e6287b-2eb2-4bbd-9975-a99ad0a6e449", "99e6287b-2eb2-4bbd-9975-a99ad0a6e449"], "accesspoints": ["6ba5e5ee-9c2a-4dcb-9dc4-b22ac5f0b01b"]}}, {"model": "membershiporganization.membershiporganizationorganization", "pk": 2, "fields": {"lang": null, "confidence": "1", "object_ref": 2, "value": 221, "sources": ["99e6287b-2eb2-4bbd-9975-a99ad0a6e449", "99e6287b-2eb2-4bbd-9975-a99ad0a6e449"], "accesspoints": ["6ba5e5ee-9c2a-4dcb-9dc4-b22ac5f0b01b"]}}, {"model": "membershiporganization.membershiporganizationrealend", "pk": 2, "fields": {"lang": null, "confidence": "1", "object_ref": 2, "value": false, "sources": [], "accesspoints": []}}, {"model": "membershiporganization.membershiporganizationrealstart", "pk": 2, "fields": {"lang": "en", "confidence": "1", "object_ref": 2, "value": true, "sources": [], "accesspoints": []}}, {"model": "membershiporganization.membershiporganizationfirstciteddate", "pk": 3, "fields": {"lang": "en", "confidence": "1", "object_ref": 3, "value": "2010-12-24", "sources": ["ac332d07-ea92-4b14-9b8e-78596afbfc46", "ac332d07-ea92-4b14-9b8e-78596afbfc46"], "accesspoints": ["72906f42-7eb2-4e89-a181-1fa62b1eb5de"]}}, {"model": "membershiporganization.membershiporganizationmember", "pk": 3, "fields": {"lang": null, "confidence": "1", "object_ref": 3, "value": 222, "sources": ["ac332d07-ea92-4b14-9b8e-78596afbfc46", "99e6287b-2eb2-4bbd-9975-a99ad0a6e449", "99e6287b-2eb2-4bbd-9975-a99ad0a6e449", "ac332d07-ea92-4b14-9b8e-78596afbfc46"], "accesspoints": ["6ba5e5ee-9c2a-4dcb-9dc4-b22ac5f0b01b", "72906f42-7eb2-4e89-a181-1fa62b1eb5de"]}}, {"model": "membershiporganization.membershiporganizationorganization", "pk": 3, "fields": {"lang": null, "confidence": "1", "object_ref": 3, "value": 221, "sources": ["ac332d07-ea92-4b14-9b8e-78596afbfc46", "99e6287b-2eb2-4bbd-9975-a99ad0a6e449", "99e6287b-2eb2-4bbd-9975-a99ad0a6e449", "ac332d07-ea92-4b14-9b8e-78596afbfc46"], "accesspoints": ["6ba5e5ee-9c2a-4dcb-9dc4-b22ac5f0b01b", "72906f42-7eb2-4e89-a181-1fa62b1eb5de"]}}, {"model": "membershiporganization.membershiporganizationrealend", "pk": 3, "fields": {"lang": null, "confidence": "1", "object_ref": 3, "value": null, "sources": [], "accesspoints": []}}, {"model": "membershiporganization.membershiporganizationrealstart", "pk": 3, "fields": {"lang": "en", "confidence": "1", "object_ref": 3, "value": true, "sources": [], "accesspoints": []}}, {"model": "membershiporganization.membershiporganizationrealstart", "pk": 238, "fields": {"lang": null, "confidence": "1", "object_ref": 3, "value": false, "sources": [], "accesspoints": []}}, {"model": "membershiporganization.membershiporganizationfirstciteddate", "pk": 4, "fields": {"lang": "en", "confidence": "1", "object_ref": 4, "value": "2008-06-27", "sources": ["26d8d009-67e5-4e5d-a314-1a257342194f", "26d8d009-67e5-4e5d-a314-1a257342194f"], "accesspoints": ["e29bd00f-bb9a-4329-8628-4c0c4faa29f0"]}}, {"model": "membershiporganization.membershiporganizationmember", "pk": 4, "fields": {"lang": null, "confidence": "1", "object_ref": 4, "value": 224, "sources": ["0c9b1e2f-09b9-4fed-aa35-a057e63ee5d0", "26d8d009-67e5-4e5d-a314-1a257342194f", "28174e0e-24be-4788-a8dc-f3e32199e725", "28174e0e-24be-4788-a8dc-f3e32199e725", "0c9b1e2f-09b9-4fed-aa35-a057e63ee5d0", "26d8d009-67e5-4e5d-a314-1a257342194f"], "accesspoints": ["a3a61de3-1538-4d34-a7b9-4ab414cd6cb4", "e29bd00f-bb9a-4329-8628-4c0c4faa29f0", "2c34ca6a-d1f0-410f-99c7-362cf2d2e648"]}}, {"model": "membershiporganization.membershiporganizationorganization", "pk": 4, "fields": {"lang": null, "confidence": "1", "object_ref": 4, "value": 212, "sources": ["0c9b1e2f-09b9-4fed-aa35-a057e63ee5d0", "26d8d009-67e5-4e5d-a314-1a257342194f", "28174e0e-24be-4788-a8dc-f3e32199e725", "28174e0e-24be-4788-a8dc-f3e32199e725", "0c9b1e2f-09b9-4fed-aa35-a057e63ee5d0", "26d8d009-67e5-4e5d-a314-1a257342194f"], "accesspoints": ["a3a61de3-1538-4d34-a7b9-4ab414cd6cb4", "e29bd00f-bb9a-4329-8628-4c0c4faa29f0", "2c34ca6a-d1f0-410f-99c7-362cf2d2e648"]}}, {"model": "membershiporganization.membershiporganizationrealend", "pk": 4, "fields": {"lang": null, "confidence": "1", "object_ref": 4, "value": false, "sources": [], "accesspoints": []}}, {"model": "membershiporganization.membershiporganizationrealstart", "pk": 4, "fields": {"lang": "en", "confidence": "1", "object_ref": 4, "value": true, "sources": [], "accesspoints": []}}, {"model": "membershiporganization.membershiporganizationrealstart", "pk": 239, "fields": {"lang": null, "confidence": "1", "object_ref": 4, "value": false, "sources": [], "accesspoints": []}}, {"model": "membershiporganization.membershiporganizationfirstciteddate", "pk": 5, "fields": {"lang": "en", "confidence": "1", "object_ref": 5, "value": "2010-01-07", "sources": ["c3c4dcf6-4fc4-4f15-a3bc-455dcbfa822a", "c3c4dcf6-4fc4-4f15-a3bc-455dcbfa822a"], "accesspoints": ["d9705e6f-d635-4901-940e-10395f7a8556"]}}, {"model": "membershiporganization.membershiporganizationmember", "pk": 5, "fields": {"lang": null, "confidence": "1", "object_ref": 5, "value": 237, "sources": ["0c9b1e2f-09b9-4fed-aa35-a057e63ee5d0", "c3c4dcf6-4fc4-4f15-a3bc-455dcbfa822a", "26d8d009-67e5-4e5d-a314-1a257342194f", "28174e0e-24be-4788-a8dc-f3e32199e725", "28174e0e-24be-4788-a8dc-f3e32199e725", "26d8d009-67e5-4e5d-a314-1a257342194f", "0c9b1e2f-09b9-4fed-aa35-a057e63ee5d0", "c3c4dcf6-4fc4-4f15-a3bc-455dcbfa822a"], "accesspoints": ["a3a61de3-1538-4d34-a7b9-4ab414cd6cb4", "e29bd00f-bb9a-4329-8628-4c0c4faa29f0", "d9705e6f-d635-4901-940e-10395f7a8556", "2c34ca6a-d1f0-410f-99c7-362cf2d2e648"]}}, {"model": "membershiporganization.membershiporganizationorganization", "pk": 5, "fields": {"lang": null, "confidence": "1", "object_ref": 5, "value": 212, "sources": ["0c9b1e2f-09b9-4fed-aa35-a057e63ee5d0", "c3c4dcf6-4fc4-4f15-a3bc-455dcbfa822a", "26d8d009-67e5-4e5d-a314-1a257342194f", "28174e0e-24be-4788-a8dc-f3e32199e725", "28174e0e-24be-4788-a8dc-f3e32199e725", "26d8d009-67e5-4e5d-a314-1a257342194f", "0c9b1e2f-09b9-4fed-aa35-a057e63ee5d0", "c3c4dcf6-4fc4-4f15-a3bc-455dcbfa822a"], "accesspoints": ["a3a61de3-1538-4d34-a7b9-4ab414cd6cb4", "e29bd00f-bb9a-4329-8628-4c0c4faa29f0", "d9705e6f-d635-4901-940e-10395f7a8556", "2c34ca6a-d1f0-410f-99c7-362cf2d2e648"]}}, {"model": "membershiporganization.membershiporganizationrealend", "pk": 5, "fields": {"lang": null, "confidence": "1", "object_ref": 5, "value": null, "sources": [], "accesspoints": []}}, {"model": "membershiporganization.membershiporganizationrealstart", "pk": 5, "fields": {"lang": "en", "confidence": "1", "object_ref": 5, "value": true, "sources": [], "accesspoints": []}}, {"model": "membershiporganization.membershiporganizationfirstciteddate", "pk": 6, "fields": {"lang": "en", "confidence": "1", "object_ref": 6, "value": "2009-09-11", "sources": ["4517db36-8cbf-4b1e-ade7-b238448be52e", "4517db36-8cbf-4b1e-ade7-b238448be52e"], "accesspoints": ["d07cff58-3a66-40f5-877c-55ee3d9b4195"]}}, {"model": "membershiporganization.membershiporganizationlastciteddate", "pk": 1, "fields": {"lang": "en", "confidence": "1", "object_ref": 6, "value": "2009-10-06", "sources": ["9c231f0d-2139-4b02-93c2-8e329cc21497", "9c231f0d-2139-4b02-93c2-8e329cc21497"], "accesspoints": ["c4c343b6-5711-4b28-a088-165916733ff9"]}}, {"model": "membershiporganization.membershiporganizationmember", "pk": 6, "fields": {"lang": null, "confidence": "1", "object_ref": 6, "value": 245, "sources": ["0c9b1e2f-09b9-4fed-aa35-a057e63ee5d0", "9c231f0d-2139-4b02-93c2-8e329cc21497", "4517db36-8cbf-4b1e-ade7-b238448be52e", "b5eb72d5-6bfc-4539-bd98-cb34fc40341d", "c3c4dcf6-4fc4-4f15-a3bc-455dcbfa822a", "26d8d009-67e5-4e5d-a314-1a257342194f", "28174e0e-24be-4788-a8dc-f3e32199e725", "28174e0e-24be-4788-a8dc-f3e32199e725", "26d8d009-67e5-4e5d-a314-1a257342194f", "0c9b1e2f-09b9-4fed-aa35-a057e63ee5d0", "c3c4dcf6-4fc4-4f15-a3bc-455dcbfa822a", "9c231f0d-2139-4b02-93c2-8e329cc21497", "4517db36-8cbf-4b1e-ade7-b238448be52e", "b5eb72d5-6bfc-4539-bd98-cb34fc40341d"], "accesspoints": ["a3a61de3-1538-4d34-a7b9-4ab414cd6cb4", "e29bd00f-bb9a-4329-8628-4c0c4faa29f0", "d9705e6f-d635-4901-940e-10395f7a8556", "f39ff7ac-c66d-44b9-b85f-69eddd49ee62", "d07cff58-3a66-40f5-877c-55ee3d9b4195", "c4c343b6-5711-4b28-a088-165916733ff9", "2c34ca6a-d1f0-410f-99c7-362cf2d2e648"]}}, {"model": "membershiporganization.membershiporganizationorganization", "pk": 6, "fields": {"lang": null, "confidence": "1", "object_ref": 6, "value": 212, "sources": ["0c9b1e2f-09b9-4fed-aa35-a057e63ee5d0", "9c231f0d-2139-4b02-93c2-8e329cc21497", "4517db36-8cbf-4b1e-ade7-b238448be52e", "b5eb72d5-6bfc-4539-bd98-cb34fc40341d", "c3c4dcf6-4fc4-4f15-a3bc-455dcbfa822a", "26d8d009-67e5-4e5d-a314-1a257342194f", "28174e0e-24be-4788-a8dc-f3e32199e725", "28174e0e-24be-4788-a8dc-f3e32199e725", "26d8d009-67e5-4e5d-a314-1a257342194f", "0c9b1e2f-09b9-4fed-aa35-a057e63ee5d0", "c3c4dcf6-4fc4-4f15-a3bc-455dcbfa822a", "9c231f0d-2139-4b02-93c2-8e329cc21497", "4517db36-8cbf-4b1e-ade7-b238448be52e", "b5eb72d5-6bfc-4539-bd98-cb34fc40341d"], "accesspoints": ["a3a61de3-1538-4d34-a7b9-4ab414cd6cb4", "e29bd00f-bb9a-4329-8628-4c0c4faa29f0", "d9705e6f-d635-4901-940e-10395f7a8556", "f39ff7ac-c66d-44b9-b85f-69eddd49ee62", "d07cff58-3a66-40f5-877c-55ee3d9b4195", "c4c343b6-5711-4b28-a088-165916733ff9", "2c34ca6a-d1f0-410f-99c7-362cf2d2e648"]}}, {"model": "membershiporganization.membershiporganizationrealend", "pk": 6, "fields": {"lang": null, "confidence": "1", "object_ref": 6, "value": false, "sources": [], "accesspoints": []}}, {"model": "membershiporganization.membershiporganizationrealstart", "pk": 6, "fields": {"lang": "en", "confidence": "1", "object_ref": 6, "value": true, "sources": [], "accesspoints": []}}, {"model": "membershiporganization.membershiporganizationrealstart", "pk": 240, "fields": {"lang": null, "confidence": "1", "object_ref": 6, "value": false, "sources": [], "accesspoints": []}}, {"model": "membershiporganization.membershiporganizationfirstciteddate", "pk": 7, "fields": {"lang": "en", "confidence": "1", "object_ref": 7, "value": "2010-12-24", "sources": ["ac332d07-ea92-4b14-9b8e-78596afbfc46", "ac332d07-ea92-4b14-9b8e-78596afbfc46"], "accesspoints": ["72906f42-7eb2-4e89-a181-1fa62b1eb5de"]}}, {"model": "membershiporganization.membershiporganizationmember", "pk": 7, "fields": {"lang": null, "confidence": "1", "object_ref": 7, "value": 259, "sources": ["ac332d07-ea92-4b14-9b8e-78596afbfc46", "99e6287b-2eb2-4bbd-9975-a99ad0a6e449", "99e6287b-2eb2-4bbd-9975-a99ad0a6e449", "ac332d07-ea92-4b14-9b8e-78596afbfc46"], "accesspoints": ["6ba5e5ee-9c2a-4dcb-9dc4-b22ac5f0b01b", "72906f42-7eb2-4e89-a181-1fa62b1eb5de"]}}, {"model": "membershiporganization.membershiporganizationorganization", "pk": 7, "fields": {"lang": null, "confidence": "1", "object_ref": 7, "value": 221, "sources": ["ac332d07-ea92-4b14-9b8e-78596afbfc46", "99e6287b-2eb2-4bbd-9975-a99ad0a6e449", "99e6287b-2eb2-4bbd-9975-a99ad0a6e449", "ac332d07-ea92-4b14-9b8e-78596afbfc46"], "accesspoints": ["6ba5e5ee-9c2a-4dcb-9dc4-b22ac5f0b01b", "72906f42-7eb2-4e89-a181-1fa62b1eb5de"]}}, {"model": "membershiporganization.membershiporganizationrealend", "pk": 7, "fields": {"lang": null, "confidence": "1", "object_ref": 7, "value": false, "sources": [], "accesspoints": []}}, {"model": "membershiporganization.membershiporganizationrealstart", "pk": 7, "fields": {"lang": "en", "confidence": "1", "object_ref": 7, "value": true, "sources": [], "accesspoints": []}}, {"model": "membershiporganization.membershiporganizationrealstart", "pk": 241, "fields": {"lang": null, "confidence": "1", "object_ref": 7, "value": false, "sources": [], "accesspoints": []}}, {"model": "membershiporganization.membershiporganizationfirstciteddate", "pk": 8, "fields": {"lang": "en", "confidence": "1", "object_ref": 8, "value": "2009-06-24", "sources": ["8273e3c0-6e58-41ed-bba1-edef7471f3f7", "8273e3c0-6e58-41ed-bba1-edef7471f3f7"], "accesspoints": ["c65d494a-0298-4122-b91b-c2d9df3c0a2c"]}}, {"model": "membershiporganization.membershiporganizationmember", "pk": 8, "fields": {"lang": null, "confidence": "1", "object_ref": 8, "value": 267, "sources": ["0c9b1e2f-09b9-4fed-aa35-a057e63ee5d0", "9c231f0d-2139-4b02-93c2-8e329cc21497", "4517db36-8cbf-4b1e-ade7-b238448be52e", "b5eb72d5-6bfc-4539-bd98-cb34fc40341d", "c3c4dcf6-4fc4-4f15-a3bc-455dcbfa822a", "8273e3c0-6e58-41ed-bba1-edef7471f3f7", "26d8d009-67e5-4e5d-a314-1a257342194f", "28174e0e-24be-4788-a8dc-f3e32199e725", "9c231f0d-2139-4b02-93c2-8e329cc21497", "4517db36-8cbf-4b1e-ade7-b238448be52e", "b5eb72d5-6bfc-4539-bd98-cb34fc40341d", "0c9b1e2f-09b9-4fed-aa35-a057e63ee5d0", "28174e0e-24be-4788-a8dc-f3e32199e725", "26d8d009-67e5-4e5d-a314-1a257342194f", "c3c4dcf6-4fc4-4f15-a3bc-455dcbfa822a", "8273e3c0-6e58-41ed-bba1-edef7471f3f7"], "accesspoints": ["a3a61de3-1538-4d34-a7b9-4ab414cd6cb4", "e29bd00f-bb9a-4329-8628-4c0c4faa29f0", "c65d494a-0298-4122-b91b-c2d9df3c0a2c", "d9705e6f-d635-4901-940e-10395f7a8556", "f39ff7ac-c66d-44b9-b85f-69eddd49ee62", "d07cff58-3a66-40f5-877c-55ee3d9b4195", "c4c343b6-5711-4b28-a088-165916733ff9", "2c34ca6a-d1f0-410f-99c7-362cf2d2e648"]}}, {"model": "membershiporganization.membershiporganizationorganization", "pk": 8, "fields": {"lang": null, "confidence": "1", "object_ref": 8, "value": 212, "sources": ["0c9b1e2f-09b9-4fed-aa35-a057e63ee5d0", "9c231f0d-2139-4b02-93c2-8e329cc21497", "4517db36-8cbf-4b1e-ade7-b238448be52e", "b5eb72d5-6bfc-4539-bd98-cb34fc40341d", "c3c4dcf6-4fc4-4f15-a3bc-455dcbfa822a", "8273e3c0-6e58-41ed-bba1-edef7471f3f7", "26d8d009-67e5-4e5d-a314-1a257342194f", "28174e0e-24be-4788-a8dc-f3e32199e725", "9c231f0d-2139-4b02-93c2-8e329cc21497", "4517db36-8cbf-4b1e-ade7-b238448be52e", "b5eb72d5-6bfc-4539-bd98-cb34fc40341d", "0c9b1e2f-09b9-4fed-aa35-a057e63ee5d0", "28174e0e-24be-4788-a8dc-f3e32199e725", "26d8d009-67e5-4e5d-a314-1a257342194f", "c3c4dcf6-4fc4-4f15-a3bc-455dcbfa822a", "8273e3c0-6e58-41ed-bba1-edef7471f3f7"], "accesspoints": ["a3a61de3-1538-4d34-a7b9-4ab414cd6cb4", "e29bd00f-bb9a-4329-8628-4c0c4faa29f0", "c65d494a-0298-4122-b91b-c2d9df3c0a2c", "d9705e6f-d635-4901-940e-10395f7a8556", "f39ff7ac-c66d-44b9-b85f-69eddd49ee62", "d07cff58-3a66-40f5-877c-55ee3d9b4195", "c4c343b6-5711-4b28-a088-165916733ff9", "2c34ca6a-d1f0-410f-99c7-362cf2d2e648"]}}, {"model": "membershiporganization.membershiporganizationrealend", "pk": 8, "fields": {"lang": null, "confidence": "1", "object_ref": 8, "value": null, "sources": [], "accesspoints": []}}, {"model": "membershiporganization.membershiporganizationrealstart", "pk": 8, "fields": {"lang": "en", "confidence": "1", "object_ref": 8, "value": true, "sources": [], "accesspoints": []}}, {"model": "membershiporganization.membershiporganizationrealstart", "pk": 242, "fields": {"lang": null, "confidence": "1", "object_ref": 8, "value": false, "sources": [], "accesspoints": []}}, {"model": "membershiporganization.membershiporganizationfirstciteddate", "pk": 9, "fields": {"lang": "en", "confidence": "1", "object_ref": 9, "value": "2012-01-12", "sources": ["c52c1c2b-c964-4602-8a8d-7129398adbc0", "c52c1c2b-c964-4602-8a8d-7129398adbc0"], "accesspoints": ["c02c9294-cf80-40b5-b60b-29c425f7773a"]}}, {"model": "membershiporganization.membershiporganizationmember", "pk": 9, "fields": {"lang": null, "confidence": "1", "object_ref": 9, "value": 269, "sources": ["c52c1c2b-c964-4602-8a8d-7129398adbc0", "c52c1c2b-c964-4602-8a8d-7129398adbc0"], "accesspoints": ["c02c9294-cf80-40b5-b60b-29c425f7773a"]}}, {"model": "membershiporganization.membershiporganizationorganization", "pk": 9, "fields": {"lang": null, "confidence": "1", "object_ref": 9, "value": 270, "sources": ["c52c1c2b-c964-4602-8a8d-7129398adbc0", "c52c1c2b-c964-4602-8a8d-7129398adbc0"], "accesspoints": ["c02c9294-cf80-40b5-b60b-29c425f7773a"]}}, {"model": "membershiporganization.membershiporganizationrealend", "pk": 9, "fields": {"lang": null, "confidence": "1", "object_ref": 9, "value": null, "sources": [], "accesspoints": []}}, {"model": "membershiporganization.membershiporganizationfirstciteddate", "pk": 10, "fields": {"lang": "en", "confidence": "1", "object_ref": 10, "value": "2010-12-24", "sources": ["ac332d07-ea92-4b14-9b8e-78596afbfc46", "ac332d07-ea92-4b14-9b8e-78596afbfc46"], "accesspoints": ["72906f42-7eb2-4e89-a181-1fa62b1eb5de"]}}, {"model": "membershiporganization.membershiporganizationmember", "pk": 10, "fields": {"lang": null, "confidence": "1", "object_ref": 10, "value": 272, "sources": ["ac332d07-ea92-4b14-9b8e-78596afbfc46", "99e6287b-2eb2-4bbd-9975-a99ad0a6e449", "99e6287b-2eb2-4bbd-9975-a99ad0a6e449", "ac332d07-ea92-4b14-9b8e-78596afbfc46"], "accesspoints": ["6ba5e5ee-9c2a-4dcb-9dc4-b22ac5f0b01b", "72906f42-7eb2-4e89-a181-1fa62b1eb5de"]}}, {"model": "membershiporganization.membershiporganizationorganization", "pk": 10, "fields": {"lang": null, "confidence": "1", "object_ref": 10, "value": 221, "sources": ["ac332d07-ea92-4b14-9b8e-78596afbfc46", "99e6287b-2eb2-4bbd-9975-a99ad0a6e449", "99e6287b-2eb2-4bbd-9975-a99ad0a6e449", "ac332d07-ea92-4b14-9b8e-78596afbfc46"], "accesspoints": ["6ba5e5ee-9c2a-4dcb-9dc4-b22ac5f0b01b", "72906f42-7eb2-4e89-a181-1fa62b1eb5de"]}}, {"model": "membershiporganization.membershiporganizationrealend", "pk": 10, "fields": {"lang": null, "confidence": "1", "object_ref": 10, "value": null, "sources": [], "accesspoints": []}}, {"model": "source.source", "pk": "28174e0e-24be-4788-a8dc-f3e32199e725", "fields": {"title": "(No Headline In Original)", "publication": "Servicio Universal de Noticias", "publication_country": "Mexico", "published_on": "2009-11-20", "source_url": null, "date_updated": "2017-10-28T01:32:54.670Z", "date_added": "2017-10-28T01:32:54.670Z", "user": 1}}, {"model": "source.accesspoint", "pk": "a3a61de3-1538-4d34-a7b9-4ab414cd6cb4", "fields": {"page_number": null, "accessed_on": null, "archive_url": null, "source": "28174e0e-24be-4788-a8dc-f3e32199e725", "user": 1}}, {"model": "organization.organization", "pk": 210, "fields": {"uuid": "f90596a2-c930-45b6-bf82-c4ef7fcd2da5"}}, {"model": "source.source", "pk": "0c9b1e2f-09b9-4fed-aa35-a057e63ee5d0", "fields": {"title": "\u201cCurr\u00edculum Vitae\u201d", "publication": "Gobierno del Estado de Guerrero. Access", "publication_country": null, "published_on": "2017-06-23", "source_url": "http://administracion2014-2015.guerrero.gob.mx/directorio/406606-2/", "date_updated": "2017-10-28T03:28:51.003Z", "date_added": "2017-10-28T03:28:51.003Z", "user": 1}}, {"model": "source.accesspoint", "pk": "2c34ca6a-d1f0-410f-99c7-362cf2d2e648", "fields": {"page_number": null, "accessed_on": null, "archive_url": "https://web.archive.org/web/20170623175145/http://administracion2014-2015.guerrero.gob.mx/directorio/406606-2/", "source": "0c9b1e2f-09b9-4fed-aa35-a057e63ee5d0", "user": 1}}, {"model": "organization.organization", "pk": 212, "fields": {"uuid": "6d1d5917-83dc-45a6-9216-d2ec1b45027a"}}, {"model": "source.source", "pk": "99e6287b-2eb2-4bbd-9975-a99ad0a6e449", "fields": {"title": "Refuerzan operativo en NL y Tamaulipas", "publication": "El Universal", "publication_country": "Mexico", "published_on": "2008-02-27", "source_url": "http://archivo.eluniversal.com.mx/nacion/157837.html", "date_updated": "2017-10-28T01:33:08.649Z", "date_added": "2017-10-28T01:33:08.650Z", "user": 1}}, {"model": "source.accesspoint", "pk": "6ba5e5ee-9c2a-4dcb-9dc4-b22ac5f0b01b", "fields": {"page_number": null, "accessed_on": null, "archive_url": "https://web.archive.org/web/20170614194128/http://archivo.eluniversal.com.mx/nacion/157837.html", "source": "99e6287b-2eb2-4bbd-9975-a99ad0a6e449", "user": 1}}, {"model": "organization.organization", "pk": 219, "fields": {"uuid": "546dbfa4-e18e-4fac-9d8f-e5918fe524b2"}}, {"model": "organization.organization", "pk": 221, "fields": {"uuid": "14a74be0-0e43-4f7a-a18b-81fb7054a2a1"}}, {"model": "source.source", "pk": "ac332d07-ea92-4b14-9b8e-78596afbfc46", "fields": {"title": "\"Monterrey, N", "publication": "L., a 24 de diciembre de 2010.\" Secretar\u00eda de la Defensa Nacional", "publication_country": "Mexico", "published_on": "2010-12-24", "source_url": "http://www.sedena.gob.mx/servlet/Satellite?c=articulo_C&cid=1393962428818&d=Desktop&pagename=sedena%2Farticulo_C%2FSArticuloSinPaginaLayout", "date_updated": "2017-10-28T01:33:19.636Z", "date_added": "2017-10-28T01:33:19.636Z", "user": 1}}, {"model": "source.accesspoint", "pk": "72906f42-7eb2-4e89-a181-1fa62b1eb5de", "fields": {"page_number": null, "accessed_on": null, "archive_url": "https://web.archive.org/web/20150823121345/http://www.sedena.gob.mx/servlet/Satellite?c=articulo_C&cid=1393962428818&d=Desktop&pagename=sedena%2Farticulo_C%2FSArticuloSinPaginaLayout", "source": "ac332d07-ea92-4b14-9b8e-78596afbfc46", "user": 1}}, {"model": "organization.organization", "pk": 222, "fields": {"uuid": "95f012d1-f84a-495b-95d2-d025701591fb"}}, {"model": "source.source", "pk": "26d8d009-67e5-4e5d-a314-1a257342194f", "fields": {"title": "Recomendaci\u00f3n 28/2009 sobre el caso del se\u00f1or Miguel \u00c1ngel Gonz\u00e1lez Gonz\u00e1lez. Comisi\u00f3n Nacional de los Derechos Humanos (Mexico).  28 April 2009. http://www.cndh.org.mx/sites/all/doc/Recomendaciones/2009/Rec_2009_028.pdf Internet Archive link: https://web.archive.org/web/20170705162740/http://www.cndh.org.mx/sites/all/doc/Recomendaciones/2009/Rec_2009_028.pdf", "publication": null, "publication_country": null, "published_on": "1900-01-01", "source_url": null, "date_updated": "2017-10-28T01:33:38.295Z", "date_added": "2017-10-28T01:33:38.295Z", "user": 1}}, {"model": "source.accesspoint", "pk": "e29bd00f-bb9a-4329-8628-4c0c4faa29f0", "fields": {"page_number": null, "accessed_on": null, "archive_url": null, "source": "26d8d009-67e5-4e5d-a314-1a257342194f", "user": 1}}, {"model": "organization.organization", "pk": 224, "fields": {"uuid": "be5c1245-d9c8-4614-bd98-32d26558db52"}}, {"model": "source.source", "pk": "c3c4dcf6-4fc4-4f15-a3bc-455dcbfa822a", "fields": {"title": "Concluye el relevo de militares con la llegada de cinco nuevos batallones", "publication": "La Red Noticias", "publication_country": "Mexico", "published_on": "2010-01-07", "source_url": "http://www.larednoticias.com/noticias.cfm?n=39007", "date_updated": "2017-10-28T01:34:00.183Z", "date_added": "2017-10-28T01:34:00.183Z", "user": 1}}, {"model": "source.accesspoint", "pk": "d9705e6f-d635-4901-940e-10395f7a8556", "fields": {"page_number": null, "accessed_on": null, "archive_url": "http://web.archive.org/web/20170625040435/http://www.larednoticias.com/noticias.cfm?n=39007", "source": "c3c4dcf6-4fc4-4f15-a3bc-455dcbfa822a", "user": 1}}, {"model": "organization.organization", "pk": 237, "fields": {"uuid": "7a538f54-9fa9-45f1-bf25-6a1b9a3f9e77"}}, {"model": "source.source", "pk": "4517db36-8cbf-4b1e-ade7-b238448be52e", "fields": {"title": "\u201cPersonal militar asegura presunto sicario\u201d", "publication": "Secretar\u00eda de la Defensa Nacional", "publication_country": "Mexico", "published_on": "2009-09-11", "source_url": "http://www.sedena.gob.mx/pdf/comunicados/2009/mandos/conjunta_chihuahua.pdf", "date_updated": "2017-10-28T01:34:15.345Z", "date_added": "2017-10-28T01:34:15.345Z", "user": 1}}, {"model": "source.accesspoint", "pk": "d07cff58-3a66-40f5-877c-55ee3d9b4195", "fields": {"page_number": null, "accessed_on": null, "archive_url": "https://web.archive.org/web/20170623170740/http://www.sedena.gob.mx/pdf/comunicados/2009/mandos/conjunta_chihuahua.pdf", "source": "4517db36-8cbf-4b1e-ade7-b238448be52e", "user": 1}}, {"model": "source.source", "pk": "9c231f0d-2139-4b02-93c2-8e329cc21497", "fields": {"title": "\"Personal militar asegura a 4 presuntos sicarios, integrantes de la banda conocida como \u201cLos Aztecas\u201d en el estado de Chihuahua\"", "publication": "Secretar\u00eda de la Defensa Nacional", "publication_country": "Mexico", "published_on": "2009-10-07", "source_url": "http://www.sedena.gob.mx/pdf/comunicados/2009/0071009.pdf", "date_updated": "2017-10-28T01:34:15.356Z", "date_added": "2017-10-28T01:34:15.356Z", "user": 1}}, {"model": "source.accesspoint", "pk": "c4c343b6-5711-4b28-a088-165916733ff9", "fields": {"page_number": null, "accessed_on": null, "archive_url": "https://web.archive.org/web/20130617105812/http://www.sedena.gob.mx/pdf/comunicados/2009/0071009.pdf", "source": "9c231f0d-2139-4b02-93c2-8e329cc21497", "user": 1}}, {"model": "organization.organization", "pk": 245, "fields": {"uuid": "198deeba-679b-42c8-b71a-72725c79278b"}}, {"model": "source.source", "pk": "b5eb72d5-6bfc-4539-bd98-cb34fc40341d", "fields": {"title": "\u201cPersonal de la Operaci\u00f3n Conjunta \u201cChihuahua\u201d, detiene a dos Delincuentes, un Arma, Droga y un Veh\u00edculo\u201d", "publication": "Secretar\u00eda de la Defensa Nacional", "publication_country": "Mexico", "published_on": "2009-10-22", "source_url": "http://www.gob.mx/sedena/prensa/personal-de-la-operacion-conjunta-chihuahua-detiene-a-dos-delincuentes-un-arma-droga-y-un-vehiculo", "date_updated": "2017-10-28T01:34:15.079Z", "date_added": "2017-10-28T01:34:15.079Z", "user": 1}}, {"model": "source.accesspoint", "pk": "f39ff7ac-c66d-44b9-b85f-69eddd49ee62", "fields": {"page_number": null, "accessed_on": null, "archive_url": "http://web.archive.org/web/20170622205544/http://www.gob.mx/sedena/prensa/personal-de-la-operacion-conjunta-chihuahua-detiene-a-dos-delincuentes-un-arma-droga-y-un-vehiculo", "source": "b5eb72d5-6bfc-4539-bd98-cb34fc40341d", "user": 1}}, {"model": "organization.organization", "pk": 259, "fields": {"uuid": "190b4a2d-688e-468c-a415-c634c6d3a5c4"}}, {"model": "source.source", "pk": "8273e3c0-6e58-41ed-bba1-edef7471f3f7", "fields": {"title": "\u201cRecomendaci\u00f3n No. 52/2010 sobre el caso del se\u00f1or \u2018V\u2019\u201d. Comisi\u00f3n Nacional de los Derechos Humanos (Mexico). 30 Septiembre 2010. http://www.cndh.org.mx/sites/all/doc/Recomendaciones/2010/Rec_2010_052.pdf Internet Archive link: https://web.archive.org/web/20170705150357/http://www.cndh.org.mx/sites/all/doc/Recomendaciones/2010/Rec_2010_052.pdf", "publication": null, "publication_country": null, "published_on": "1900-01-01", "source_url": null, "date_updated": "2017-10-28T01:35:42.756Z", "date_added": "2017-10-28T01:35:42.756Z", "user": 1}}, {"model": "source.accesspoint", "pk": "c65d494a-0298-4122-b91b-c2d9df3c0a2c", "fields": {"page_number": null, "accessed_on": null, "archive_url": null, "source": "8273e3c0-6e58-41ed-bba1-edef7471f3f7", "user": 1}}, {"model": "organization.organization", "pk": 267, "fields": {"uuid": "50cf713b-6d90-4826-a0c8-3688d1fcac23"}}, {"model": "source.source", "pk": "c52c1c2b-c964-4602-8a8d-7129398adbc0", "fields": {"title": "\"Saltillo, Coah", "publication": ", a 12 de enero de 2012.\". Secretar\u00eda de la Defensa Nacional", "publication_country": "Mexico", "published_on": "2012-01-12", "source_url": "http://www.sedena.gob.mx/servlet/Satellite?c=articulo_C&cid=1393962370504&d=Desktop&pagename=sedena%2Farticulo_C%2FSArticuloSinPaginaLayout", "date_updated": "2017-10-28T01:36:04.709Z", "date_added": "2017-10-28T01:36:04.709Z", "user": 1}}, {"model": "source.accesspoint", "pk": "c02c9294-cf80-40b5-b60b-29c425f7773a", "fields": {"page_number": null, "accessed_on": null, "archive_url": "https://web.archive.org/web/20150821195316/http://www.sedena.gob.mx/servlet/Satellite?c=articulo_C&cid=1393962370504&d=Desktop&pagename=sedena%2Farticulo_C%2FSArticuloSinPaginaLayout", "source": "c52c1c2b-c964-4602-8a8d-7129398adbc0", "user": 1}}, {"model": "organization.organization", "pk": 269, "fields": {"uuid": "40cfc13c-d069-45e5-8813-7b22c4880bbe"}}, {"model": "organization.organization", "pk": 270, "fields": {"uuid": "77e2b78d-a5ed-47e6-bc2a-598db84eeda9"}}, {"model": "organization.organization", "pk": 272, "fields": {"uuid": "e4522a77-1816-49f1-98ab-1352e9438183"}}, {"model": "auth.user", "pk": 1, "fields": {"password": "pbkdf2_sha256$24000$F3HbMtZ32JrG$eF1tT3GLlmREsYoFLgzDi++QDi5AhjL5frqWw9vWx9A=", "last_login": null, "is_superuser": false, "username": "importer", "first_name": "", "last_name": "", "email": "importer@importer.com", "is_staff": false, "is_active": true, "date_joined": "2017-10-10T23:42:13.494Z", "groups": [], "user_permissions": []}}]