[{"model": "membershipperson.membershipperson", "pk": 1, "fields": {}}, {"model": "membershipperson.membershipperson", "pk": 2, "fields": {}}, {"model": "membershipperson.membershipperson", "pk": 3, "fields": {}}, {"model": "membershipperson.membershipperson", "pk": 4, "fields": {}}, {"model": "membershipperson.membershipperson", "pk": 5, "fields": {}}, {"model": "membershipperson.membershipperson", "pk": 6, "fields": {}}, {"model": "membershipperson.membershipperson", "pk": 7, "fields": {}}, {"model": "membershipperson.membershipperson", "pk": 8, "fields": {}}, {"model": "membershipperson.membershipperson", "pk": 9, "fields": {}}, {"model": "membershipperson.membershipperson", "pk": 10, "fields": {}}, {"model": "membershipperson.membershippersonmember", "pk": 1, "fields": {"lang": null, "confidence": "1", "object_ref": 1, "value": 1, "sources": ["3810818f-1637-485c-a852-6d15cf768438", "7e404077-88f4-429a-8221-8a6a539037bb", "7e404077-88f4-429a-8221-8a6a539037bb", "3810818f-1637-485c-a852-6d15cf768438"], "accesspoints": ["8bbced75-28a6-4bdf-b349-6a0190517572", "96a15f7f-ccff-492c-bd67-b88e31daa2b9"]}}, {"model": "membershipperson.membershippersonorganization", "pk": 1, "fields": {"lang": null, "confidence": "1", "object_ref": 1, "value": 495, "sources": ["3810818f-1637-485c-a852-6d15cf768438", "7e404077-88f4-429a-8221-8a6a539037bb", "7e404077-88f4-429a-8221-8a6a539037bb", "3810818f-1637-485c-a852-6d15cf768438"], "accesspoints": ["8bbced75-28a6-4bdf-b349-6a0190517572", "96a15f7f-ccff-492c-bd67-b88e31daa2b9"]}}, {"model": "membershipperson.membershippersonrole", "pk": 1, "fields": {"lang": "en", "confidence": "1", "object_ref": 1, "value": 1, "sources": ["7e404077-88f4-429a-8221-8a6a539037bb", "7e404077-88f4-429a-8221-8a6a539037bb"], "accesspoints": ["96a15f7f-ccff-492c-bd67-b88e31daa2b9"]}}, {"model": "membershipperson.membershippersonfirstciteddate", "pk": 1, "fields": {"lang": "en", "confidence": "1", "object_ref": 2, "value": "2015-03-20", "sources": ["5dc8bc7d-c9b4-458b-b206-6d6ed8235f11", "5dc8bc7d-c9b4-458b-b206-6d6ed8235f11"], "accesspoints": ["7608ae71-21e3-4e5b-91ca-8fc800887feb"]}}, {"model": "membershipperson.membershippersonmember", "pk": 2, "fields": {"lang": null, "confidence": "1", "object_ref": 2, "value": 2, "sources": ["5dc8bc7d-c9b4-458b-b206-6d6ed8235f11", "5dc8bc7d-c9b4-458b-b206-6d6ed8235f11"], "accesspoints": ["7608ae71-21e3-4e5b-91ca-8fc800887feb"]}}, {"model": "membershipperson.membershippersonorganization", "pk": 2, "fields": {"lang": null, "confidence": "1", "object_ref": 2, "value": 960, "sources": ["5dc8bc7d-c9b4-458b-b206-6d6ed8235f11", "5dc8bc7d-c9b4-458b-b206-6d6ed8235f11"], "accesspoints": ["7608ae71-21e3-4e5b-91ca-8fc800887feb"]}}, {"model": "membershipperson.membershippersonrank", "pk": 1, "fields": {"lang": "en", "confidence": "1", "object_ref": 2, "value": 1, "sources": ["5dc8bc7d-c9b4-458b-b206-6d6ed8235f11", "5dc8bc7d-c9b4-458b-b206-6d6ed8235f11"], "accesspoints": ["7608ae71-21e3-4e5b-91ca-8fc800887feb"]}}, {"model": "membershipperson.membershippersonrealstart", "pk": 1, "fields": {"lang": "en", "confidence": "1", "object_ref": 2, "value": true, "sources": [], "accesspoints": []}}, {"model": "membershipperson.membershippersonrole", "pk": 2, "fields": {"lang": "en", "confidence": "1", "object_ref": 2, "value": 1, "sources": ["5dc8bc7d-c9b4-458b-b206-6d6ed8235f11", "5dc8bc7d-c9b4-458b-b206-6d6ed8235f11"], "accesspoints": ["7608ae71-21e3-4e5b-91ca-8fc800887feb"]}}, {"model": "membershipperson.membershippersonfirstciteddate", "pk": 2, "fields": {"lang": "en", "confidence": "1", "object_ref": 3, "value": "2013-01-25", "sources": ["55b8d84d-66e4-4796-81c5-44f4cd5d82aa", "55b8d84d-66e4-4796-81c5-44f4cd5d82aa"], "accesspoints": ["3416dfe8-247e-414c-b79e-62b376c81813"]}}, {"model": "membershipperson.membershippersonmember", "pk": 3, "fields": {"lang": null, "confidence": "1", "object_ref": 3, "value": 3, "sources": ["55b8d84d-66e4-4796-81c5-44f4cd5d82aa", "55b8d84d-66e4-4796-81c5-44f4cd5d82aa"], "accesspoints": ["3416dfe8-247e-414c-b79e-62b376c81813"]}}, {"model": "membershipperson.membershippersonorganization", "pk": 3, "fields": {"lang": null, "confidence": "1", "object_ref": 3, "value": 960, "sources": ["55b8d84d-66e4-4796-81c5-44f4cd5d82aa", "55b8d84d-66e4-4796-81c5-44f4cd5d82aa"], "accesspoints": ["3416dfe8-247e-414c-b79e-62b376c81813"]}}, {"model": "membershipperson.membershippersonrank", "pk": 2, "fields": {"lang": "en", "confidence": "1", "object_ref": 3, "value": 2, "sources": ["55b8d84d-66e4-4796-81c5-44f4cd5d82aa", "55b8d84d-66e4-4796-81c5-44f4cd5d82aa"], "accesspoints": ["3416dfe8-247e-414c-b79e-62b376c81813"]}}, {"model": "membershipperson.membershippersonrealstart", "pk": 2, "fields": {"lang": "en", "confidence": "1", "object_ref": 3, "value": true, "sources": [], "accesspoints": []}}, {"model": "membershipperson.membershippersonrole", "pk": 3, "fields": {"lang": "en", "confidence": "1", "object_ref": 3, "value": 1, "sources": ["55b8d84d-66e4-4796-81c5-44f4cd5d82aa", "55b8d84d-66e4-4796-81c5-44f4cd5d82aa"], "accesspoints": ["3416dfe8-247e-414c-b79e-62b376c81813"]}}, {"model": "membershipperson.membershippersonfirstciteddate", "pk": 3, "fields": {"lang": "en", "confidence": "1", "object_ref": 4, "value": "2009-02-00", "sources": ["9c763984-b3bb-4ad0-9ee0-9379d252df68", "9c763984-b3bb-4ad0-9ee0-9379d252df68"], "accesspoints": ["0f9d953e-e511-417a-af18-8731c3925bdb"]}}, {"model": "membershipperson.membershippersonlastciteddate", "pk": 1, "fields": {"lang": "en", "confidence": "1", "object_ref": 4, "value": "2011-02-16", "sources": ["2238136d-773b-46b7-b572-5818fe2fc881", "2238136d-773b-46b7-b572-5818fe2fc881"], "accesspoints": ["c5570759-377a-4013-a42b-1be8a36f2165"]}}, {"model": "membershipperson.membershippersonmember", "pk": 4, "fields": {"lang": null, "confidence": "1", "object_ref": 4, "value": 4, "sources": ["9c763984-b3bb-4ad0-9ee0-9379d252df68", "9c763984-b3bb-4ad0-9ee0-9379d252df68"], "accesspoints": ["0f9d953e-e511-417a-af18-8731c3925bdb"]}}, {"model": "membershipperson.membershippersonorganization", "pk": 4, "fields": {"lang": null, "confidence": "1", "object_ref": 4, "value": 960, "sources": ["9c763984-b3bb-4ad0-9ee0-9379d252df68", "9c763984-b3bb-4ad0-9ee0-9379d252df68"], "accesspoints": ["0f9d953e-e511-417a-af18-8731c3925bdb"]}}, {"model": "membershipperson.membershippersonrank", "pk": 3, "fields": {"lang": "en", "confidence": "1", "object_ref": 4, "value": 2, "sources": ["9c763984-b3bb-4ad0-9ee0-9379d252df68", "9c763984-b3bb-4ad0-9ee0-9379d252df68"], "accesspoints": ["0f9d953e-e511-417a-af18-8731c3925bdb"]}}, {"model": "membershipperson.membershippersonrealend", "pk": 1, "fields": {"lang": "en", "confidence": "1", "object_ref": 4, "value": true, "sources": [], "accesspoints": []}}, {"model": "membershipperson.membershippersonrealstart", "pk": 3, "fields": {"lang": "en", "confidence": "1", "object_ref": 4, "value": true, "sources": [], "accesspoints": []}}, {"model": "membershipperson.membershippersonrole", "pk": 4, "fields": {"lang": "en", "confidence": "1", "object_ref": 4, "value": 1, "sources": ["9c763984-b3bb-4ad0-9ee0-9379d252df68", "9c763984-b3bb-4ad0-9ee0-9379d252df68"], "accesspoints": ["0f9d953e-e511-417a-af18-8731c3925bdb"]}}, {"model": "membershipperson.membershippersonfirstciteddate", "pk": 4, "fields": {"lang": "en", "confidence": "1", "object_ref": 5, "value": "2013-07-11", "sources": ["827f9ede-1d06-4c65-9a7c-31ecf45be8ae", "827f9ede-1d06-4c65-9a7c-31ecf45be8ae"], "accesspoints": ["5fe3f056-2c8c-4b30-b4ba-6fbb48f18893"]}}, {"model": "membershipperson.membershippersonmember", "pk": 5, "fields": {"lang": null, "confidence": "2", "object_ref": 5, "value": 5, "sources": ["827f9ede-1d06-4c65-9a7c-31ecf45be8ae", "d6f92900-9eb5-4908-b51e-7e2f95288578", "827f9ede-1d06-4c65-9a7c-31ecf45be8ae", "d6f92900-9eb5-4908-b51e-7e2f95288578"], "accesspoints": ["5fe3f056-2c8c-4b30-b4ba-6fbb48f18893", "eb02f264-b0a2-4460-9acf-2ecaa181b3f9"]}}, {"model": "membershipperson.membershippersonorganization", "pk": 5, "fields": {"lang": null, "confidence": "2", "object_ref": 5, "value": 960, "sources": ["827f9ede-1d06-4c65-9a7c-31ecf45be8ae", "d6f92900-9eb5-4908-b51e-7e2f95288578", "827f9ede-1d06-4c65-9a7c-31ecf45be8ae", "d6f92900-9eb5-4908-b51e-7e2f95288578"], "accesspoints": ["5fe3f056-2c8c-4b30-b4ba-6fbb48f18893", "eb02f264-b0a2-4460-9acf-2ecaa181b3f9"]}}, {"model": "membershipperson.membershippersonrank", "pk": 4, "fields": {"lang": "en", "confidence": "2", "object_ref": 5, "value": 1, "sources": ["827f9ede-1d06-4c65-9a7c-31ecf45be8ae", "ae94b3d6-a064-497e-9773-3aaea1eb17de", "d6f92900-9eb5-4908-b51e-7e2f95288578", "827f9ede-1d06-4c65-9a7c-31ecf45be8ae", "d6f92900-9eb5-4908-b51e-7e2f95288578", "ae94b3d6-a064-497e-9773-3aaea1eb17de"], "accesspoints": ["5fe3f056-2c8c-4b30-b4ba-6fbb48f18893", "4b2478b2-538d-4681-8074-93f408a03ce8", "eb02f264-b0a2-4460-9acf-2ecaa181b3f9"]}}, {"model": "membershipperson.membershippersonrealstart", "pk": 4, "fields": {"lang": "en", "confidence": "1", "object_ref": 5, "value": true, "sources": [], "accesspoints": []}}, {"model": "membershipperson.membershippersonrole", "pk": 5, "fields": {"lang": "en", "confidence": "2", "object_ref": 5, "value": 1, "sources": ["827f9ede-1d06-4c65-9a7c-31ecf45be8ae", "d6f92900-9eb5-4908-b51e-7e2f95288578", "827f9ede-1d06-4c65-9a7c-31ecf45be8ae", "d6f92900-9eb5-4908-b51e-7e2f95288578"], "accesspoints": ["5fe3f056-2c8c-4b30-b4ba-6fbb48f18893", "eb02f264-b0a2-4460-9acf-2ecaa181b3f9"]}}, {"model": "membershipperson.membershippersonfirstciteddate", "pk": 5, "fields": {"lang": "en", "confidence": "1", "object_ref": 6, "value": "2017-08-17", "sources": ["9bd17ccd-12af-4e39-af95-6c4e056c4c69", "9bd17ccd-12af-4e39-af95-6c4e056c4c69"], "accesspoints": ["4afd116b-b773-438f-b3e5-3d574ef242a0"]}}, {"model": "membershipperson.membershippersonmember", "pk": 6, "fields": {"lang": null, "confidence": "1", "object_ref": 6, "value": 6, "sources": ["827f9ede-1d06-4c65-9a7c-31ecf45be8ae", "ae94b3d6-a064-497e-9773-3aaea1eb17de", "7bac8703-c067-4d59-8232-b64c3b46b3db", "08f811fb-a742-4254-a6ef-76dee7e61ee6", "ed6da1fd-5901-46e8-943d-d481d9cceeaf", "1a0c435f-a088-41d9-889f-a9c44e0647c7", "9bd17ccd-12af-4e39-af95-6c4e056c4c69", "5dc8bc7d-c9b4-458b-b206-6d6ed8235f11", "55b8d84d-66e4-4796-81c5-44f4cd5d82aa", "9c763984-b3bb-4ad0-9ee0-9379d252df68", "d6f92900-9eb5-4908-b51e-7e2f95288578", "9bd17ccd-12af-4e39-af95-6c4e056c4c69", "3904441c-ffc6-486a-8a8d-e1f662deeed8", "55b8d84d-66e4-4796-81c5-44f4cd5d82aa", "9c763984-b3bb-4ad0-9ee0-9379d252df68", "d6f92900-9eb5-4908-b51e-7e2f95288578", "827f9ede-1d06-4c65-9a7c-31ecf45be8ae", "ae94b3d6-a064-497e-9773-3aaea1eb17de", "7bac8703-c067-4d59-8232-b64c3b46b3db", "08f811fb-a742-4254-a6ef-76dee7e61ee6", "ed6da1fd-5901-46e8-943d-d481d9cceeaf", "1a0c435f-a088-41d9-889f-a9c44e0647c7", "5dc8bc7d-c9b4-458b-b206-6d6ed8235f11", "3904441c-ffc6-486a-8a8d-e1f662deeed8"], "accesspoints": ["5fe3f056-2c8c-4b30-b4ba-6fbb48f18893", "4b2478b2-538d-4681-8074-93f408a03ce8", "f40d8c4f-0743-4cd7-9ec7-e61c3c79d290", "673209b4-c964-47ec-b126-759ffbe8c238", "cb85c882-ef0f-4506-9182-607d595eafdf", "6a0b50fd-290f-4383-94d3-e21ccccb823d", "4afd116b-b773-438f-b3e5-3d574ef242a0", "7608ae71-21e3-4e5b-91ca-8fc800887feb", "3416dfe8-247e-414c-b79e-62b376c81813", "0f9d953e-e511-417a-af18-8731c3925bdb", "eb02f264-b0a2-4460-9acf-2ecaa181b3f9", "104812ad-49a3-406e-a5f7-8b105d53e21b"]}}, {"model": "membershipperson.membershippersonorganization", "pk": 6, "fields": {"lang": null, "confidence": "1", "object_ref": 6, "value": 960, "sources": ["827f9ede-1d06-4c65-9a7c-31ecf45be8ae", "ae94b3d6-a064-497e-9773-3aaea1eb17de", "7bac8703-c067-4d59-8232-b64c3b46b3db", "08f811fb-a742-4254-a6ef-76dee7e61ee6", "ed6da1fd-5901-46e8-943d-d481d9cceeaf", "1a0c435f-a088-41d9-889f-a9c44e0647c7", "9bd17ccd-12af-4e39-af95-6c4e056c4c69", "5dc8bc7d-c9b4-458b-b206-6d6ed8235f11", "55b8d84d-66e4-4796-81c5-44f4cd5d82aa", "9c763984-b3bb-4ad0-9ee0-9379d252df68", "d6f92900-9eb5-4908-b51e-7e2f95288578", "9bd17ccd-12af-4e39-af95-6c4e056c4c69", "3904441c-ffc6-486a-8a8d-e1f662deeed8", "55b8d84d-66e4-4796-81c5-44f4cd5d82aa", "9c763984-b3bb-4ad0-9ee0-9379d252df68", "d6f92900-9eb5-4908-b51e-7e2f95288578", "827f9ede-1d06-4c65-9a7c-31ecf45be8ae", "ae94b3d6-a064-497e-9773-3aaea1eb17de", "7bac8703-c067-4d59-8232-b64c3b46b3db", "08f811fb-a742-4254-a6ef-76dee7e61ee6", "ed6da1fd-5901-46e8-943d-d481d9cceeaf", "1a0c435f-a088-41d9-889f-a9c44e0647c7", "5dc8bc7d-c9b4-458b-b206-6d6ed8235f11", "3904441c-ffc6-486a-8a8d-e1f662deeed8"], "accesspoints": ["5fe3f056-2c8c-4b30-b4ba-6fbb48f18893", "4b2478b2-538d-4681-8074-93f408a03ce8", "f40d8c4f-0743-4cd7-9ec7-e61c3c79d290", "673209b4-c964-47ec-b126-759ffbe8c238", "cb85c882-ef0f-4506-9182-607d595eafdf", "6a0b50fd-290f-4383-94d3-e21ccccb823d", "4afd116b-b773-438f-b3e5-3d574ef242a0", "7608ae71-21e3-4e5b-91ca-8fc800887feb", "3416dfe8-247e-414c-b79e-62b376c81813", "0f9d953e-e511-417a-af18-8731c3925bdb", "eb02f264-b0a2-4460-9acf-2ecaa181b3f9", "104812ad-49a3-406e-a5f7-8b105d53e21b"]}}, {"model": "membershipperson.membershippersonrank", "pk": 5, "fields": {"lang": "en", "confidence": "1", "object_ref": 6, "value": 3, "sources": ["9bd17ccd-12af-4e39-af95-6c4e056c4c69", "9bd17ccd-12af-4e39-af95-6c4e056c4c69"], "accesspoints": ["4afd116b-b773-438f-b3e5-3d574ef242a0"]}}, {"model": "membershipperson.membershippersonrealstart", "pk": 5, "fields": {"lang": "en", "confidence": "1", "object_ref": 6, "value": true, "sources": [], "accesspoints": []}}, {"model": "membershipperson.membershippersonrealstart", "pk": 1337, "fields": {"lang": null, "confidence": "1", "object_ref": 6, "value": false, "sources": [], "accesspoints": []}}, {"model": "membershipperson.membershippersonrole", "pk": 6, "fields": {"lang": "en", "confidence": "1", "object_ref": 6, "value": 1, "sources": ["9bd17ccd-12af-4e39-af95-6c4e056c4c69", "9bd17ccd-12af-4e39-af95-6c4e056c4c69"], "accesspoints": ["4afd116b-b773-438f-b3e5-3d574ef242a0"]}}, {"model": "membershipperson.membershippersontitle", "pk": 1, "fields": {"lang": "en", "confidence": "1", "object_ref": 6, "value": "Acting Commanding Officer", "sources": ["9bd17ccd-12af-4e39-af95-6c4e056c4c69", "9bd17ccd-12af-4e39-af95-6c4e056c4c69"], "accesspoints": ["4afd116b-b773-438f-b3e5-3d574ef242a0"]}}, {"model": "membershipperson.membershippersonlastciteddate", "pk": 2, "fields": {"lang": "en", "confidence": "1", "object_ref": 7, "value": "2008-07-31", "sources": ["7e404077-88f4-429a-8221-8a6a539037bb", "7e404077-88f4-429a-8221-8a6a539037bb"], "accesspoints": ["96a15f7f-ccff-492c-bd67-b88e31daa2b9"]}}, {"model": "membershipperson.membershippersonmember", "pk": 7, "fields": {"lang": null, "confidence": "1", "object_ref": 7, "value": 7, "sources": ["7e404077-88f4-429a-8221-8a6a539037bb", "7e404077-88f4-429a-8221-8a6a539037bb"], "accesspoints": ["96a15f7f-ccff-492c-bd67-b88e31daa2b9"]}}, {"model": "membershipperson.membershippersonorganization", "pk": 7, "fields": {"lang": null, "confidence": "1", "object_ref": 7, "value": 213, "sources": ["7e404077-88f4-429a-8221-8a6a539037bb", "7e404077-88f4-429a-8221-8a6a539037bb"], "accesspoints": ["96a15f7f-ccff-492c-bd67-b88e31daa2b9"]}}, {"model": "membershipperson.membershippersonrank", "pk": 6, "fields": {"lang": "en", "confidence": "1", "object_ref": 7, "value": 4, "sources": ["7e404077-88f4-429a-8221-8a6a539037bb", "7e404077-88f4-429a-8221-8a6a539037bb"], "accesspoints": ["96a15f7f-ccff-492c-bd67-b88e31daa2b9"]}}, {"model": "membershipperson.membershippersonrealend", "pk": 2, "fields": {"lang": "en", "confidence": "1", "object_ref": 7, "value": true, "sources": [], "accesspoints": []}}, {"model": "membershipperson.membershippersonrole", "pk": 7, "fields": {"lang": "en", "confidence": "1", "object_ref": 7, "value": 1, "sources": ["7e404077-88f4-429a-8221-8a6a539037bb", "7e404077-88f4-429a-8221-8a6a539037bb"], "accesspoints": ["96a15f7f-ccff-492c-bd67-b88e31daa2b9"]}}, {"model": "membershipperson.membershippersonfirstciteddate", "pk": 6, "fields": {"lang": "en", "confidence": "1", "object_ref": 8, "value": "2000-00-00", "sources": ["3368df69-0c66-48a6-9e40-97b0fec459c9", "3368df69-0c66-48a6-9e40-97b0fec459c9"], "accesspoints": ["a37152d1-aec0-4c6f-a019-d867a12f2885"]}}, {"model": "membershipperson.membershippersonlastciteddate", "pk": 3, "fields": {"lang": "en", "confidence": "1", "object_ref": 8, "value": "2001-00-00", "sources": ["3368df69-0c66-48a6-9e40-97b0fec459c9", "3368df69-0c66-48a6-9e40-97b0fec459c9"], "accesspoints": ["a37152d1-aec0-4c6f-a019-d867a12f2885"]}}, {"model": "membershipperson.membershippersonmember", "pk": 8, "fields": {"lang": null, "confidence": "1", "object_ref": 8, "value": 8, "sources": ["3368df69-0c66-48a6-9e40-97b0fec459c9", "3368df69-0c66-48a6-9e40-97b0fec459c9"], "accesspoints": ["a37152d1-aec0-4c6f-a019-d867a12f2885"]}}, {"model": "membershipperson.membershippersonorganization", "pk": 8, "fields": {"lang": null, "confidence": "1", "object_ref": 8, "value": 961, "sources": ["3368df69-0c66-48a6-9e40-97b0fec459c9", "3368df69-0c66-48a6-9e40-97b0fec459c9"], "accesspoints": ["a37152d1-aec0-4c6f-a019-d867a12f2885"]}}, {"model": "membershipperson.membershippersonrealend", "pk": 3, "fields": {"lang": "en", "confidence": "1", "object_ref": 8, "value": true, "sources": [], "accesspoints": []}}, {"model": "membershipperson.membershippersonrealstart", "pk": 6, "fields": {"lang": "en", "confidence": "1", "object_ref": 8, "value": true, "sources": [], "accesspoints": []}}, {"model": "membershipperson.membershippersonfirstciteddate", "pk": 7, "fields": {"lang": "en", "confidence": "1", "object_ref": 9, "value": "2002-02-17", "sources": ["05d2afba-78f9-46a8-a9ea-7c538276aa16", "05d2afba-78f9-46a8-a9ea-7c538276aa16"], "accesspoints": ["2d9b7c6a-827f-418f-a7e3-88e220af0801"]}}, {"model": "membershipperson.membershippersonmember", "pk": 9, "fields": {"lang": null, "confidence": "1", "object_ref": 9, "value": 9, "sources": ["05d2afba-78f9-46a8-a9ea-7c538276aa16", "05d2afba-78f9-46a8-a9ea-7c538276aa16"], "accesspoints": ["2d9b7c6a-827f-418f-a7e3-88e220af0801"]}}, {"model": "membershipperson.membershippersonorganization", "pk": 9, "fields": {"lang": null, "confidence": "1", "object_ref": 9, "value": 961, "sources": ["05d2afba-78f9-46a8-a9ea-7c538276aa16", "05d2afba-78f9-46a8-a9ea-7c538276aa16"], "accesspoints": ["2d9b7c6a-827f-418f-a7e3-88e220af0801"]}}, {"model": "membershipperson.membershippersonrank", "pk": 7, "fields": {"lang": "en", "confidence": "1", "object_ref": 9, "value": 6, "sources": ["05d2afba-78f9-46a8-a9ea-7c538276aa16", "05d2afba-78f9-46a8-a9ea-7c538276aa16"], "accesspoints": ["2d9b7c6a-827f-418f-a7e3-88e220af0801"]}}, {"model": "membershipperson.membershippersonrealstart", "pk": 7, "fields": {"lang": "en", "confidence": "1", "object_ref": 9, "value": true, "sources": [], "accesspoints": []}}, {"model": "membershipperson.membershippersonrole", "pk": 8, "fields": {"lang": "en", "confidence": "1", "object_ref": 9, "value": 1, "sources": ["05d2afba-78f9-46a8-a9ea-7c538276aa16", "05d2afba-78f9-46a8-a9ea-7c538276aa16"], "accesspoints": ["2d9b7c6a-827f-418f-a7e3-88e220af0801"]}}, {"model": "membershipperson.membershippersonfirstciteddate", "pk": 8, "fields": {"lang": "en", "confidence": "1", "object_ref": 10, "value": "2007-08-31", "sources": ["688e13d1-90e4-4126-bfd4-d1119da5e91b", "688e13d1-90e4-4126-bfd4-d1119da5e91b"], "accesspoints": ["8ee2dfdd-8251-4166-8247-749a2e737fcc"]}}, {"model": "membershipperson.membershippersonlastciteddate", "pk": 4, "fields": {"lang": "en", "confidence": "1", "object_ref": 10, "value": "2008-09-00", "sources": ["688e13d1-90e4-4126-bfd4-d1119da5e91b", "d5b0268f-1857-4ffd-9b7a-16891e6ff877", "688e13d1-90e4-4126-bfd4-d1119da5e91b", "d5b0268f-1857-4ffd-9b7a-16891e6ff877"], "accesspoints": ["8ee2dfdd-8251-4166-8247-749a2e737fcc", "d6d72a42-40e8-446e-a124-b38878d3c777"]}}, {"model": "membershipperson.membershippersonmember", "pk": 10, "fields": {"lang": null, "confidence": "1", "object_ref": 10, "value": 10, "sources": ["688e13d1-90e4-4126-bfd4-d1119da5e91b", "d5b0268f-1857-4ffd-9b7a-16891e6ff877", "688e13d1-90e4-4126-bfd4-d1119da5e91b", "d5b0268f-1857-4ffd-9b7a-16891e6ff877"], "accesspoints": ["8ee2dfdd-8251-4166-8247-749a2e737fcc", "d6d72a42-40e8-446e-a124-b38878d3c777"]}}, {"model": "membershipperson.membershippersonorganization", "pk": 10, "fields": {"lang": null, "confidence": "1", "object_ref": 10, "value": 961, "sources": ["688e13d1-90e4-4126-bfd4-d1119da5e91b", "d5b0268f-1857-4ffd-9b7a-16891e6ff877", "688e13d1-90e4-4126-bfd4-d1119da5e91b", "d5b0268f-1857-4ffd-9b7a-16891e6ff877"], "accesspoints": ["8ee2dfdd-8251-4166-8247-749a2e737fcc", "d6d72a42-40e8-446e-a124-b38878d3c777"]}}, {"model": "membershipperson.membershippersonrank", "pk": 8, "fields": {"lang": "en", "confidence": "1", "object_ref": 10, "value": 6, "sources": ["688e13d1-90e4-4126-bfd4-d1119da5e91b", "d5b0268f-1857-4ffd-9b7a-16891e6ff877", "688e13d1-90e4-4126-bfd4-d1119da5e91b", "d5b0268f-1857-4ffd-9b7a-16891e6ff877"], "accesspoints": ["8ee2dfdd-8251-4166-8247-749a2e737fcc", "d6d72a42-40e8-446e-a124-b38878d3c777"]}}, {"model": "membershipperson.membershippersonrealend", "pk": 4, "fields": {"lang": "en", "confidence": "1", "object_ref": 10, "value": true, "sources": [], "accesspoints": []}}, {"model": "membershipperson.membershippersonrealstart", "pk": 8, "fields": {"lang": "en", "confidence": "1", "object_ref": 10, "value": true, "sources": [], "accesspoints": []}}, {"model": "membershipperson.membershippersonrole", "pk": 9, "fields": {"lang": "en", "confidence": "1", "object_ref": 10, "value": 1, "sources": ["688e13d1-90e4-4126-bfd4-d1119da5e91b", "d5b0268f-1857-4ffd-9b7a-16891e6ff877", "688e13d1-90e4-4126-bfd4-d1119da5e91b", "d5b0268f-1857-4ffd-9b7a-16891e6ff877"], "accesspoints": ["8ee2dfdd-8251-4166-8247-749a2e737fcc", "d6d72a42-40e8-446e-a124-b38878d3c777"]}}, {"model": "person.person", "pk": 1, "fields": {"uuid": "a7330663-ae7f-4c8f-bbda-6b8d1502404b"}}, {"model": "source.source", "pk": "3810818f-1637-485c-a852-6d15cf768438", "fields": {"title": "Note - the name has been standardized, the Security Force Monitor does not use ordinal numbers in names of organizations", "publication": null, "publication_country": null, "published_on": "1900-01-01", "source_url": null, "date_updated": "2017-10-28T01:32:54.267Z", "date_added": "2017-10-28T01:32:54.267Z", "user": 1}}, {"model": "source.source", "pk": "7e404077-88f4-429a-8221-8a6a539037bb", "fields": {"title": "\"Se informa a la opini\u00f3n p\u00fablica sobre la designaci\u00f3n de diferentes Mandos Territoriales\"", "publication": "Secretar\u00eda de la Defensa Nacional", "publication_country": "Mexico", "published_on": "2008-08-08", "source_url": "http://www.sedena.gob.mx/pdf/comunicados/2008/2008151.pdf", "date_updated": "2017-10-28T01:32:58.314Z", "date_added": "2017-10-28T01:32:58.314Z", "user": 1}}, {"model": "source.accesspoint", "pk": "8bbced75-28a6-4bdf-b349-6a0190517572", "fields": {"page_number": null, "accessed_on": null, "archive_url": null, "source": "3810818f-1637-485c-a852-6d15cf768438", "user": 1}}, {"model": "source.accesspoint", "pk": "96a15f7f-ccff-492c-bd67-b88e31daa2b9", "fields": {"page_number": null, "accessed_on": null, "archive_url": "https://web.archive.org/web/20110804050351/http://www.sedena.gob.mx/pdf/comunicados/2008/2008151.pdf", "source": "7e404077-88f4-429a-8221-8a6a539037bb", "user": 1}}, {"model": "organization.organization", "pk": 495, "fields": {"uuid": "401c178f-843d-4375-ad1c-1c35e9a6c633"}}, {"model": "membershipperson.role", "pk": 1, "fields": {"value": "Commander"}}, {"model": "source.source", "pk": "5dc8bc7d-c9b4-458b-b206-6d6ed8235f11", "fields": {"title": "Soldiers teach Kebbi corps members how to use guns", "publication": "The Punch", "publication_country": "Nigeria", "published_on": "2015-03-21", "source_url": "http://www.punchng.com/feature/election-soldiers-teach-kebbi-corps-members-how-to-use-guns/", "date_updated": "2017-10-28T02:51:58.314Z", "date_added": "2017-10-28T02:51:58.314Z", "user": 1}}, {"model": "source.accesspoint", "pk": "7608ae71-21e3-4e5b-91ca-8fc800887feb", "fields": {"page_number": null, "accessed_on": null, "archive_url": "https://web.archive.org/web/20150422060240/http://www.punchng.com/feature/election-soldiers-teach-kebbi-corps-members-how-to-use-guns/", "source": "5dc8bc7d-c9b4-458b-b206-6d6ed8235f11", "user": 1}}, {"model": "person.person", "pk": 2, "fields": {"uuid": "22c32543-4371-4a2a-a192-7ffe6b544536"}}, {"model": "organization.organization", "pk": 960, "fields": {"uuid": "f471aca5-fc0c-4667-ac33-95398654e3a0"}}, {"model": "membershipperson.rank", "pk": 1, "fields": {"value": "Lieutenant Colonel"}}, {"model": "source.source", "pk": "55b8d84d-66e4-4796-81c5-44f4cd5d82aa", "fields": {"title": "Army Chief Advices Trainees On Prudent Investment", "publication": "Leadership.", "publication_country": null, "published_on": "2013-01-25", "source_url": "http://allafrica.com/stories/201301280221.html", "date_updated": "2017-10-28T03:15:00.347Z", "date_added": "2017-10-28T03:15:00.347Z", "user": 1}}, {"model": "source.accesspoint", "pk": "3416dfe8-247e-414c-b79e-62b376c81813", "fields": {"page_number": null, "accessed_on": null, "archive_url": null, "source": "55b8d84d-66e4-4796-81c5-44f4cd5d82aa", "user": 1}}, {"model": "person.person", "pk": 3, "fields": {"uuid": "7afd9a5d-d9d0-4ce4-960e-8fcc8d57e769"}}, {"model": "membershipperson.rank", "pk": 2, "fields": {"value": "Colonel"}}, {"model": "source.source", "pk": "9c763984-b3bb-4ad0-9ee0-9379d252df68", "fields": {"title": "Balarabe Commends Kebbi Govt", "publication": "Daily Independent", "publication_country": "Nigeria", "published_on": "2011-02-16", "source_url": "http://allafrica.com/stories/201102170741.html", "date_updated": "2017-10-28T03:15:00.517Z", "date_added": "2017-10-28T03:15:00.517Z", "user": 1}}, {"model": "source.accesspoint", "pk": "0f9d953e-e511-417a-af18-8731c3925bdb", "fields": {"page_number": null, "accessed_on": null, "archive_url": null, "source": "9c763984-b3bb-4ad0-9ee0-9379d252df68", "user": 1}}, {"model": "source.source", "pk": "2238136d-773b-46b7-b572-5818fe2fc881", "fields": {"title": "Balarabe Commends Kebbi Govt", "publication": "Daily Independent", "publication_country": "Nigeria", "published_on": "2011-02-16", "source_url": "http://allafrica.com/stories/201102170741.html", "date_updated": "2017-10-28T02:51:58.625Z", "date_added": "2017-10-28T02:51:58.625Z", "user": 1}}, {"model": "source.accesspoint", "pk": "c5570759-377a-4013-a42b-1be8a36f2165", "fields": {"page_number": null, "accessed_on": null, "archive_url": "https://web.archive.org/web/20161107214101/http://allafrica.com/stories/201102170741.html", "source": "2238136d-773b-46b7-b572-5818fe2fc881", "user": 1}}, {"model": "person.person", "pk": 4, "fields": {"uuid": "12a3eca2-6d0b-4922-a625-301780eebd8c"}}, {"model": "source.source", "pk": "827f9ede-1d06-4c65-9a7c-31ecf45be8ae", "fields": {"title": "How Security Personnel Foiled Supply of Weapons to Insurgents in Kebbi", "publication": "Leadership", "publication_country": "Nigeria", "published_on": "2013-07-21", "source_url": "http://leadership.ng/news/330992/how-security-personnel-foiled-supply-weapons-insurgents-kebbi", "date_updated": "2017-10-28T02:51:58.192Z", "date_added": "2017-10-28T02:51:58.192Z", "user": 1}}, {"model": "source.accesspoint", "pk": "5fe3f056-2c8c-4b30-b4ba-6fbb48f18893", "fields": {"page_number": null, "accessed_on": null, "archive_url": "https://web.archive.org/web/20150620232729/http://leadership.ng/news/330992/how-security-personnel-foiled-supply-weapons-insurgents-kebbi", "source": "827f9ede-1d06-4c65-9a7c-31ecf45be8ae", "user": 1}}, {"model": "person.person", "pk": 5, "fields": {"uuid": "df839f8d-1fe5-48cb-b24a-bc85efd1ac59"}}, {"model": "source.source", "pk": "d6f92900-9eb5-4908-b51e-7e2f95288578", "fields": {"title": "Army intercepts arms-loaded petrol tanker vehicle in Kebbi", "publication": "News Agency of Nigeria.", "publication_country": null, "published_on": "2013-07-13", "source_url": "http://www.nanngronline.com/section/defencesecurity/army-intercepts-arms-loaded-petrol-tanker-vehicle-in-kebbi", "date_updated": "2017-10-28T03:15:00.707Z", "date_added": "2017-10-28T03:15:00.707Z", "user": 1}}, {"model": "source.accesspoint", "pk": "eb02f264-b0a2-4460-9acf-2ecaa181b3f9", "fields": {"page_number": null, "accessed_on": null, "archive_url": null, "source": "d6f92900-9eb5-4908-b51e-7e2f95288578", "user": 1}}, {"model": "source.source", "pk": "ae94b3d6-a064-497e-9773-3aaea1eb17de", "fields": {"title": "Army, SSS Intercept Tanker With Arms, Ammunition", "publication": "Leadership", "publication_country": "Nigeria", "published_on": "2013-07-14", "source_url": "http://leadership.ng/news/331559/army-sss-intercept-tanker-arms-ammunition", "date_updated": "2017-10-28T02:51:58.200Z", "date_added": "2017-10-28T02:51:58.200Z", "user": 1}}, {"model": "source.accesspoint", "pk": "4b2478b2-538d-4681-8074-93f408a03ce8", "fields": {"page_number": null, "accessed_on": null, "archive_url": "https://web.archive.org/web/20150620233334/http://leadership.ng/news/331559/army-sss-intercept-tanker-arms-ammunition", "source": "ae94b3d6-a064-497e-9773-3aaea1eb17de", "user": 1}}, {"model": "source.source", "pk": "9bd17ccd-12af-4e39-af95-6c4e056c4c69", "fields": {"title": "Kebbi gov", "publication": "donates cash to slain soldiers\u2019 wives. The", "publication_country": null, "published_on": "2017-10-22", "source_url": "http://sunnewsonline.com/kebbi-gov-donates-cash-to-slain-soldiers-wives/", "date_updated": "2017-10-28T02:51:58.242Z", "date_added": "2017-10-28T02:51:58.242Z", "user": 1}}, {"model": "source.accesspoint", "pk": "4afd116b-b773-438f-b3e5-3d574ef242a0", "fields": {"page_number": null, "accessed_on": null, "archive_url": "https://web.archive.org/web/20170831171939/http://sunnewsonline.com/kebbi-gov-donates-cash-to-slain-soldiers-wives/", "source": "9bd17ccd-12af-4e39-af95-6c4e056c4c69", "user": 1}}, {"model": "person.person", "pk": 6, "fields": {"uuid": "0f486c05-df22-4b22-a514-4943fdeea271"}}, {"model": "source.source", "pk": "7bac8703-c067-4d59-8232-b64c3b46b3db", "fields": {"title": "Army Chief Advices Trainees On Prudent Investment", "publication": "Leadership", "publication_country": "Nigeria", "published_on": "2013-01-25", "source_url": "http://allafrica.com/stories/201301280221.html", "date_updated": "2017-10-28T02:51:58.211Z", "date_added": "2017-10-28T02:51:58.211Z", "user": 1}}, {"model": "source.source", "pk": "08f811fb-a742-4254-a6ef-76dee7e61ee6", "fields": {"title": "Defence Headquarters Organises Skills Acquisition for Officers Wives in Kebbi", "publication": "Leadership", "publication_country": "Nigeria", "published_on": "2013-01-18", "source_url": "http://allafrica.com/stories/201301180315.html", "date_updated": "2017-10-28T02:51:58.219Z", "date_added": "2017-10-28T02:51:58.219Z", "user": 1}}, {"model": "source.source", "pk": "ed6da1fd-5901-46e8-943d-d481d9cceeaf", "fields": {"title": "Police Prevent Angry 'Okada' Riders From Burning FRSC Office", "publication": "Vanguard", "publication_country": "Nigeria", "published_on": "2013-01-15", "source_url": "http://www.vanguardngr.com/2013/01/police-prevent-angry-okada-riders-from-burning-frsc-office/", "date_updated": "2017-10-28T02:51:58.227Z", "date_added": "2017-10-28T02:51:58.227Z", "user": 1}}, {"model": "source.source", "pk": "1a0c435f-a088-41d9-889f-a9c44e0647c7", "fields": {"title": "U", "publication": "S. to Train Three New Battalions. The Guardian", "publication_country": "Nigeria", "published_on": "2001-06-27", "source_url": "http://allafrica.com/stories/200106270283.html", "date_updated": "2017-10-28T02:51:58.235Z", "date_added": "2017-10-28T02:51:58.235Z", "user": 1}}, {"model": "source.source", "pk": "3904441c-ffc6-486a-8a8d-e1f662deeed8", "fields": {"title": "Kebbi gov", "publication": "donates cash to slain soldiers\u2019 wives. The", "publication_country": null, "published_on": "2018-01-21", "source_url": "http://sunnewsonline.com/kebbi-gov-donates-cash-to-slain-soldiers-wives/", "date_updated": "2018-01-26T09:37:42.117Z", "date_added": "2018-01-26T09:37:42.117Z", "user": 1}}, {"model": "source.accesspoint", "pk": "f40d8c4f-0743-4cd7-9ec7-e61c3c79d290", "fields": {"page_number": null, "accessed_on": null, "archive_url": "https://web.archive.org/web/20161104163906/http://allafrica.com/stories/201301280221.html", "source": "7bac8703-c067-4d59-8232-b64c3b46b3db", "user": 1}}, {"model": "source.accesspoint", "pk": "673209b4-c964-47ec-b126-759ffbe8c238", "fields": {"page_number": null, "accessed_on": null, "archive_url": "https://web.archive.org/web/20130311172213/http://allafrica.com/stories/201301180315.html", "source": "08f811fb-a742-4254-a6ef-76dee7e61ee6", "user": 1}}, {"model": "source.accesspoint", "pk": "cb85c882-ef0f-4506-9182-607d595eafdf", "fields": {"page_number": null, "accessed_on": null, "archive_url": "https://web.archive.org/web/20131218085850/http://www.vanguardngr.com/2013/01/police-prevent-angry-okada-riders-from-burning-frsc-office/", "source": "ed6da1fd-5901-46e8-943d-d481d9cceeaf", "user": 1}}, {"model": "source.accesspoint", "pk": "6a0b50fd-290f-4383-94d3-e21ccccb823d", "fields": {"page_number": null, "accessed_on": null, "archive_url": null, "source": "1a0c435f-a088-41d9-889f-a9c44e0647c7", "user": 1}}, {"model": "source.accesspoint", "pk": "104812ad-49a3-406e-a5f7-8b105d53e21b", "fields": {"page_number": null, "accessed_on": null, "archive_url": "https://web.archive.org/web/20170831171939/http://sunnewsonline.com/kebbi-gov-donates-cash-to-slain-soldiers-wives/", "source": "3904441c-ffc6-486a-8a8d-e1f662deeed8", "user": 1}}, {"model": "membershipperson.rank", "pk": 3, "fields": {"value": "Captain"}}, {"model": "person.person", "pk": 7, "fields": {"uuid": "d2fe1202-fc48-418a-8cfe-37489d0600e0"}}, {"model": "organization.organization", "pk": 213, "fields": {"uuid": "83307591-fa2f-4191-b327-917f7f7fabaf"}}, {"model": "membershipperson.rank", "pk": 4, "fields": {"value": "General de Brigada"}}, {"model": "source.source", "pk": "3368df69-0c66-48a6-9e40-97b0fec459c9", "fields": {"title": "\"BRIEF BIOGRAPHY OF BRIG GEN BA FIBOINUMAMA\"", "publication": "Training and Doctrine Command", "publication_country": "Nigeria", "published_on": "2016-04-20", "source_url": "https://web.archive.org/web/20160420192040/http://tradoc.mil.ng/aboutdot.php", "date_updated": "2017-10-28T02:51:59.658Z", "date_added": "2017-10-28T02:51:59.658Z", "user": 1}}, {"model": "source.accesspoint", "pk": "a37152d1-aec0-4c6f-a019-d867a12f2885", "fields": {"page_number": null, "accessed_on": null, "archive_url": null, "source": "3368df69-0c66-48a6-9e40-97b0fec459c9", "user": 1}}, {"model": "person.person", "pk": 8, "fields": {"uuid": "b670af83-e34f-43ab-b7fe-e01d18094bf4"}}, {"model": "organization.organization", "pk": 961, "fields": {"uuid": "b470d583-6888-42cc-a87b-92140643de69"}}, {"model": "source.source", "pk": "05d2afba-78f9-46a8-a9ea-7c538276aa16", "fields": {"title": "Sokoto Goc to Soldiers: Marry Foreign Wives And Be Sacked", "publication": "This Day", "publication_country": "Nigeria", "published_on": "2002-02-17", "source_url": "http://allafrica.com/stories/200202170023.html", "date_updated": "2017-10-28T02:51:59.642Z", "date_added": "2017-10-28T02:51:59.643Z", "user": 1}}, {"model": "source.accesspoint", "pk": "2d9b7c6a-827f-418f-a7e3-88e220af0801", "fields": {"page_number": null, "accessed_on": null, "archive_url": null, "source": "05d2afba-78f9-46a8-a9ea-7c538276aa16", "user": 1}}, {"model": "person.person", "pk": 9, "fields": {"uuid": "dd1040d8-6b40-4321-80d3-39d69ec71985"}}, {"model": "membershipperson.rank", "pk": 6, "fields": {"value": "Brigadier General"}}, {"model": "source.source", "pk": "688e13d1-90e4-4126-bfd4-d1119da5e91b", "fields": {"title": "Soldiers Reprimanded for Role in Liberia", "publication": "This Day", "publication_country": "Nigeria", "published_on": "2007-09-01", "source_url": "http://allafrica.com/stories/200709030381.html", "date_updated": "2017-10-28T02:51:58.321Z", "date_added": "2017-10-28T02:51:58.321Z", "user": 1}}, {"model": "source.accesspoint", "pk": "8ee2dfdd-8251-4166-8247-749a2e737fcc", "fields": {"page_number": null, "accessed_on": null, "archive_url": null, "source": "688e13d1-90e4-4126-bfd4-d1119da5e91b", "user": 1}}, {"model": "source.source", "pk": "d5b0268f-1857-4ffd-9b7a-16891e6ff877", "fields": {"title": "Military Committed to Democracy, Says Army Chief", "publication": "This Day", "publication_country": "Nigeria", "published_on": "2008-09-18", "source_url": "http://allafrica.com/stories/200809180542.html", "date_updated": "2017-10-28T03:15:02.031Z", "date_added": "2017-10-28T03:15:02.031Z", "user": 1}}, {"model": "source.accesspoint", "pk": "d6d72a42-40e8-446e-a124-b38878d3c777", "fields": {"page_number": null, "accessed_on": null, "archive_url": null, "source": "d5b0268f-1857-4ffd-9b7a-16891e6ff877", "user": 1}}, {"model": "person.person", "pk": 10, "fields": {"uuid": "b91bcfaa-bf3c-4659-a842-3cc649c8f45a"}}, {"model": "auth.user", "pk": 1, "fields": {"password": "pbkdf2_sha256$24000$F3HbMtZ32JrG$eF1tT3GLlmREsYoFLgzDi++QDi5AhjL5frqWw9vWx9A=", "last_login": null, "is_superuser": false, "username": "importer", "first_name": "", "last_name": "", "email": "importer@importer.com", "is_staff": false, "is_active": true, "date_joined": "2017-10-10T23:42:13.494Z", "groups": [], "user_permissions": []}}]