[{"model": "membershipperson.membershipperson", "pk": 1, "fields": {}}, {"model": "membershipperson.membershipperson", "pk": 2, "fields": {}}, {"model": "membershipperson.membershipperson", "pk": 3, "fields": {}}, {"model": "membershipperson.membershipperson", "pk": 4, "fields": {}}, {"model": "membershipperson.membershipperson", "pk": 5, "fields": {}}, {"model": "membershipperson.membershipperson", "pk": 6, "fields": {}}, {"model": "membershipperson.membershipperson", "pk": 7, "fields": {}}, {"model": "membershipperson.membershipperson", "pk": 8, "fields": {}}, {"model": "membershipperson.membershipperson", "pk": 9, "fields": {}}, {"model": "membershipperson.membershipperson", "pk": 10, "fields": {}}, {"model": "membershipperson.membershippersonmember", "pk": 1, "fields": {"lang": null, "confidence": "1", "object_ref": 1, "value": 1, "sources": ["da16e37d-42c2-4832-bfe1-0f7661f06fbd", "eb51033a-1061-4945-83a5-1d2404e4603a", "eb51033a-1061-4945-83a5-1d2404e4603a", "da16e37d-42c2-4832-bfe1-0f7661f06fbd"], "accesspoints": ["8804c7da-aaad-4fbf-ad1e-0c63b73d6de1", "67a4865b-a959-4bc8-80fb-f22bf953435a"]}}, {"model": "membershipperson.membershippersonorganization", "pk": 1, "fields": {"lang": null, "confidence": "1", "object_ref": 1, "value": 495, "sources": ["da16e37d-42c2-4832-bfe1-0f7661f06fbd", "eb51033a-1061-4945-83a5-1d2404e4603a", "eb51033a-1061-4945-83a5-1d2404e4603a", "da16e37d-42c2-4832-bfe1-0f7661f06fbd"], "accesspoints": ["8804c7da-aaad-4fbf-ad1e-0c63b73d6de1", "67a4865b-a959-4bc8-80fb-f22bf953435a"]}}, {"model": "membershipperson.membershippersonrole", "pk": 1, "fields": {"lang": "en", "confidence": "1", "object_ref": 1, "value": 1, "sources": ["eb51033a-1061-4945-83a5-1d2404e4603a", "eb51033a-1061-4945-83a5-1d2404e4603a"], "accesspoints": ["67a4865b-a959-4bc8-80fb-f22bf953435a"]}}, {"model": "membershipperson.membershippersonfirstciteddate", "pk": 1, "fields": {"lang": "en", "confidence": "1", "object_ref": 2, "value": "2015-03-20", "sources": ["a70671eb-03f5-4283-ba3e-806c5d4c919c", "a70671eb-03f5-4283-ba3e-806c5d4c919c"], "accesspoints": ["af3b9d2d-3d43-4dc2-a5b3-f510599bef03"]}}, {"model": "membershipperson.membershippersonmember", "pk": 2, "fields": {"lang": null, "confidence": "1", "object_ref": 2, "value": 2, "sources": ["a70671eb-03f5-4283-ba3e-806c5d4c919c", "a70671eb-03f5-4283-ba3e-806c5d4c919c"], "accesspoints": ["af3b9d2d-3d43-4dc2-a5b3-f510599bef03"]}}, {"model": "membershipperson.membershippersonorganization", "pk": 2, "fields": {"lang": null, "confidence": "1", "object_ref": 2, "value": 960, "sources": ["a70671eb-03f5-4283-ba3e-806c5d4c919c", "a70671eb-03f5-4283-ba3e-806c5d4c919c"], "accesspoints": ["af3b9d2d-3d43-4dc2-a5b3-f510599bef03"]}}, {"model": "membershipperson.membershippersonrank", "pk": 1, "fields": {"lang": "en", "confidence": "1", "object_ref": 2, "value": 1, "sources": ["a70671eb-03f5-4283-ba3e-806c5d4c919c", "a70671eb-03f5-4283-ba3e-806c5d4c919c"], "accesspoints": ["af3b9d2d-3d43-4dc2-a5b3-f510599bef03"]}}, {"model": "membershipperson.membershippersonrealstart", "pk": 1, "fields": {"lang": "en", "confidence": "1", "object_ref": 2, "value": true, "sources": [], "accesspoints": []}}, {"model": "membershipperson.membershippersonrole", "pk": 2, "fields": {"lang": "en", "confidence": "1", "object_ref": 2, "value": 1, "sources": ["a70671eb-03f5-4283-ba3e-806c5d4c919c", "a70671eb-03f5-4283-ba3e-806c5d4c919c"], "accesspoints": ["af3b9d2d-3d43-4dc2-a5b3-f510599bef03"]}}, {"model": "membershipperson.membershippersonfirstciteddate", "pk": 2, "fields": {"lang": "en", "confidence": "1", "object_ref": 3, "value": "2013-01-25", "sources": ["1b03f757-cb3d-4298-a7b7-a9fcc372df17", "1b03f757-cb3d-4298-a7b7-a9fcc372df17"], "accesspoints": ["b25518c8-0fda-4f7f-a063-61a0ebc26a06"]}}, {"model": "membershipperson.membershippersonmember", "pk": 3, "fields": {"lang": null, "confidence": "1", "object_ref": 3, "value": 3, "sources": ["1b03f757-cb3d-4298-a7b7-a9fcc372df17", "1b03f757-cb3d-4298-a7b7-a9fcc372df17"], "accesspoints": ["b25518c8-0fda-4f7f-a063-61a0ebc26a06"]}}, {"model": "membershipperson.membershippersonorganization", "pk": 3, "fields": {"lang": null, "confidence": "1", "object_ref": 3, "value": 960, "sources": ["1b03f757-cb3d-4298-a7b7-a9fcc372df17", "1b03f757-cb3d-4298-a7b7-a9fcc372df17"], "accesspoints": ["b25518c8-0fda-4f7f-a063-61a0ebc26a06"]}}, {"model": "membershipperson.membershippersonrank", "pk": 2, "fields": {"lang": "en", "confidence": "1", "object_ref": 3, "value": 2, "sources": ["1b03f757-cb3d-4298-a7b7-a9fcc372df17", "1b03f757-cb3d-4298-a7b7-a9fcc372df17"], "accesspoints": ["b25518c8-0fda-4f7f-a063-61a0ebc26a06"]}}, {"model": "membershipperson.membershippersonrealstart", "pk": 2, "fields": {"lang": "en", "confidence": "1", "object_ref": 3, "value": true, "sources": [], "accesspoints": []}}, {"model": "membershipperson.membershippersonrole", "pk": 3, "fields": {"lang": "en", "confidence": "1", "object_ref": 3, "value": 1, "sources": ["1b03f757-cb3d-4298-a7b7-a9fcc372df17", "1b03f757-cb3d-4298-a7b7-a9fcc372df17"], "accesspoints": ["b25518c8-0fda-4f7f-a063-61a0ebc26a06"]}}, {"model": "membershipperson.membershippersonfirstciteddate", "pk": 3, "fields": {"lang": "en", "confidence": "1", "object_ref": 4, "value": "2009-02-00", "sources": ["8d7c889d-1ad3-4239-aa8d-f07bd8753a7b", "8d7c889d-1ad3-4239-aa8d-f07bd8753a7b"], "accesspoints": ["befe2875-85d4-4625-9571-2bbda2253dc9"]}}, {"model": "membershipperson.membershippersonlastciteddate", "pk": 1, "fields": {"lang": "en", "confidence": "1", "object_ref": 4, "value": "2011-02-16", "sources": ["3c23ee6f-002e-411b-93aa-6195674dffe1", "3c23ee6f-002e-411b-93aa-6195674dffe1"], "accesspoints": ["78a7427b-0a42-41de-a5ae-6b104073cff3"]}}, {"model": "membershipperson.membershippersonmember", "pk": 4, "fields": {"lang": null, "confidence": "1", "object_ref": 4, "value": 4, "sources": ["8d7c889d-1ad3-4239-aa8d-f07bd8753a7b", "8d7c889d-1ad3-4239-aa8d-f07bd8753a7b"], "accesspoints": ["befe2875-85d4-4625-9571-2bbda2253dc9"]}}, {"model": "membershipperson.membershippersonorganization", "pk": 4, "fields": {"lang": null, "confidence": "1", "object_ref": 4, "value": 960, "sources": ["8d7c889d-1ad3-4239-aa8d-f07bd8753a7b", "8d7c889d-1ad3-4239-aa8d-f07bd8753a7b"], "accesspoints": ["befe2875-85d4-4625-9571-2bbda2253dc9"]}}, {"model": "membershipperson.membershippersonrank", "pk": 3, "fields": {"lang": "en", "confidence": "1", "object_ref": 4, "value": 2, "sources": ["8d7c889d-1ad3-4239-aa8d-f07bd8753a7b", "8d7c889d-1ad3-4239-aa8d-f07bd8753a7b"], "accesspoints": ["befe2875-85d4-4625-9571-2bbda2253dc9"]}}, {"model": "membershipperson.membershippersonrealend", "pk": 1, "fields": {"lang": "en", "confidence": "1", "object_ref": 4, "value": true, "sources": [], "accesspoints": []}}, {"model": "membershipperson.membershippersonrealstart", "pk": 3, "fields": {"lang": "en", "confidence": "1", "object_ref": 4, "value": true, "sources": [], "accesspoints": []}}, {"model": "membershipperson.membershippersonrole", "pk": 4, "fields": {"lang": "en", "confidence": "1", "object_ref": 4, "value": 1, "sources": ["8d7c889d-1ad3-4239-aa8d-f07bd8753a7b", "8d7c889d-1ad3-4239-aa8d-f07bd8753a7b"], "accesspoints": ["befe2875-85d4-4625-9571-2bbda2253dc9"]}}, {"model": "membershipperson.membershippersonfirstciteddate", "pk": 4, "fields": {"lang": "en", "confidence": "1", "object_ref": 5, "value": "2013-07-11", "sources": ["fad436ad-79f2-4b5f-9c73-1c10e7bc47bb", "fad436ad-79f2-4b5f-9c73-1c10e7bc47bb"], "accesspoints": ["34d7ccb6-b1d9-429a-b39f-5df22b6481b3"]}}, {"model": "membershipperson.membershippersonmember", "pk": 5, "fields": {"lang": null, "confidence": "2", "object_ref": 5, "value": 5, "sources": ["fad436ad-79f2-4b5f-9c73-1c10e7bc47bb", "fee0e960-0af0-4ad8-96fc-5d4a59803670", "fad436ad-79f2-4b5f-9c73-1c10e7bc47bb", "fee0e960-0af0-4ad8-96fc-5d4a59803670"], "accesspoints": ["34d7ccb6-b1d9-429a-b39f-5df22b6481b3", "9f1f2a9e-c96d-4d4c-a534-d43b73175ab4"]}}, {"model": "membershipperson.membershippersonorganization", "pk": 5, "fields": {"lang": null, "confidence": "2", "object_ref": 5, "value": 960, "sources": ["fad436ad-79f2-4b5f-9c73-1c10e7bc47bb", "fee0e960-0af0-4ad8-96fc-5d4a59803670", "fad436ad-79f2-4b5f-9c73-1c10e7bc47bb", "fee0e960-0af0-4ad8-96fc-5d4a59803670"], "accesspoints": ["34d7ccb6-b1d9-429a-b39f-5df22b6481b3", "9f1f2a9e-c96d-4d4c-a534-d43b73175ab4"]}}, {"model": "membershipperson.membershippersonrank", "pk": 4, "fields": {"lang": "en", "confidence": "2", "object_ref": 5, "value": 1, "sources": ["fad436ad-79f2-4b5f-9c73-1c10e7bc47bb", "db1ec2d0-9a73-410f-9ac5-3c0abe2d5cda", "fee0e960-0af0-4ad8-96fc-5d4a59803670", "fad436ad-79f2-4b5f-9c73-1c10e7bc47bb", "fee0e960-0af0-4ad8-96fc-5d4a59803670", "db1ec2d0-9a73-410f-9ac5-3c0abe2d5cda"], "accesspoints": ["34d7ccb6-b1d9-429a-b39f-5df22b6481b3", "67184edd-7305-44ee-8671-0444bb4deb4d", "9f1f2a9e-c96d-4d4c-a534-d43b73175ab4"]}}, {"model": "membershipperson.membershippersonrealstart", "pk": 4, "fields": {"lang": "en", "confidence": "1", "object_ref": 5, "value": true, "sources": [], "accesspoints": []}}, {"model": "membershipperson.membershippersonrole", "pk": 5, "fields": {"lang": "en", "confidence": "2", "object_ref": 5, "value": 1, "sources": ["fad436ad-79f2-4b5f-9c73-1c10e7bc47bb", "fee0e960-0af0-4ad8-96fc-5d4a59803670", "fad436ad-79f2-4b5f-9c73-1c10e7bc47bb", "fee0e960-0af0-4ad8-96fc-5d4a59803670"], "accesspoints": ["34d7ccb6-b1d9-429a-b39f-5df22b6481b3", "9f1f2a9e-c96d-4d4c-a534-d43b73175ab4"]}}, {"model": "membershipperson.membershippersonfirstciteddate", "pk": 5, "fields": {"lang": "en", "confidence": "1", "object_ref": 6, "value": "2017-08-17", "sources": ["dff20ce8-b405-4179-8848-5dd41d7c618d", "dff20ce8-b405-4179-8848-5dd41d7c618d"], "accesspoints": ["3e2790a6-e5ec-4df1-b711-c71c38f3d2e0"]}}, {"model": "membershipperson.membershippersonmember", "pk": 6, "fields": {"lang": null, "confidence": "1", "object_ref": 6, "value": 6, "sources": ["fad436ad-79f2-4b5f-9c73-1c10e7bc47bb", "db1ec2d0-9a73-410f-9ac5-3c0abe2d5cda", "e81fb4bd-a395-4ae0-884b-eb494c67a920", "579eb4c0-b304-46c8-88e5-411bf57e5c4e", "3d9672cd-84ab-4c36-8519-b4c0bf84e302", "9a01f3a1-33f9-4d72-81e6-988c376000f2", "dff20ce8-b405-4179-8848-5dd41d7c618d", "a70671eb-03f5-4283-ba3e-806c5d4c919c", "1b03f757-cb3d-4298-a7b7-a9fcc372df17", "8d7c889d-1ad3-4239-aa8d-f07bd8753a7b", "fee0e960-0af0-4ad8-96fc-5d4a59803670", "dff20ce8-b405-4179-8848-5dd41d7c618d", "c735a897-24b7-4e10-9ba1-fc8f94db1a0e", "1b03f757-cb3d-4298-a7b7-a9fcc372df17", "8d7c889d-1ad3-4239-aa8d-f07bd8753a7b", "fee0e960-0af0-4ad8-96fc-5d4a59803670", "fad436ad-79f2-4b5f-9c73-1c10e7bc47bb", "db1ec2d0-9a73-410f-9ac5-3c0abe2d5cda", "e81fb4bd-a395-4ae0-884b-eb494c67a920", "579eb4c0-b304-46c8-88e5-411bf57e5c4e", "3d9672cd-84ab-4c36-8519-b4c0bf84e302", "9a01f3a1-33f9-4d72-81e6-988c376000f2", "a70671eb-03f5-4283-ba3e-806c5d4c919c", "c735a897-24b7-4e10-9ba1-fc8f94db1a0e"], "accesspoints": ["34d7ccb6-b1d9-429a-b39f-5df22b6481b3", "67184edd-7305-44ee-8671-0444bb4deb4d", "fb9f05a8-77e4-4803-a0eb-68a8f6521bc0", "7762ff8d-4000-4670-a61c-2eb3e2b4d7b6", "50e38b82-4ea5-4048-bda0-7e47bb6c3b5b", "5b947278-3009-40de-aafa-fa8e72ad38c9", "3e2790a6-e5ec-4df1-b711-c71c38f3d2e0", "af3b9d2d-3d43-4dc2-a5b3-f510599bef03", "b25518c8-0fda-4f7f-a063-61a0ebc26a06", "befe2875-85d4-4625-9571-2bbda2253dc9", "9f1f2a9e-c96d-4d4c-a534-d43b73175ab4", "3e977b2b-048c-4eff-b6fa-b3c027b81191"]}}, {"model": "membershipperson.membershippersonorganization", "pk": 6, "fields": {"lang": null, "confidence": "1", "object_ref": 6, "value": 960, "sources": ["fad436ad-79f2-4b5f-9c73-1c10e7bc47bb", "db1ec2d0-9a73-410f-9ac5-3c0abe2d5cda", "e81fb4bd-a395-4ae0-884b-eb494c67a920", "579eb4c0-b304-46c8-88e5-411bf57e5c4e", "3d9672cd-84ab-4c36-8519-b4c0bf84e302", "9a01f3a1-33f9-4d72-81e6-988c376000f2", "dff20ce8-b405-4179-8848-5dd41d7c618d", "a70671eb-03f5-4283-ba3e-806c5d4c919c", "1b03f757-cb3d-4298-a7b7-a9fcc372df17", "8d7c889d-1ad3-4239-aa8d-f07bd8753a7b", "fee0e960-0af0-4ad8-96fc-5d4a59803670", "dff20ce8-b405-4179-8848-5dd41d7c618d", "c735a897-24b7-4e10-9ba1-fc8f94db1a0e", "1b03f757-cb3d-4298-a7b7-a9fcc372df17", "8d7c889d-1ad3-4239-aa8d-f07bd8753a7b", "fee0e960-0af0-4ad8-96fc-5d4a59803670", "fad436ad-79f2-4b5f-9c73-1c10e7bc47bb", "db1ec2d0-9a73-410f-9ac5-3c0abe2d5cda", "e81fb4bd-a395-4ae0-884b-eb494c67a920", "579eb4c0-b304-46c8-88e5-411bf57e5c4e", "3d9672cd-84ab-4c36-8519-b4c0bf84e302", "9a01f3a1-33f9-4d72-81e6-988c376000f2", "a70671eb-03f5-4283-ba3e-806c5d4c919c", "c735a897-24b7-4e10-9ba1-fc8f94db1a0e"], "accesspoints": ["34d7ccb6-b1d9-429a-b39f-5df22b6481b3", "67184edd-7305-44ee-8671-0444bb4deb4d", "fb9f05a8-77e4-4803-a0eb-68a8f6521bc0", "7762ff8d-4000-4670-a61c-2eb3e2b4d7b6", "50e38b82-4ea5-4048-bda0-7e47bb6c3b5b", "5b947278-3009-40de-aafa-fa8e72ad38c9", "3e2790a6-e5ec-4df1-b711-c71c38f3d2e0", "af3b9d2d-3d43-4dc2-a5b3-f510599bef03", "b25518c8-0fda-4f7f-a063-61a0ebc26a06", "befe2875-85d4-4625-9571-2bbda2253dc9", "9f1f2a9e-c96d-4d4c-a534-d43b73175ab4", "3e977b2b-048c-4eff-b6fa-b3c027b81191"]}}, {"model": "membershipperson.membershippersonrank", "pk": 5, "fields": {"lang": "en", "confidence": "1", "object_ref": 6, "value": 3, "sources": ["dff20ce8-b405-4179-8848-5dd41d7c618d", "dff20ce8-b405-4179-8848-5dd41d7c618d"], "accesspoints": ["3e2790a6-e5ec-4df1-b711-c71c38f3d2e0"]}}, {"model": "membershipperson.membershippersonrealstart", "pk": 5, "fields": {"lang": "en", "confidence": "1", "object_ref": 6, "value": true, "sources": [], "accesspoints": []}}, {"model": "membershipperson.membershippersonrealstart", "pk": 1337, "fields": {"lang": null, "confidence": "1", "object_ref": 6, "value": false, "sources": [], "accesspoints": []}}, {"model": "membershipperson.membershippersonrole", "pk": 6, "fields": {"lang": "en", "confidence": "1", "object_ref": 6, "value": 1, "sources": ["dff20ce8-b405-4179-8848-5dd41d7c618d", "dff20ce8-b405-4179-8848-5dd41d7c618d"], "accesspoints": ["3e2790a6-e5ec-4df1-b711-c71c38f3d2e0"]}}, {"model": "membershipperson.membershippersontitle", "pk": 1, "fields": {"lang": "en", "confidence": "1", "object_ref": 6, "value": "Acting Commanding Officer", "sources": ["dff20ce8-b405-4179-8848-5dd41d7c618d", "dff20ce8-b405-4179-8848-5dd41d7c618d"], "accesspoints": ["3e2790a6-e5ec-4df1-b711-c71c38f3d2e0"]}}, {"model": "membershipperson.membershippersonlastciteddate", "pk": 2, "fields": {"lang": "en", "confidence": "1", "object_ref": 7, "value": "2008-07-31", "sources": ["eb51033a-1061-4945-83a5-1d2404e4603a", "eb51033a-1061-4945-83a5-1d2404e4603a"], "accesspoints": ["67a4865b-a959-4bc8-80fb-f22bf953435a"]}}, {"model": "membershipperson.membershippersonmember", "pk": 7, "fields": {"lang": null, "confidence": "1", "object_ref": 7, "value": 7, "sources": ["eb51033a-1061-4945-83a5-1d2404e4603a", "eb51033a-1061-4945-83a5-1d2404e4603a"], "accesspoints": ["67a4865b-a959-4bc8-80fb-f22bf953435a"]}}, {"model": "membershipperson.membershippersonorganization", "pk": 7, "fields": {"lang": null, "confidence": "1", "object_ref": 7, "value": 213, "sources": ["eb51033a-1061-4945-83a5-1d2404e4603a", "eb51033a-1061-4945-83a5-1d2404e4603a"], "accesspoints": ["67a4865b-a959-4bc8-80fb-f22bf953435a"]}}, {"model": "membershipperson.membershippersonrank", "pk": 6, "fields": {"lang": "en", "confidence": "1", "object_ref": 7, "value": 4, "sources": ["eb51033a-1061-4945-83a5-1d2404e4603a", "eb51033a-1061-4945-83a5-1d2404e4603a"], "accesspoints": ["67a4865b-a959-4bc8-80fb-f22bf953435a"]}}, {"model": "membershipperson.membershippersonrealend", "pk": 2, "fields": {"lang": "en", "confidence": "1", "object_ref": 7, "value": true, "sources": [], "accesspoints": []}}, {"model": "membershipperson.membershippersonrole", "pk": 7, "fields": {"lang": "en", "confidence": "1", "object_ref": 7, "value": 1, "sources": ["eb51033a-1061-4945-83a5-1d2404e4603a", "eb51033a-1061-4945-83a5-1d2404e4603a"], "accesspoints": ["67a4865b-a959-4bc8-80fb-f22bf953435a"]}}, {"model": "membershipperson.membershippersonfirstciteddate", "pk": 6, "fields": {"lang": "en", "confidence": "1", "object_ref": 8, "value": "2000-00-00", "sources": ["f5f3c94b-28c5-48aa-9f9b-d3f78ca9d596", "f5f3c94b-28c5-48aa-9f9b-d3f78ca9d596"], "accesspoints": ["2e212e6e-46fd-4c57-9fc8-c49832fa9591"]}}, {"model": "membershipperson.membershippersonlastciteddate", "pk": 3, "fields": {"lang": "en", "confidence": "1", "object_ref": 8, "value": "2001-00-00", "sources": ["f5f3c94b-28c5-48aa-9f9b-d3f78ca9d596", "f5f3c94b-28c5-48aa-9f9b-d3f78ca9d596"], "accesspoints": ["2e212e6e-46fd-4c57-9fc8-c49832fa9591"]}}, {"model": "membershipperson.membershippersonmember", "pk": 8, "fields": {"lang": null, "confidence": "1", "object_ref": 8, "value": 8, "sources": ["f5f3c94b-28c5-48aa-9f9b-d3f78ca9d596", "f5f3c94b-28c5-48aa-9f9b-d3f78ca9d596"], "accesspoints": ["2e212e6e-46fd-4c57-9fc8-c49832fa9591"]}}, {"model": "membershipperson.membershippersonorganization", "pk": 8, "fields": {"lang": null, "confidence": "1", "object_ref": 8, "value": 961, "sources": ["f5f3c94b-28c5-48aa-9f9b-d3f78ca9d596", "f5f3c94b-28c5-48aa-9f9b-d3f78ca9d596"], "accesspoints": ["2e212e6e-46fd-4c57-9fc8-c49832fa9591"]}}, {"model": "membershipperson.membershippersonrealend", "pk": 3, "fields": {"lang": "en", "confidence": "1", "object_ref": 8, "value": true, "sources": [], "accesspoints": []}}, {"model": "membershipperson.membershippersonrealstart", "pk": 6, "fields": {"lang": "en", "confidence": "1", "object_ref": 8, "value": true, "sources": [], "accesspoints": []}}, {"model": "membershipperson.membershippersonfirstciteddate", "pk": 7, "fields": {"lang": "en", "confidence": "1", "object_ref": 9, "value": "2002-02-17", "sources": ["eafd524b-a8eb-4acf-be8d-86c4ec49c56f", "eafd524b-a8eb-4acf-be8d-86c4ec49c56f"], "accesspoints": ["bb22c869-552a-4e5e-b7b3-509803804b1a"]}}, {"model": "membershipperson.membershippersonmember", "pk": 9, "fields": {"lang": null, "confidence": "1", "object_ref": 9, "value": 9, "sources": ["eafd524b-a8eb-4acf-be8d-86c4ec49c56f", "eafd524b-a8eb-4acf-be8d-86c4ec49c56f"], "accesspoints": ["bb22c869-552a-4e5e-b7b3-509803804b1a"]}}, {"model": "membershipperson.membershippersonorganization", "pk": 9, "fields": {"lang": null, "confidence": "1", "object_ref": 9, "value": 961, "sources": ["eafd524b-a8eb-4acf-be8d-86c4ec49c56f", "eafd524b-a8eb-4acf-be8d-86c4ec49c56f"], "accesspoints": ["bb22c869-552a-4e5e-b7b3-509803804b1a"]}}, {"model": "membershipperson.membershippersonrank", "pk": 7, "fields": {"lang": "en", "confidence": "1", "object_ref": 9, "value": 6, "sources": ["eafd524b-a8eb-4acf-be8d-86c4ec49c56f", "eafd524b-a8eb-4acf-be8d-86c4ec49c56f"], "accesspoints": ["bb22c869-552a-4e5e-b7b3-509803804b1a"]}}, {"model": "membershipperson.membershippersonrealstart", "pk": 7, "fields": {"lang": "en", "confidence": "1", "object_ref": 9, "value": true, "sources": [], "accesspoints": []}}, {"model": "membershipperson.membershippersonrole", "pk": 8, "fields": {"lang": "en", "confidence": "1", "object_ref": 9, "value": 1, "sources": ["eafd524b-a8eb-4acf-be8d-86c4ec49c56f", "eafd524b-a8eb-4acf-be8d-86c4ec49c56f"], "accesspoints": ["bb22c869-552a-4e5e-b7b3-509803804b1a"]}}, {"model": "membershipperson.membershippersonfirstciteddate", "pk": 8, "fields": {"lang": "en", "confidence": "1", "object_ref": 10, "value": "2007-08-31", "sources": ["f3b4b71f-4980-4181-b88b-f5fbe1ca07d0", "f3b4b71f-4980-4181-b88b-f5fbe1ca07d0"], "accesspoints": ["59add8e0-91ce-415a-ae94-5c768c8e2e23"]}}, {"model": "membershipperson.membershippersonlastciteddate", "pk": 4, "fields": {"lang": "en", "confidence": "1", "object_ref": 10, "value": "2008-09-00", "sources": ["f3b4b71f-4980-4181-b88b-f5fbe1ca07d0", "3bec61e2-9f1e-4ac7-8785-9466638c87e8", "f3b4b71f-4980-4181-b88b-f5fbe1ca07d0", "3bec61e2-9f1e-4ac7-8785-9466638c87e8"], "accesspoints": ["59add8e0-91ce-415a-ae94-5c768c8e2e23", "4c6f48ad-cae7-40f9-9184-c1e16749f2d6"]}}, {"model": "membershipperson.membershippersonmember", "pk": 10, "fields": {"lang": null, "confidence": "1", "object_ref": 10, "value": 10, "sources": ["f3b4b71f-4980-4181-b88b-f5fbe1ca07d0", "3bec61e2-9f1e-4ac7-8785-9466638c87e8", "f3b4b71f-4980-4181-b88b-f5fbe1ca07d0", "3bec61e2-9f1e-4ac7-8785-9466638c87e8"], "accesspoints": ["59add8e0-91ce-415a-ae94-5c768c8e2e23", "4c6f48ad-cae7-40f9-9184-c1e16749f2d6"]}}, {"model": "membershipperson.membershippersonorganization", "pk": 10, "fields": {"lang": null, "confidence": "1", "object_ref": 10, "value": 961, "sources": ["f3b4b71f-4980-4181-b88b-f5fbe1ca07d0", "3bec61e2-9f1e-4ac7-8785-9466638c87e8", "f3b4b71f-4980-4181-b88b-f5fbe1ca07d0", "3bec61e2-9f1e-4ac7-8785-9466638c87e8"], "accesspoints": ["59add8e0-91ce-415a-ae94-5c768c8e2e23", "4c6f48ad-cae7-40f9-9184-c1e16749f2d6"]}}, {"model": "membershipperson.membershippersonrank", "pk": 8, "fields": {"lang": "en", "confidence": "1", "object_ref": 10, "value": 6, "sources": ["f3b4b71f-4980-4181-b88b-f5fbe1ca07d0", "3bec61e2-9f1e-4ac7-8785-9466638c87e8", "f3b4b71f-4980-4181-b88b-f5fbe1ca07d0", "3bec61e2-9f1e-4ac7-8785-9466638c87e8"], "accesspoints": ["59add8e0-91ce-415a-ae94-5c768c8e2e23", "4c6f48ad-cae7-40f9-9184-c1e16749f2d6"]}}, {"model": "membershipperson.membershippersonrealend", "pk": 4, "fields": {"lang": "en", "confidence": "1", "object_ref": 10, "value": true, "sources": [], "accesspoints": []}}, {"model": "membershipperson.membershippersonrealstart", "pk": 8, "fields": {"lang": "en", "confidence": "1", "object_ref": 10, "value": true, "sources": [], "accesspoints": []}}, {"model": "membershipperson.membershippersonrole", "pk": 9, "fields": {"lang": "en", "confidence": "1", "object_ref": 10, "value": 1, "sources": ["f3b4b71f-4980-4181-b88b-f5fbe1ca07d0", "3bec61e2-9f1e-4ac7-8785-9466638c87e8", "f3b4b71f-4980-4181-b88b-f5fbe1ca07d0", "3bec61e2-9f1e-4ac7-8785-9466638c87e8"], "accesspoints": ["59add8e0-91ce-415a-ae94-5c768c8e2e23", "4c6f48ad-cae7-40f9-9184-c1e16749f2d6"]}}, {"model": "person.person", "pk": 1, "fields": {"uuid": "a7330663-ae7f-4c8f-bbda-6b8d1502404b"}}, {"model": "source.source", "pk": "da16e37d-42c2-4832-bfe1-0f7661f06fbd", "fields": {"title": "Note - the name has been standardized, the Security Force Monitor does not use ordinal numbers in names of organizations", "publication": null, "publication_country": null, "published_on": "1900-01-01", "source_url": null, "date_updated": "2017-10-28T01:32:54.267Z", "date_added": "2017-10-28T01:32:54.267Z", "user": 1}}, {"model": "source.source", "pk": "eb51033a-1061-4945-83a5-1d2404e4603a", "fields": {"title": "\"Se informa a la opini\u00f3n p\u00fablica sobre la designaci\u00f3n de diferentes Mandos Territoriales\"", "publication": "Secretar\u00eda de la Defensa Nacional", "publication_country": "Mexico", "published_on": "2008-08-08", "source_url": "http://www.sedena.gob.mx/pdf/comunicados/2008/2008151.pdf", "date_updated": "2017-10-28T01:32:58.314Z", "date_added": "2017-10-28T01:32:58.314Z", "user": 1}}, {"model": "source.accesspoint", "pk": "8804c7da-aaad-4fbf-ad1e-0c63b73d6de1", "fields": {"page_number": null, "accessed_on": null, "archive_url": null, "source": "da16e37d-42c2-4832-bfe1-0f7661f06fbd", "user": 1}}, {"model": "source.accesspoint", "pk": "67a4865b-a959-4bc8-80fb-f22bf953435a", "fields": {"page_number": null, "accessed_on": null, "archive_url": "https://web.archive.org/web/20110804050351/http://www.sedena.gob.mx/pdf/comunicados/2008/2008151.pdf", "source": "eb51033a-1061-4945-83a5-1d2404e4603a", "user": 1}}, {"model": "organization.organization", "pk": 495, "fields": {"uuid": "401c178f-843d-4375-ad1c-1c35e9a6c633"}}, {"model": "membershipperson.role", "pk": 1, "fields": {"value": "Commander"}}, {"model": "source.source", "pk": "a70671eb-03f5-4283-ba3e-806c5d4c919c", "fields": {"title": "Soldiers teach Kebbi corps members how to use guns", "publication": "The Punch", "publication_country": "Nigeria", "published_on": "2015-03-21", "source_url": "http://www.punchng.com/feature/election-soldiers-teach-kebbi-corps-members-how-to-use-guns/", "date_updated": "2017-10-28T02:51:58.314Z", "date_added": "2017-10-28T02:51:58.314Z", "user": 1}}, {"model": "source.accesspoint", "pk": "af3b9d2d-3d43-4dc2-a5b3-f510599bef03", "fields": {"page_number": null, "accessed_on": null, "archive_url": "https://web.archive.org/web/20150422060240/http://www.punchng.com/feature/election-soldiers-teach-kebbi-corps-members-how-to-use-guns/", "source": "a70671eb-03f5-4283-ba3e-806c5d4c919c", "user": 1}}, {"model": "person.person", "pk": 2, "fields": {"uuid": "22c32543-4371-4a2a-a192-7ffe6b544536"}}, {"model": "organization.organization", "pk": 960, "fields": {"uuid": "f471aca5-fc0c-4667-ac33-95398654e3a0"}}, {"model": "membershipperson.rank", "pk": 1, "fields": {"value": "Lieutenant Colonel"}}, {"model": "source.source", "pk": "1b03f757-cb3d-4298-a7b7-a9fcc372df17", "fields": {"title": "Army Chief Advices Trainees On Prudent Investment", "publication": "Leadership.", "publication_country": null, "published_on": "2013-01-25", "source_url": "http://allafrica.com/stories/201301280221.html", "date_updated": "2017-10-28T03:15:00.347Z", "date_added": "2017-10-28T03:15:00.347Z", "user": 1}}, {"model": "source.accesspoint", "pk": "b25518c8-0fda-4f7f-a063-61a0ebc26a06", "fields": {"page_number": null, "accessed_on": null, "archive_url": null, "source": "1b03f757-cb3d-4298-a7b7-a9fcc372df17", "user": 1}}, {"model": "person.person", "pk": 3, "fields": {"uuid": "7afd9a5d-d9d0-4ce4-960e-8fcc8d57e769"}}, {"model": "membershipperson.rank", "pk": 2, "fields": {"value": "Colonel"}}, {"model": "source.source", "pk": "8d7c889d-1ad3-4239-aa8d-f07bd8753a7b", "fields": {"title": "Balarabe Commends Kebbi Govt", "publication": "Daily Independent", "publication_country": "Nigeria", "published_on": "2011-02-16", "source_url": "http://allafrica.com/stories/201102170741.html", "date_updated": "2017-10-28T03:15:00.517Z", "date_added": "2017-10-28T03:15:00.517Z", "user": 1}}, {"model": "source.accesspoint", "pk": "befe2875-85d4-4625-9571-2bbda2253dc9", "fields": {"page_number": null, "accessed_on": null, "archive_url": null, "source": "8d7c889d-1ad3-4239-aa8d-f07bd8753a7b", "user": 1}}, {"model": "source.source", "pk": "3c23ee6f-002e-411b-93aa-6195674dffe1", "fields": {"title": "Balarabe Commends Kebbi Govt", "publication": "Daily Independent", "publication_country": "Nigeria", "published_on": "2011-02-16", "source_url": "http://allafrica.com/stories/201102170741.html", "date_updated": "2017-10-28T02:51:58.625Z", "date_added": "2017-10-28T02:51:58.625Z", "user": 1}}, {"model": "source.accesspoint", "pk": "78a7427b-0a42-41de-a5ae-6b104073cff3", "fields": {"page_number": null, "accessed_on": null, "archive_url": "https://web.archive.org/web/20161107214101/http://allafrica.com/stories/201102170741.html", "source": "3c23ee6f-002e-411b-93aa-6195674dffe1", "user": 1}}, {"model": "person.person", "pk": 4, "fields": {"uuid": "12a3eca2-6d0b-4922-a625-301780eebd8c"}}, {"model": "source.source", "pk": "fad436ad-79f2-4b5f-9c73-1c10e7bc47bb", "fields": {"title": "How Security Personnel Foiled Supply of Weapons to Insurgents in Kebbi", "publication": "Leadership", "publication_country": "Nigeria", "published_on": "2013-07-21", "source_url": "http://leadership.ng/news/330992/how-security-personnel-foiled-supply-weapons-insurgents-kebbi", "date_updated": "2017-10-28T02:51:58.192Z", "date_added": "2017-10-28T02:51:58.192Z", "user": 1}}, {"model": "source.accesspoint", "pk": "34d7ccb6-b1d9-429a-b39f-5df22b6481b3", "fields": {"page_number": null, "accessed_on": null, "archive_url": "https://web.archive.org/web/20150620232729/http://leadership.ng/news/330992/how-security-personnel-foiled-supply-weapons-insurgents-kebbi", "source": "fad436ad-79f2-4b5f-9c73-1c10e7bc47bb", "user": 1}}, {"model": "person.person", "pk": 5, "fields": {"uuid": "df839f8d-1fe5-48cb-b24a-bc85efd1ac59"}}, {"model": "source.source", "pk": "fee0e960-0af0-4ad8-96fc-5d4a59803670", "fields": {"title": "Army intercepts arms-loaded petrol tanker vehicle in Kebbi", "publication": "News Agency of Nigeria.", "publication_country": null, "published_on": "2013-07-13", "source_url": "http://www.nanngronline.com/section/defencesecurity/army-intercepts-arms-loaded-petrol-tanker-vehicle-in-kebbi", "date_updated": "2017-10-28T03:15:00.707Z", "date_added": "2017-10-28T03:15:00.707Z", "user": 1}}, {"model": "source.accesspoint", "pk": "9f1f2a9e-c96d-4d4c-a534-d43b73175ab4", "fields": {"page_number": null, "accessed_on": null, "archive_url": null, "source": "fee0e960-0af0-4ad8-96fc-5d4a59803670", "user": 1}}, {"model": "source.source", "pk": "db1ec2d0-9a73-410f-9ac5-3c0abe2d5cda", "fields": {"title": "Army, SSS Intercept Tanker With Arms, Ammunition", "publication": "Leadership", "publication_country": "Nigeria", "published_on": "2013-07-14", "source_url": "http://leadership.ng/news/331559/army-sss-intercept-tanker-arms-ammunition", "date_updated": "2017-10-28T02:51:58.200Z", "date_added": "2017-10-28T02:51:58.200Z", "user": 1}}, {"model": "source.accesspoint", "pk": "67184edd-7305-44ee-8671-0444bb4deb4d", "fields": {"page_number": null, "accessed_on": null, "archive_url": "https://web.archive.org/web/20150620233334/http://leadership.ng/news/331559/army-sss-intercept-tanker-arms-ammunition", "source": "db1ec2d0-9a73-410f-9ac5-3c0abe2d5cda", "user": 1}}, {"model": "source.source", "pk": "dff20ce8-b405-4179-8848-5dd41d7c618d", "fields": {"title": "Kebbi gov", "publication": "donates cash to slain soldiers\u2019 wives. The", "publication_country": null, "published_on": "2017-10-22", "source_url": "http://sunnewsonline.com/kebbi-gov-donates-cash-to-slain-soldiers-wives/", "date_updated": "2017-10-28T02:51:58.242Z", "date_added": "2017-10-28T02:51:58.242Z", "user": 1}}, {"model": "source.accesspoint", "pk": "3e2790a6-e5ec-4df1-b711-c71c38f3d2e0", "fields": {"page_number": null, "accessed_on": null, "archive_url": "https://web.archive.org/web/20170831171939/http://sunnewsonline.com/kebbi-gov-donates-cash-to-slain-soldiers-wives/", "source": "dff20ce8-b405-4179-8848-5dd41d7c618d", "user": 1}}, {"model": "person.person", "pk": 6, "fields": {"uuid": "0f486c05-df22-4b22-a514-4943fdeea271"}}, {"model": "source.source", "pk": "e81fb4bd-a395-4ae0-884b-eb494c67a920", "fields": {"title": "Army Chief Advices Trainees On Prudent Investment", "publication": "Leadership", "publication_country": "Nigeria", "published_on": "2013-01-25", "source_url": "http://allafrica.com/stories/201301280221.html", "date_updated": "2017-10-28T02:51:58.211Z", "date_added": "2017-10-28T02:51:58.211Z", "user": 1}}, {"model": "source.source", "pk": "579eb4c0-b304-46c8-88e5-411bf57e5c4e", "fields": {"title": "Defence Headquarters Organises Skills Acquisition for Officers Wives in Kebbi", "publication": "Leadership", "publication_country": "Nigeria", "published_on": "2013-01-18", "source_url": "http://allafrica.com/stories/201301180315.html", "date_updated": "2017-10-28T02:51:58.219Z", "date_added": "2017-10-28T02:51:58.219Z", "user": 1}}, {"model": "source.source", "pk": "3d9672cd-84ab-4c36-8519-b4c0bf84e302", "fields": {"title": "Police Prevent Angry 'Okada' Riders From Burning FRSC Office", "publication": "Vanguard", "publication_country": "Nigeria", "published_on": "2013-01-15", "source_url": "http://www.vanguardngr.com/2013/01/police-prevent-angry-okada-riders-from-burning-frsc-office/", "date_updated": "2017-10-28T02:51:58.227Z", "date_added": "2017-10-28T02:51:58.227Z", "user": 1}}, {"model": "source.source", "pk": "9a01f3a1-33f9-4d72-81e6-988c376000f2", "fields": {"title": "U", "publication": "S. to Train Three New Battalions. The Guardian", "publication_country": "Nigeria", "published_on": "2001-06-27", "source_url": "http://allafrica.com/stories/200106270283.html", "date_updated": "2017-10-28T02:51:58.235Z", "date_added": "2017-10-28T02:51:58.235Z", "user": 1}}, {"model": "source.source", "pk": "c735a897-24b7-4e10-9ba1-fc8f94db1a0e", "fields": {"title": "Kebbi gov", "publication": "donates cash to slain soldiers\u2019 wives. The", "publication_country": null, "published_on": "2018-01-21", "source_url": "http://sunnewsonline.com/kebbi-gov-donates-cash-to-slain-soldiers-wives/", "date_updated": "2018-01-26T09:37:42.117Z", "date_added": "2018-01-26T09:37:42.117Z", "user": 1}}, {"model": "source.accesspoint", "pk": "fb9f05a8-77e4-4803-a0eb-68a8f6521bc0", "fields": {"page_number": null, "accessed_on": null, "archive_url": "https://web.archive.org/web/20161104163906/http://allafrica.com/stories/201301280221.html", "source": "e81fb4bd-a395-4ae0-884b-eb494c67a920", "user": 1}}, {"model": "source.accesspoint", "pk": "7762ff8d-4000-4670-a61c-2eb3e2b4d7b6", "fields": {"page_number": null, "accessed_on": null, "archive_url": "https://web.archive.org/web/20130311172213/http://allafrica.com/stories/201301180315.html", "source": "579eb4c0-b304-46c8-88e5-411bf57e5c4e", "user": 1}}, {"model": "source.accesspoint", "pk": "50e38b82-4ea5-4048-bda0-7e47bb6c3b5b", "fields": {"page_number": null, "accessed_on": null, "archive_url": "https://web.archive.org/web/20131218085850/http://www.vanguardngr.com/2013/01/police-prevent-angry-okada-riders-from-burning-frsc-office/", "source": "3d9672cd-84ab-4c36-8519-b4c0bf84e302", "user": 1}}, {"model": "source.accesspoint", "pk": "5b947278-3009-40de-aafa-fa8e72ad38c9", "fields": {"page_number": null, "accessed_on": null, "archive_url": null, "source": "9a01f3a1-33f9-4d72-81e6-988c376000f2", "user": 1}}, {"model": "source.accesspoint", "pk": "3e977b2b-048c-4eff-b6fa-b3c027b81191", "fields": {"page_number": null, "accessed_on": null, "archive_url": "https://web.archive.org/web/20170831171939/http://sunnewsonline.com/kebbi-gov-donates-cash-to-slain-soldiers-wives/", "source": "c735a897-24b7-4e10-9ba1-fc8f94db1a0e", "user": 1}}, {"model": "membershipperson.rank", "pk": 3, "fields": {"value": "Captain"}}, {"model": "person.person", "pk": 7, "fields": {"uuid": "d2fe1202-fc48-418a-8cfe-37489d0600e0"}}, {"model": "organization.organization", "pk": 213, "fields": {"uuid": "83307591-fa2f-4191-b327-917f7f7fabaf"}}, {"model": "membershipperson.rank", "pk": 4, "fields": {"value": "General de Brigada"}}, {"model": "source.source", "pk": "f5f3c94b-28c5-48aa-9f9b-d3f78ca9d596", "fields": {"title": "\"BRIEF BIOGRAPHY OF BRIG GEN BA FIBOINUMAMA\"", "publication": "Training and Doctrine Command", "publication_country": "Nigeria", "published_on": "2016-04-20", "source_url": "https://web.archive.org/web/20160420192040/http://tradoc.mil.ng/aboutdot.php", "date_updated": "2017-10-28T02:51:59.658Z", "date_added": "2017-10-28T02:51:59.658Z", "user": 1}}, {"model": "source.accesspoint", "pk": "2e212e6e-46fd-4c57-9fc8-c49832fa9591", "fields": {"page_number": null, "accessed_on": null, "archive_url": null, "source": "f5f3c94b-28c5-48aa-9f9b-d3f78ca9d596", "user": 1}}, {"model": "person.person", "pk": 8, "fields": {"uuid": "b670af83-e34f-43ab-b7fe-e01d18094bf4"}}, {"model": "organization.organization", "pk": 961, "fields": {"uuid": "b470d583-6888-42cc-a87b-92140643de69"}}, {"model": "source.source", "pk": "eafd524b-a8eb-4acf-be8d-86c4ec49c56f", "fields": {"title": "Sokoto Goc to Soldiers: Marry Foreign Wives And Be Sacked", "publication": "This Day", "publication_country": "Nigeria", "published_on": "2002-02-17", "source_url": "http://allafrica.com/stories/200202170023.html", "date_updated": "2017-10-28T02:51:59.642Z", "date_added": "2017-10-28T02:51:59.643Z", "user": 1}}, {"model": "source.accesspoint", "pk": "bb22c869-552a-4e5e-b7b3-509803804b1a", "fields": {"page_number": null, "accessed_on": null, "archive_url": null, "source": "eafd524b-a8eb-4acf-be8d-86c4ec49c56f", "user": 1}}, {"model": "person.person", "pk": 9, "fields": {"uuid": "dd1040d8-6b40-4321-80d3-39d69ec71985"}}, {"model": "membershipperson.rank", "pk": 6, "fields": {"value": "Brigadier General"}}, {"model": "source.source", "pk": "f3b4b71f-4980-4181-b88b-f5fbe1ca07d0", "fields": {"title": "Soldiers Reprimanded for Role in Liberia", "publication": "This Day", "publication_country": "Nigeria", "published_on": "2007-09-01", "source_url": "http://allafrica.com/stories/200709030381.html", "date_updated": "2017-10-28T02:51:58.321Z", "date_added": "2017-10-28T02:51:58.321Z", "user": 1}}, {"model": "source.accesspoint", "pk": "59add8e0-91ce-415a-ae94-5c768c8e2e23", "fields": {"page_number": null, "accessed_on": null, "archive_url": null, "source": "f3b4b71f-4980-4181-b88b-f5fbe1ca07d0", "user": 1}}, {"model": "source.source", "pk": "3bec61e2-9f1e-4ac7-8785-9466638c87e8", "fields": {"title": "Military Committed to Democracy, Says Army Chief", "publication": "This Day", "publication_country": "Nigeria", "published_on": "2008-09-18", "source_url": "http://allafrica.com/stories/200809180542.html", "date_updated": "2017-10-28T03:15:02.031Z", "date_added": "2017-10-28T03:15:02.031Z", "user": 1}}, {"model": "source.accesspoint", "pk": "4c6f48ad-cae7-40f9-9184-c1e16749f2d6", "fields": {"page_number": null, "accessed_on": null, "archive_url": null, "source": "3bec61e2-9f1e-4ac7-8785-9466638c87e8", "user": 1}}, {"model": "person.person", "pk": 10, "fields": {"uuid": "b91bcfaa-bf3c-4659-a842-3cc649c8f45a"}}, {"model": "auth.user", "pk": 1, "fields": {"password": "pbkdf2_sha256$24000$F3HbMtZ32JrG$eF1tT3GLlmREsYoFLgzDi++QDi5AhjL5frqWw9vWx9A=", "last_login": null, "is_superuser": false, "username": "importer", "first_name": "", "last_name": "", "email": "importer@importer.com", "is_staff": false, "is_active": true, "date_joined": "2017-10-10T23:42:13.494Z", "groups": [], "user_permissions": []}}]