[{"model": "membershiporganization.membershiporganization", "pk": 1, "fields": {}}, {"model": "membershiporganization.membershiporganization", "pk": 2, "fields": {}}, {"model": "membershiporganization.membershiporganization", "pk": 3, "fields": {}}, {"model": "membershiporganization.membershiporganization", "pk": 4, "fields": {}}, {"model": "membershiporganization.membershiporganization", "pk": 5, "fields": {}}, {"model": "membershiporganization.membershiporganization", "pk": 6, "fields": {}}, {"model": "membershiporganization.membershiporganization", "pk": 7, "fields": {}}, {"model": "membershiporganization.membershiporganization", "pk": 8, "fields": {}}, {"model": "membershiporganization.membershiporganization", "pk": 9, "fields": {}}, {"model": "membershiporganization.membershiporganization", "pk": 10, "fields": {}}, {"model": "membershiporganization.membershiporganizationlastciteddate", "pk": 1, "fields": {"lang": "en", "confidence": "1", "object_ref": 1, "value": "2007-08-15", "sources": ["a509acc5-bba2-445d-96cf-31dca4fe3c38"], "accesspoints": ["1efba344-2655-484f-b5f7-4b8de1508d39"]}}, {"model": "membershiporganization.membershiporganizationmember", "pk": 1, "fields": {"lang": null, "confidence": "1", "object_ref": 1, "value": 1, "sources": ["0fdd05b3-bcfa-4386-a746-9b24f31d2c49"], "accesspoints": ["3820ab2d-f3e9-4f83-b95c-636316859840"]}}, {"model": "membershiporganization.membershiporganizationorganization", "pk": 1, "fields": {"lang": null, "confidence": "1", "object_ref": 1, "value": 3, "sources": ["4342a1ac-7276-4f2c-8458-e68e23a2feb6"], "accesspoints": ["b894f641-78c5-4149-bb20-7febed3344f6"]}}, {"model": "membershiporganization.membershiporganizationfirstciteddate", "pk": 1, "fields": {"lang": "en", "confidence": "1", "object_ref": 2, "value": "2015-07-15", "sources": ["1223cb81-4ffe-4603-ae83-1c791c475324"], "accesspoints": ["f58d458e-40ea-4a05-aa1b-e92d7fc62279"]}}, {"model": "membershiporganization.membershiporganizationlastciteddate", "pk": 2, "fields": {"lang": "en", "confidence": "1", "object_ref": 2, "value": "2015-09-15", "sources": ["868ecbe1-f6b8-405f-bd3d-dc10fce2201c"], "accesspoints": ["7b3e476e-9c58-43e0-b878-4fbd546c4ab1"]}}, {"model": "membershiporganization.membershiporganizationmember", "pk": 2, "fields": {"lang": null, "confidence": "1", "object_ref": 2, "value": 2, "sources": ["0346dbdf-f171-452a-b3d5-b9c9e25814d5"], "accesspoints": ["4735b308-2fad-4252-9272-f07cd48a4db0"]}}, {"model": "membershiporganization.membershiporganizationorganization", "pk": 2, "fields": {"lang": null, "confidence": "1", "object_ref": 2, "value": 5, "sources": ["a6517d3c-2eb4-4bcc-8d0b-152b2310bcb2"], "accesspoints": ["c9cade72-8fa8-489a-818e-5d0ae2395511"]}}, {"model": "membershiporganization.membershiporganizationfirstciteddate", "pk": 2, "fields": {"lang": "en", "confidence": "1", "object_ref": 3, "value": "2011-02-02", "sources": ["1334354e-25b0-4757-92cc-2138738a6987"], "accesspoints": ["81486912-7ca5-49b2-b76a-c1e3aef32629"]}}, {"model": "membershiporganization.membershiporganizationmember", "pk": 3, "fields": {"lang": null, "confidence": "1", "object_ref": 3, "value": 2, "sources": ["1783a9c6-a885-4891-8799-94a9315589ff", "6b396b8a-e2e6-4f83-b540-9ccfbfad8d43"], "accesspoints": ["09a06150-2a81-4e13-a2c1-d96f1cfc3de4", "c658b0cb-e16f-4026-861b-8b37e5c5bd81"]}}, {"model": "membershiporganization.membershiporganizationorganization", "pk": 3, "fields": {"lang": null, "confidence": "1", "object_ref": 3, "value": 6, "sources": ["0d6023ca-7820-4452-a021-3cce6e1d014f", "56ca5390-ebab-4ffe-92ec-71a83359d7c0"], "accesspoints": ["22b18f03-3884-4afd-b406-da2372bb8482", "95f24d65-c085-4c99-9439-41c68bf5f9b9"]}}, {"model": "membershiporganization.membershiporganizationfirstciteddate", "pk": 3, "fields": {"lang": "en", "confidence": "1", "object_ref": 4, "value": "2015-07-15", "sources": ["c2fd811c-17e0-4ecf-8440-9ab2e88d6bec"], "accesspoints": ["94fccf9f-4e27-4fa0-a8a3-6f48db1f1748"]}}, {"model": "membershiporganization.membershiporganizationmember", "pk": 4, "fields": {"lang": null, "confidence": "1", "object_ref": 4, "value": 2, "sources": ["1fba1356-0f00-4aa3-b8dc-fefa48ccc261"], "accesspoints": ["50607ed8-6516-495d-8428-064655c9c96d"]}}, {"model": "membershiporganization.membershiporganizationorganization", "pk": 4, "fields": {"lang": null, "confidence": "1", "object_ref": 4, "value": 8, "sources": ["b2842ec1-e89b-4391-af11-f523e551796f"], "accesspoints": ["eef2fa8b-6d24-4bb6-8b35-71bfa9a1a7e7"]}}, {"model": "membershiporganization.membershiporganizationfirstciteddate", "pk": 4, "fields": {"lang": "en", "confidence": "1", "object_ref": 5, "value": "2013-05-15", "sources": ["a852daa7-dd72-441c-8bb3-e3534eae45f2", "0e8d8869-71d4-4121-ae8a-3386db948b11", "df1ac8f8-82a1-45c6-a4a6-d338fa4e1bdd"], "accesspoints": ["caf4fb96-67eb-441a-b06d-127bbde75c0b", "54d7d220-f664-4d7d-91f9-775a3238ff78", "4f2bbe30-984a-4887-ac50-695b402dd5d5"]}}, {"model": "membershiporganization.membershiporganizationmember", "pk": 5, "fields": {"lang": null, "confidence": "1", "object_ref": 5, "value": 4, "sources": ["1a5c4723-6fbc-445c-8539-6944539d8a89", "7f5ca131-b6f8-4468-b8f4-4479f585b120", "cc53aa9e-9c2a-43cc-ad47-06bd0582daa4"], "accesspoints": ["def36b7e-ca41-4b6a-bff3-778055e1b7a0", "36741fb5-87c4-4ccc-ac9a-233daf3e5398", "fd338b4f-c654-46db-91cc-fba2a825141e"]}}, {"model": "membershiporganization.membershiporganizationorganization", "pk": 5, "fields": {"lang": null, "confidence": "1", "object_ref": 5, "value": 13, "sources": ["34d48afd-ce31-4c22-96c2-57d65fdb0811", "5c356053-541d-4fcf-b2ca-50ba03792508", "cf626c75-11d5-4358-875e-bf8868850890"], "accesspoints": ["04546de6-6786-43bf-ba61-19266afc2fbf", "99423c8a-301d-41f5-adfc-deab2d717f51", "796f441d-5d01-4a30-aaf4-fdf4fcb43d0f"]}}, {"model": "membershiporganization.membershiporganizationfirstciteddate", "pk": 5, "fields": {"lang": "en", "confidence": "1", "object_ref": 6, "value": "2016-01-15", "sources": ["7ae8b0cd-3c8d-48b3-8a3e-d02fd329e222"], "accesspoints": ["1241695e-d88b-4139-8fb2-0cf517d32ebd"]}}, {"model": "membershiporganization.membershiporganizationlastciteddate", "pk": 3, "fields": {"lang": "en", "confidence": "1", "object_ref": 6, "value": "2016-03-18", "sources": ["84a51a78-57fe-4659-82b6-72b23d962de4"], "accesspoints": ["9aa80e54-6ffc-4ee8-86bd-5385de428bc4"]}}, {"model": "membershiporganization.membershiporganizationmember", "pk": 6, "fields": {"lang": null, "confidence": "1", "object_ref": 6, "value": 4, "sources": ["e58fffd5-18d1-4240-bbd4-4995747e6486"], "accesspoints": ["ced81c96-d510-4210-bd3c-51237ae89e6c"]}}, {"model": "membershiporganization.membershiporganizationorganization", "pk": 6, "fields": {"lang": null, "confidence": "1", "object_ref": 6, "value": 14, "sources": ["9f2b20d3-fcac-4d67-9e97-f332cc04d6f7"], "accesspoints": ["3a04132c-9bdd-40dc-833f-58047c7cb776"]}}, {"model": "membershiporganization.membershiporganizationfirstciteddate", "pk": 6, "fields": {"lang": "en", "confidence": "1", "object_ref": 7, "value": "2014-01-20", "sources": ["25d5c1ea-8eb1-400c-9b14-94520fca6152"], "accesspoints": ["eacb3a2d-4524-41eb-a907-58d2869ca36c"]}}, {"model": "membershiporganization.membershiporganizationlastciteddate", "pk": 4, "fields": {"lang": "en", "confidence": "1", "object_ref": 7, "value": "2015-07-18", "sources": ["8b17aa17-04aa-49b7-8b80-86c0f0b8a99d"], "accesspoints": ["52ae2e6b-e791-454a-949b-7ea62d91864b"]}}, {"model": "membershiporganization.membershiporganizationmember", "pk": 7, "fields": {"lang": null, "confidence": "1", "object_ref": 7, "value": 15, "sources": ["563cd522-9e70-42d9-ba4d-cbcb10243531"], "accesspoints": ["de650ce5-ce74-45ca-88c5-3829c03189d0"]}}, {"model": "membershiporganization.membershiporganizationorganization", "pk": 7, "fields": {"lang": null, "confidence": "1", "object_ref": 7, "value": 17, "sources": ["7ae8b0cd-3c8d-48b3-8a3e-d02fd329e222"], "accesspoints": ["1241695e-d88b-4139-8fb2-0cf517d32ebd"]}}, {"model": "membershiporganization.membershiporganizationfirstciteddate", "pk": 7, "fields": {"lang": "en", "confidence": "1", "object_ref": 8, "value": "1905-06-28", "sources": ["aea7773c-abf6-4ac3-bbc2-de58f9ff866d"], "accesspoints": ["53b1138a-9d84-47c7-8ca2-e1b65d310d9d"]}}, {"model": "membershiporganization.membershiporganizationlastciteddate", "pk": 5, "fields": {"lang": "en", "confidence": "1", "object_ref": 8, "value": "2007-06-01", "sources": ["0230f238-deb0-4921-b689-e3404847b9fd"], "accesspoints": ["96c8d4ad-4e5c-4208-9b37-4fc1a5d2e1fb"]}}, {"model": "membershiporganization.membershiporganizationmember", "pk": 8, "fields": {"lang": null, "confidence": "1", "object_ref": 8, "value": 15, "sources": ["17a7faca-fd61-44b3-a3ea-4859b0f83d07", "5d4701c5-ae2e-496a-a65a-ecd942e81d86"], "accesspoints": ["3860252c-a37f-42f3-94de-b809197520a7", "929dcc0b-f487-45f9-af46-37d42e7d07ab"]}}, {"model": "membershiporganization.membershiporganizationorganization", "pk": 8, "fields": {"lang": null, "confidence": "1", "object_ref": 8, "value": 19, "sources": ["1c18afc1-4605-432a-ac41-23ca515cb678", "9fa9922b-3dca-42f6-a2a0-62e67058080c"], "accesspoints": ["3cc58f06-d33a-4a00-8357-28d45231e3fa", "e8136443-0d85-4b43-9375-46138a396be3"]}}, {"model": "membershiporganization.membershiporganizationfirstciteddate", "pk": 8, "fields": {"lang": "en", "confidence": "1", "object_ref": 9, "value": "2009-12-15", "sources": ["abe4ba09-e212-458c-9208-c85b420e787e"], "accesspoints": ["0a5ecb1b-e8fa-4dfd-bc67-3a9ca750860a"]}}, {"model": "membershiporganization.membershiporganizationmember", "pk": 9, "fields": {"lang": null, "confidence": "1", "object_ref": 9, "value": 15, "sources": ["0fdd05b3-bcfa-4386-a746-9b24f31d2c49"], "accesspoints": ["3820ab2d-f3e9-4f83-b95c-636316859840"]}}, {"model": "membershiporganization.membershiporganizationorganization", "pk": 9, "fields": {"lang": null, "confidence": "1", "object_ref": 9, "value": 20, "sources": ["6bdd5f0c-0045-43e0-a17b-07258f1ed860"], "accesspoints": ["83c899fb-dfa9-4215-a257-446f02744ac5"]}}, {"model": "membershiporganization.membershiporganizationfirstciteddate", "pk": 9, "fields": {"lang": "en", "confidence": "1", "object_ref": 10, "value": "2015-07-19", "sources": ["44b7a50e-1351-4d3b-bffb-4e207b66eede"], "accesspoints": ["84c29f4d-06e7-472c-8f88-e6d2eb8db3c3"]}}, {"model": "membershiporganization.membershiporganizationlastciteddate", "pk": 6, "fields": {"lang": "en", "confidence": "1", "object_ref": 10, "value": "2016-02-15", "sources": ["afa86fdd-db33-4df3-b3f1-a933e16e7670"], "accesspoints": ["d391e600-c002-4f9f-9aab-22703ee7f8f3"]}}, {"model": "membershiporganization.membershiporganizationmember", "pk": 10, "fields": {"lang": null, "confidence": "1", "object_ref": 10, "value": 15, "sources": ["1c294b80-b286-4cc2-8e9e-ccefecd56938", "4780877b-37c0-4305-986e-14e85e0b6755", "56e90b9b-1716-4d09-adf5-97c6c6a5d6ad", "d54e437b-09fc-477a-a3ff-71235bca1c9d"], "accesspoints": ["a9d98b55-3798-4b94-9340-f0b725230a36", "3ca1cfb6-e637-4ee8-80a5-bc19e14c3d6c", "f1d14b45-350e-49ec-8bab-5735332617d5", "d584ec12-56c6-4ef4-a454-2e9c034c800a"]}}, {"model": "membershiporganization.membershiporganizationorganization", "pk": 10, "fields": {"lang": null, "confidence": "1", "object_ref": 10, "value": 22, "sources": ["07335aad-550c-4929-ab38-813ffd7484ce", "81d2b897-cc4d-402f-98c4-3d52ab84fb10", "b346fbce-ae1b-494c-ba3c-3732758131d9", "bc4607f5-13a3-4702-81ba-3b6497807e00"], "accesspoints": ["ca66ffd8-2533-458c-827b-c1dfb370d390", "3db7048a-0a2f-46db-a15b-613e4e5d11ee", "8e020f2f-c6df-4e7a-a4dc-14d68b662fe1", "886137ed-3b19-4c05-a4b8-3fa274a26640"]}}, {"model": "source.source", "pk": "a509acc5-bba2-445d-96cf-31dca4fe3c38", "fields": {"title": "20-Yr-Old School Dropout Stabs School Prefect to Death", "publication": "Vanguard", "publication_country": null, "published_on": "2013-07-18", "source_url": "http://www.vanguardngr.com/2013/07/20-yr-old-school-dropout-stabs-school-prefect-to-death/", "date_updated": "2016-12-15T15:39:45.410Z", "date_added": "2016-12-15T15:39:45.410Z", "user": 1}}, {"model": "source.accesspoint", "pk": "1efba344-2655-484f-b5f7-4b8de1508d39", "fields": {"page_number": null, "accessed_on": null, "archive_url": null, "source": "a509acc5-bba2-445d-96cf-31dca4fe3c38", "user": 1}}, {"model": "organization.organization", "pk": 1, "fields": {"uuid": "8fce1591-fa99-4707-b544-5b0bd22e573f"}}, {"model": "source.source", "pk": "0fdd05b3-bcfa-4386-a746-9b24f31d2c49", "fields": {"title": "JTF Uncovers Oil Spill From Shell Pipeline", "publication": "Daily Trust", "publication_country": null, "published_on": "2013-08-26", "source_url": "http://allafrica.com/stories/201308261063.html", "date_updated": "2016-12-15T15:39:55.867Z", "date_added": "2016-12-15T15:39:55.867Z", "user": 1}}, {"model": "source.accesspoint", "pk": "3820ab2d-f3e9-4f83-b95c-636316859840", "fields": {"page_number": null, "accessed_on": null, "archive_url": null, "source": "0fdd05b3-bcfa-4386-a746-9b24f31d2c49", "user": 1}}, {"model": "organization.organization", "pk": 3, "fields": {"uuid": "fe2b818e-66ba-4bc4-9d05-34df066fed10"}}, {"model": "source.source", "pk": "4342a1ac-7276-4f2c-8458-e68e23a2feb6", "fields": {"title": "Spread of Terrorism - Army Uncovers Boko Haram's New Tactics", "publication": "Vanguard", "publication_country": null, "published_on": "2013-11-30", "source_url": "http://www.vanguardngr.com/2013/11/spread-terrorism-dont-panic-ready-army-assures-nigerians/", "date_updated": "2016-12-15T15:40:10.623Z", "date_added": "2016-12-15T15:40:10.623Z", "user": 1}}, {"model": "source.accesspoint", "pk": "b894f641-78c5-4149-bb20-7febed3344f6", "fields": {"page_number": null, "accessed_on": null, "archive_url": null, "source": "4342a1ac-7276-4f2c-8458-e68e23a2feb6", "user": 1}}, {"model": "source.source", "pk": "1223cb81-4ffe-4603-ae83-1c791c475324", "fields": {"title": "JTF Nabs Bomb Manufacturer", "publication": "Daily Trust", "publication_country": null, "published_on": "2014-01-06", "source_url": "http://allafrica.com/stories/201401061357.html", "date_updated": "2016-12-15T15:44:47.932Z", "date_added": "2016-12-15T15:44:47.932Z", "user": 1}}, {"model": "source.accesspoint", "pk": "f58d458e-40ea-4a05-aa1b-e92d7fc62279", "fields": {"page_number": null, "accessed_on": null, "archive_url": null, "source": "1223cb81-4ffe-4603-ae83-1c791c475324", "user": 1}}, {"model": "source.source", "pk": "868ecbe1-f6b8-405f-bd3d-dc10fce2201c", "fields": {"title": "Women Defy Deities, Recover Skulls from Shrine", "publication": "Daily Champion", "publication_country": null, "published_on": "2002-04-07", "source_url": "http://allafrica.com/stories/200204070016.html", "date_updated": "2016-12-15T15:44:36.422Z", "date_added": "2016-12-15T15:44:36.422Z", "user": 1}}, {"model": "source.accesspoint", "pk": "7b3e476e-9c58-43e0-b878-4fbd546c4ab1", "fields": {"page_number": null, "accessed_on": null, "archive_url": null, "source": "868ecbe1-f6b8-405f-bd3d-dc10fce2201c", "user": 1}}, {"model": "organization.organization", "pk": 2, "fields": {"uuid": "4d3fa43e-4ef7-45ad-86f9-c3903ad0fe09"}}, {"model": "source.source", "pk": "0346dbdf-f171-452a-b3d5-b9c9e25814d5", "fields": {"title": " BREAKING NEWS: YAr'adua Sacks Military Chiefs", "publication": null, "publication_country": null, "published_on": "1900-01-01", "source_url": null, "date_updated": "2016-12-15T15:56:00.342Z", "date_added": "2016-12-15T15:56:00.342Z", "user": 1}}, {"model": "source.accesspoint", "pk": "4735b308-2fad-4252-9272-f07cd48a4db0", "fields": {"page_number": null, "accessed_on": null, "archive_url": null, "source": "0346dbdf-f171-452a-b3d5-b9c9e25814d5", "user": 1}}, {"model": "organization.organization", "pk": 5, "fields": {"uuid": "20689bad-690a-4edf-a4da-feebe9c6f6d6"}}, {"model": "source.source", "pk": "a6517d3c-2eb4-4bcc-8d0b-152b2310bcb2", "fields": {"title": "Police Discover Arms Depot in Abia", "publication": "Vanguard", "publication_country": null, "published_on": "2004-06-02", "source_url": "http://allafrica.com/stories/200406020659.html", "date_updated": "2016-12-15T15:43:58.504Z", "date_added": "2016-12-15T15:43:58.504Z", "user": 1}}, {"model": "source.accesspoint", "pk": "c9cade72-8fa8-489a-818e-5d0ae2395511", "fields": {"page_number": null, "accessed_on": null, "archive_url": null, "source": "a6517d3c-2eb4-4bcc-8d0b-152b2310bcb2", "user": 1}}, {"model": "source.source", "pk": "1334354e-25b0-4757-92cc-2138738a6987", "fields": {"title": "Troops rescue 5,000 Boko Haram captives, Kill 10 terrorists", "publication": "Vanguard", "publication_country": null, "published_on": "2016-06-26", "source_url": "http://www.vanguardngr.com/2016/06/troops-rescue-5000-boko-haram-captives-kill-10-terrorists/", "date_updated": "2016-12-15T15:39:58.693Z", "date_added": "2016-12-15T15:39:58.693Z", "user": 1}}, {"model": "source.accesspoint", "pk": "81486912-7ca5-49b2-b76a-c1e3aef32629", "fields": {"page_number": null, "accessed_on": null, "archive_url": null, "source": "1334354e-25b0-4757-92cc-2138738a6987", "user": 1}}, {"model": "source.source", "pk": "1783a9c6-a885-4891-8799-94a9315589ff", "fields": {"title": "NEWS ON THE ARMY 10TH JULY, 2014. Soldiers' Voice, Aso Radio 93.5 Fm Abuja Nigeria. 10 July 2014. https://www.facebook.com/SoldiersVoiceAsoRadio935FmAbujaNigeria/posts/800241083354290 (accessed 29 January 2015) Internet Archive link: https://web.archive.org/web/20160420022455/https://www.facebook.com/SoldiersVoiceAsoRadio935FmAbujaNigeria/posts/800241083354290 ", "publication": null, "publication_country": null, "published_on": "1900-01-01", "source_url": null, "date_updated": "2016-12-15T15:39:50.955Z", "date_added": "2016-12-15T15:39:50.955Z", "user": 1}}, {"model": "source.source", "pk": "6b396b8a-e2e6-4f83-b540-9ccfbfad8d43", "fields": {"title": "North-West States Move to Tackle Cattle-Rustling", "publication": "Daily Trust", "publication_country": null, "published_on": "2015-08-29", "source_url": "http://allafrica.com/stories/201508311483.html", "date_updated": "2016-12-15T15:54:25.608Z", "date_added": "2016-12-15T15:54:25.608Z", "user": 1}}, {"model": "source.accesspoint", "pk": "09a06150-2a81-4e13-a2c1-d96f1cfc3de4", "fields": {"page_number": null, "accessed_on": null, "archive_url": null, "source": "1783a9c6-a885-4891-8799-94a9315589ff", "user": 1}}, {"model": "source.accesspoint", "pk": "c658b0cb-e16f-4026-861b-8b37e5c5bd81", "fields": {"page_number": null, "accessed_on": null, "archive_url": null, "source": "6b396b8a-e2e6-4f83-b540-9ccfbfad8d43", "user": 1}}, {"model": "organization.organization", "pk": 6, "fields": {"uuid": "2063f738-8dce-4561-ab21-53df422e88b2"}}, {"model": "source.source", "pk": "0d6023ca-7820-4452-a021-3cce6e1d014f", "fields": {"title": "Oyinlola, Agagu, Oni Solicit for Peace, Security in S-West", "publication": "Vanguard", "publication_country": null, "published_on": "2008-09-11", "source_url": "http://allafrica.com/stories/200809110252.html", "date_updated": "2016-12-15T15:40:10.850Z", "date_added": "2016-12-15T15:40:10.850Z", "user": 1}}, {"model": "source.source", "pk": "56ca5390-ebab-4ffe-92ec-71a83359d7c0", "fields": {"title": "Police Arrest Suspects With 13, 000 Pvcs in Benue, Benin", "publication": "Daily Independent", "publication_country": null, "published_on": "2015-02-27", "source_url": "http://dailyindependentnig.com/2015/02/police-arrest-suspects-13-000-pvcs-benue-benin/", "date_updated": "2016-12-15T15:50:29.068Z", "date_added": "2016-12-15T15:50:29.068Z", "user": 1}}, {"model": "source.accesspoint", "pk": "22b18f03-3884-4afd-b406-da2372bb8482", "fields": {"page_number": null, "accessed_on": null, "archive_url": null, "source": "0d6023ca-7820-4452-a021-3cce6e1d014f", "user": 1}}, {"model": "source.accesspoint", "pk": "95f24d65-c085-4c99-9439-41c68bf5f9b9", "fields": {"page_number": null, "accessed_on": null, "archive_url": null, "source": "56ca5390-ebab-4ffe-92ec-71a83359d7c0", "user": 1}}, {"model": "source.source", "pk": "c2fd811c-17e0-4ecf-8440-9ab2e88d6bec", "fields": {"title": "\"UNMIL Background\"", "publication": "United Nations Mission in Liberia. http://www.un.org/en/peacekeeping/missions/unmil/background.shtml", "publication_country": null, "published_on": "2016-03-29", "source_url": "https://web.archive.org/web/20160314060912/http://www.un.org/en/peacekeeping/missions/unmil/background.shtml", "date_updated": "2016-12-15T15:45:15.628Z", "date_added": "2016-12-15T15:45:15.628Z", "user": 1}}, {"model": "source.accesspoint", "pk": "94fccf9f-4e27-4fa0-a8a3-6f48db1f1748", "fields": {"page_number": null, "accessed_on": null, "archive_url": null, "source": "c2fd811c-17e0-4ecf-8440-9ab2e88d6bec", "user": 1}}, {"model": "source.source", "pk": "1fba1356-0f00-4aa3-b8dc-fefa48ccc261", "fields": {"title": "41-year-old man in Police net over rape", "publication": "Vanguard", "publication_country": null, "published_on": "2015-10-15", "source_url": "http://www.vanguardngr.com/2015/10/41-year-old-man-in-police-net-over-rape/", "date_updated": "2016-12-15T15:44:36.958Z", "date_added": "2016-12-15T15:44:36.958Z", "user": 1}}, {"model": "source.accesspoint", "pk": "50607ed8-6516-495d-8428-064655c9c96d", "fields": {"page_number": null, "accessed_on": null, "archive_url": null, "source": "1fba1356-0f00-4aa3-b8dc-fefa48ccc261", "user": 1}}, {"model": "organization.organization", "pk": 8, "fields": {"uuid": "5a3e3f36-c950-4b38-b14d-ee9f4f6eaa6b"}}, {"model": "source.source", "pk": "b2842ec1-e89b-4391-af11-f523e551796f", "fields": {"title": " Army - Over 150 Boko Haram Insurgents, 15 Soldiers Killed in Borno. This Day (Nigeria). 18 September 2013. http://www.thisdaylive.com/articles/army-over-150-boko-haram-insurgents-15-soldiers-killed-in-borno/159309/ Internet Archive link: https://web.archive.org/web/20130920002758/http://www.thisdaylive.com/articles/army-over-150-boko-haram-insurgents-15-soldiers-killed-in-borno/159309/ ", "publication": null, "publication_country": null, "published_on": "1900-01-01", "source_url": null, "date_updated": "2016-12-15T15:43:23.676Z", "date_added": "2016-12-15T15:43:23.676Z", "user": 1}}, {"model": "source.accesspoint", "pk": "eef2fa8b-6d24-4bb6-8b35-71bfa9a1a7e7", "fields": {"page_number": null, "accessed_on": null, "archive_url": null, "source": "b2842ec1-e89b-4391-af11-f523e551796f", "user": 1}}, {"model": "source.source", "pk": "a852daa7-dd72-441c-8bb3-e3534eae45f2", "fields": {"title": "Army Pardons Akure 27 -Falana Lauds Decision", "publication": "This Day", "publication_country": null, "published_on": "2010-12-03", "source_url": "http://allafrica.com/stories/201012070844.html", "date_updated": "2016-12-15T15:43:00.062Z", "date_added": "2016-12-15T15:43:00.062Z", "user": 1}}, {"model": "source.source", "pk": "0e8d8869-71d4-4121-ae8a-3386db948b11", "fields": {"title": "Abia gets new CP", "publication": "Vanguard", "publication_country": null, "published_on": "2009-09-10", "source_url": "http://www.vanguardngr.com/2009/09/abia-gets-new-cp/", "date_updated": "2016-12-15T15:51:23.990Z", "date_added": "2016-12-15T15:51:23.990Z", "user": 1}}, {"model": "source.source", "pk": "df1ac8f8-82a1-45c6-a4a6-d338fa4e1bdd", "fields": {"title": "8 Policemen Commended for Gallantry", "publication": "This Day", "publication_country": null, "published_on": "2003-01-12", "source_url": "http://allafrica.com/stories/200301140092.html", "date_updated": "2016-12-15T15:49:40.122Z", "date_added": "2016-12-15T15:49:40.122Z", "user": 1}}, {"model": "source.accesspoint", "pk": "caf4fb96-67eb-441a-b06d-127bbde75c0b", "fields": {"page_number": null, "accessed_on": null, "archive_url": null, "source": "a852daa7-dd72-441c-8bb3-e3534eae45f2", "user": 1}}, {"model": "source.accesspoint", "pk": "54d7d220-f664-4d7d-91f9-775a3238ff78", "fields": {"page_number": null, "accessed_on": null, "archive_url": null, "source": "0e8d8869-71d4-4121-ae8a-3386db948b11", "user": 1}}, {"model": "source.accesspoint", "pk": "4f2bbe30-984a-4887-ac50-695b402dd5d5", "fields": {"page_number": null, "accessed_on": null, "archive_url": null, "source": "df1ac8f8-82a1-45c6-a4a6-d338fa4e1bdd", "user": 1}}, {"model": "organization.organization", "pk": 4, "fields": {"uuid": "223d7e1a-de6e-43d4-9502-379287b45863"}}, {"model": "source.source", "pk": "1a5c4723-6fbc-445c-8539-6944539d8a89", "fields": {"title": "APC Reps' Candidate Alleges Brutalization in Edo", "publication": "Vanguard", "publication_country": null, "published_on": "2015-03-09", "source_url": "http://www.vanguardngr.com/2015/03/apc-reps-candidate-alleges-brutalization-in-edo/", "date_updated": "2016-12-15T15:43:07.873Z", "date_added": "2016-12-15T15:43:07.873Z", "user": 1}}, {"model": "source.source", "pk": "7f5ca131-b6f8-4468-b8f4-4479f585b120", "fields": {"title": "Army Parades Pipeline Vandals, Confiscate Four Fuel Tankers", "publication": "Leadership", "publication_country": null, "published_on": "2013-05-09", "source_url": "http://allafrica.com/stories/201305090027.html", "date_updated": "2016-12-15T15:39:25.675Z", "date_added": "2016-12-15T15:39:25.675Z", "user": 1}}, {"model": "source.source", "pk": "cc53aa9e-9c2a-43cc-ad47-06bd0582daa4", "fields": {"title": "\u00b4Soldiers arrest six, recover weapons over Taraba communal clash", "publication": "The Guardian", "publication_country": null, "published_on": "2016-03-28", "source_url": "http://guardian.ng/news/soldiers-arrest-six-recover-weapons-over-taraba-communal-clash/", "date_updated": "2016-12-15T15:43:52.335Z", "date_added": "2016-12-15T15:43:52.335Z", "user": 1}}, {"model": "source.accesspoint", "pk": "def36b7e-ca41-4b6a-bff3-778055e1b7a0", "fields": {"page_number": null, "accessed_on": null, "archive_url": null, "source": "1a5c4723-6fbc-445c-8539-6944539d8a89", "user": 1}}, {"model": "source.accesspoint", "pk": "36741fb5-87c4-4ccc-ac9a-233daf3e5398", "fields": {"page_number": null, "accessed_on": null, "archive_url": null, "source": "7f5ca131-b6f8-4468-b8f4-4479f585b120", "user": 1}}, {"model": "source.accesspoint", "pk": "fd338b4f-c654-46db-91cc-fba2a825141e", "fields": {"page_number": null, "accessed_on": null, "archive_url": null, "source": "cc53aa9e-9c2a-43cc-ad47-06bd0582daa4", "user": 1}}, {"model": "organization.organization", "pk": 13, "fields": {"uuid": "a521fd74-ce0c-4af1-9106-e80e6cc08489"}}, {"model": "source.source", "pk": "34d48afd-ce31-4c22-96c2-57d65fdb0811", "fields": {"title": "Oshiomhole commissions water projects for Army", "publication": "National Mirror", "publication_country": null, "published_on": "2014-05-28", "source_url": "http://nationalmirroronline.net/new/oshiomhole-commissions-water-projects-for-army/", "date_updated": "2016-12-15T15:42:55.984Z", "date_added": "2016-12-15T15:42:55.984Z", "user": 1}}, {"model": "source.source", "pk": "5c356053-541d-4fcf-b2ca-50ba03792508", "fields": {"title": "Security - Police Commissioner Seeks Residents Support", "publication": "This Day", "publication_country": null, "published_on": "2013-01-03", "source_url": "http://www.thisdaylive.com/articles/security-police-commissioner-seeks-residents-support/135205/", "date_updated": "2016-12-15T15:43:48.328Z", "date_added": "2016-12-15T15:43:48.328Z", "user": 1}}, {"model": "source.source", "pk": "cf626c75-11d5-4358-875e-bf8868850890", "fields": {"title": "President Jonathan Commissions Ohafia Barracks", "publication": "Leadership", "publication_country": null, "published_on": "2011-04-12", "source_url": "http://allafrica.com/stories/201104121151.html", "date_updated": "2016-12-15T15:39:45.968Z", "date_added": "2016-12-15T15:39:45.968Z", "user": 1}}, {"model": "source.accesspoint", "pk": "04546de6-6786-43bf-ba61-19266afc2fbf", "fields": {"page_number": null, "accessed_on": null, "archive_url": null, "source": "34d48afd-ce31-4c22-96c2-57d65fdb0811", "user": 1}}, {"model": "source.accesspoint", "pk": "99423c8a-301d-41f5-adfc-deab2d717f51", "fields": {"page_number": null, "accessed_on": null, "archive_url": null, "source": "5c356053-541d-4fcf-b2ca-50ba03792508", "user": 1}}, {"model": "source.accesspoint", "pk": "796f441d-5d01-4a30-aaf4-fdf4fcb43d0f", "fields": {"page_number": null, "accessed_on": null, "archive_url": null, "source": "cf626c75-11d5-4358-875e-bf8868850890", "user": 1}}, {"model": "source.source", "pk": "7ae8b0cd-3c8d-48b3-8a3e-d02fd329e222", "fields": {"title": " ANAMBRA POLICE COMMAND. Nigeria Police Force. http://www.npf.gov.ng/ZoneDetails?id=anambra Internet Archive link: https://web.archive.org/web/20140830133149/http://www.npf.gov.ng/ZoneDetails?id=anambra ", "publication": null, "publication_country": null, "published_on": "1900-01-01", "source_url": null, "date_updated": "2016-12-15T15:44:01.195Z", "date_added": "2016-12-15T15:44:01.195Z", "user": 1}}, {"model": "source.accesspoint", "pk": "1241695e-d88b-4139-8fb2-0cf517d32ebd", "fields": {"page_number": null, "accessed_on": null, "archive_url": null, "source": "7ae8b0cd-3c8d-48b3-8a3e-d02fd329e222", "user": 1}}, {"model": "source.source", "pk": "84a51a78-57fe-4659-82b6-72b23d962de4", "fields": {"title": " Trills And Frills of 2008 Calabar Carnival. Daily Independent (Nigeria). 8 January 2009. http://allafrica.com/stories/200901090230.html (accessed via AllAfrica.com)", "publication": null, "publication_country": null, "published_on": "1900-01-01", "source_url": null, "date_updated": "2016-12-15T15:39:44.914Z", "date_added": "2016-12-15T15:39:44.914Z", "user": 1}}, {"model": "source.accesspoint", "pk": "9aa80e54-6ffc-4ee8-86bd-5385de428bc4", "fields": {"page_number": null, "accessed_on": null, "archive_url": null, "source": "84a51a78-57fe-4659-82b6-72b23d962de4", "user": 1}}, {"model": "source.source", "pk": "e58fffd5-18d1-4240-bbd4-4995747e6486", "fields": {"title": "20 Feared Dead in Mubi Multiple Explosions", "publication": "This Day", "publication_country": null, "published_on": "2012-10-19", "source_url": "http://allafrica.com/stories/201210190402.html", "date_updated": "2016-12-15T15:45:15.737Z", "date_added": "2016-12-15T15:45:15.737Z", "user": 1}}, {"model": "source.accesspoint", "pk": "ced81c96-d510-4210-bd3c-51237ae89e6c", "fields": {"page_number": null, "accessed_on": null, "archive_url": null, "source": "e58fffd5-18d1-4240-bbd4-4995747e6486", "user": 1}}, {"model": "organization.organization", "pk": 14, "fields": {"uuid": "36e6077c-ab88-4da3-870f-4147b35d908f"}}, {"model": "source.source", "pk": "9f2b20d3-fcac-4d67-9e97-f332cc04d6f7", "fields": {"title": "Defence Minister Arrives Warri To Inspect Pipeline Explosion Site", "publication": "Channels TV", "publication_country": null, "published_on": "2016-01-19", "source_url": "http://www.channelstv.com/2016/01/19/defence-minister-arrives-warri-to-inspect-pipeline-explosion-site/", "date_updated": "2016-12-15T15:42:41.989Z", "date_added": "2016-12-15T15:42:41.989Z", "user": 1}}, {"model": "source.accesspoint", "pk": "3a04132c-9bdd-40dc-833f-58047c7cb776", "fields": {"page_number": null, "accessed_on": null, "archive_url": null, "source": "9f2b20d3-fcac-4d67-9e97-f332cc04d6f7", "user": 1}}, {"model": "source.source", "pk": "25d5c1ea-8eb1-400c-9b14-94520fca6152", "fields": {"title": " Jonathan Inaugurates 176 Special Forces Battalion for Aso Rock. Vanguard (Nigeria). 1 October 2012. http://www.vanguardngr.com/2012/10/jonathan-inaugurates-176-special-forces-battalion-for-aso-rock/ Internet Archive link: https://web.archive.org/web/20140524134040/http://www.vanguardngr.com/2012/10/jonathan-inaugurates-176-special-forces-battalion-for-aso-rock/", "publication": null, "publication_country": null, "published_on": "1900-01-01", "source_url": null, "date_updated": "2016-12-15T15:39:53.769Z", "date_added": "2016-12-15T15:39:53.769Z", "user": 1}}, {"model": "source.accesspoint", "pk": "eacb3a2d-4524-41eb-a907-58d2869ca36c", "fields": {"page_number": null, "accessed_on": null, "archive_url": null, "source": "25d5c1ea-8eb1-400c-9b14-94520fca6152", "user": 1}}, {"model": "source.source", "pk": "8b17aa17-04aa-49b7-8b80-86c0f0b8a99d", "fields": {"title": "Boko Haram - Nigerian Military Moves Command Centre to Maiduguri", "publication": "Premium Times", "publication_country": null, "published_on": "2015-06-08", "source_url": "http://www.premiumtimesng.com/news/headlines/184543-boko-haram-nigerian-military-moves-command-centre-to-maiduguri.html", "date_updated": "2016-12-15T15:45:37.439Z", "date_added": "2016-12-15T15:45:37.439Z", "user": 1}}, {"model": "source.accesspoint", "pk": "52ae2e6b-e791-454a-949b-7ea62d91864b", "fields": {"page_number": null, "accessed_on": null, "archive_url": null, "source": "8b17aa17-04aa-49b7-8b80-86c0f0b8a99d", "user": 1}}, {"model": "organization.organization", "pk": 15, "fields": {"uuid": "97029718-3ce9-43ac-9690-10c2048c67bf"}}, {"model": "source.source", "pk": "563cd522-9e70-42d9-ba4d-cbcb10243531", "fields": {"title": "Promotion - Army Gets 27 New Major Generals, 75 Brigadiers", "publication": "Daily Trust", "publication_country": null, "published_on": "2013-12-12", "source_url": "http://www.dailytrust.com.ng/daily/news/12165-promotion-army-gets-27-new-major-generals-75-brigadiers", "date_updated": "2016-12-15T15:51:30.307Z", "date_added": "2016-12-15T15:51:30.307Z", "user": 1}}, {"model": "source.accesspoint", "pk": "de650ce5-ce74-45ca-88c5-3829c03189d0", "fields": {"page_number": null, "accessed_on": null, "archive_url": null, "source": "563cd522-9e70-42d9-ba4d-cbcb10243531", "user": 1}}, {"model": "organization.organization", "pk": 17, "fields": {"uuid": "97311b35-4f8c-4652-890e-625f52a8892e"}}, {"model": "source.source", "pk": "aea7773c-abf6-4ac3-bbc2-de58f9ff866d", "fields": {"title": "Suicide Bomber Hits Yobe SSS HQ, Four Killed", "publication": "Daily Trust", "publication_country": null, "published_on": "2011-12-26", "source_url": "http://allafrica.com/stories/201112270801.html", "date_updated": "2016-12-15T15:55:10.742Z", "date_added": "2016-12-15T15:55:10.742Z", "user": 1}}, {"model": "source.accesspoint", "pk": "53b1138a-9d84-47c7-8ca2-e1b65d310d9d", "fields": {"page_number": null, "accessed_on": null, "archive_url": null, "source": "aea7773c-abf6-4ac3-bbc2-de58f9ff866d", "user": 1}}, {"model": "source.source", "pk": "0230f238-deb0-4921-b689-e3404847b9fd", "fields": {"title": "Coas Promises to Transform Army", "publication": "Vanguard", "publication_country": null, "published_on": "2012-06-15", "source_url": "http://www.vanguardngr.com/2012/06/coas-promises-to-transform-army/", "date_updated": "2016-12-15T15:53:18.803Z", "date_added": "2016-12-15T15:53:18.803Z", "user": 1}}, {"model": "source.accesspoint", "pk": "96c8d4ad-4e5c-4208-9b37-4fc1a5d2e1fb", "fields": {"page_number": null, "accessed_on": null, "archive_url": null, "source": "0230f238-deb0-4921-b689-e3404847b9fd", "user": 1}}, {"model": "source.source", "pk": "17a7faca-fd61-44b3-a3ea-4859b0f83d07", "fields": {"title": "Fire Razes Potiskum Police Signal Barrack", "publication": "Daily Independent", "publication_country": null, "published_on": "2011-05-05", "source_url": "http://allafrica.com/stories/201105090527.html", "date_updated": "2016-12-15T15:51:14.079Z", "date_added": "2016-12-15T15:51:14.079Z", "user": 1}}, {"model": "source.source", "pk": "5d4701c5-ae2e-496a-a65a-ecd942e81d86", "fields": {"title": "Maiduguri Under Siege, Bombs, Gunfire Spreading", "publication": "Daily Trust", "publication_country": null, "published_on": "2014-03-14", "source_url": "http://allafrica.com/stories/201403140788.html", "date_updated": "2016-12-15T15:40:16.415Z", "date_added": "2016-12-15T15:40:16.415Z", "user": 1}}, {"model": "source.accesspoint", "pk": "3860252c-a37f-42f3-94de-b809197520a7", "fields": {"page_number": null, "accessed_on": null, "archive_url": null, "source": "17a7faca-fd61-44b3-a3ea-4859b0f83d07", "user": 1}}, {"model": "source.accesspoint", "pk": "929dcc0b-f487-45f9-af46-37d42e7d07ab", "fields": {"page_number": null, "accessed_on": null, "archive_url": null, "source": "5d4701c5-ae2e-496a-a65a-ecd942e81d86", "user": 1}}, {"model": "organization.organization", "pk": 19, "fields": {"uuid": "ffe641ed-8e35-4653-8bf6-e8127e33b18b"}}, {"model": "source.source", "pk": "1c18afc1-4605-432a-ac41-23ca515cb678", "fields": {"title": "Commends Nigerian Army's Professionalism", "publication": "Daily Indepdent", "publication_country": null, "published_on": "2014-11-06", "source_url": "http://allafrica.com/stories/201411070076.html", "date_updated": "2016-12-15T15:43:48.301Z", "date_added": "2016-12-15T15:43:48.301Z", "user": 1}}, {"model": "source.source", "pk": "9fa9922b-3dca-42f6-a2a0-62e67058080c", "fields": {"title": "Adamawa Government Dispatches Assessment Team To Madagali", "publication": "Channels TV", "publication_country": null, "published_on": "2015-12-29", "source_url": "http://www.channelstv.com/2015/12/29/adamawa-government-dispatches-assessment-team-to-madagali/", "date_updated": "2016-12-15T15:40:43.106Z", "date_added": "2016-12-15T15:40:43.106Z", "user": 1}}, {"model": "source.accesspoint", "pk": "3cc58f06-d33a-4a00-8357-28d45231e3fa", "fields": {"page_number": null, "accessed_on": null, "archive_url": null, "source": "1c18afc1-4605-432a-ac41-23ca515cb678", "user": 1}}, {"model": "source.accesspoint", "pk": "e8136443-0d85-4b43-9375-46138a396be3", "fields": {"page_number": null, "accessed_on": null, "archive_url": null, "source": "9fa9922b-3dca-42f6-a2a0-62e67058080c", "user": 1}}, {"model": "source.source", "pk": "abe4ba09-e212-458c-9208-c85b420e787e", "fields": {"title": "Suspected Militants Smash Police Armoured Vehicles", "publication": "Leadership", "publication_country": null, "published_on": "2010-02-20", "source_url": "http://allafrica.com/stories/201002221178.html", "date_updated": "2016-12-15T15:44:32.890Z", "date_added": "2016-12-15T15:44:32.890Z", "user": 1}}, {"model": "source.accesspoint", "pk": "0a5ecb1b-e8fa-4dfd-bc67-3a9ca750860a", "fields": {"page_number": null, "accessed_on": null, "archive_url": null, "source": "abe4ba09-e212-458c-9208-c85b420e787e", "user": 1}}, {"model": "organization.organization", "pk": 20, "fields": {"uuid": "dc7706e8-6593-4636-a96c-13273828cf7a"}}, {"model": "source.source", "pk": "6bdd5f0c-0045-43e0-a17b-07258f1ed860", "fields": {"title": "Boko Haram - Minimah Hints of Major Army Shake Up", "publication": "This Day", "publication_country": null, "published_on": "2014-08-23", "source_url": "http://allafrica.com/stories/201408250887.html", "date_updated": "2016-12-15T15:39:44.969Z", "date_added": "2016-12-15T15:39:44.969Z", "user": 1}}, {"model": "source.accesspoint", "pk": "83c899fb-dfa9-4215-a257-446f02744ac5", "fields": {"page_number": null, "accessed_on": null, "archive_url": null, "source": "6bdd5f0c-0045-43e0-a17b-07258f1ed860", "user": 1}}, {"model": "source.source", "pk": "44b7a50e-1351-4d3b-bffb-4e207b66eede", "fields": {"title": "Benisheikh Ambush - Residents Ask for Restoration of Telecoms Services", "publication": "This Day", "publication_country": null, "published_on": "2013-09-23", "source_url": "http://www.thisdaylive.com/articles/benisheikh-ambush-residents-ask-for-restoration-of-telecoms-services/159680/", "date_updated": "2016-12-15T15:55:16.850Z", "date_added": "2016-12-15T15:55:16.850Z", "user": 1}}, {"model": "source.accesspoint", "pk": "84c29f4d-06e7-472c-8f88-e6d2eb8db3c3", "fields": {"page_number": null, "accessed_on": null, "archive_url": null, "source": "44b7a50e-1351-4d3b-bffb-4e207b66eede", "user": 1}}, {"model": "source.source", "pk": "afa86fdd-db33-4df3-b3f1-a933e16e7670", "fields": {"title": "GOC, Brigade Commander Move to Liberate Monguno", "publication": "Leadership", "publication_country": null, "published_on": "2015-02-15", "source_url": "http://leadership.ng/news/411873/goc-brigade-commander-move-to-liberate-monguno", "date_updated": "2016-12-15T15:54:51.073Z", "date_added": "2016-12-15T15:54:51.073Z", "user": 1}}, {"model": "source.accesspoint", "pk": "d391e600-c002-4f9f-9aab-22703ee7f8f3", "fields": {"page_number": null, "accessed_on": null, "archive_url": null, "source": "afa86fdd-db33-4df3-b3f1-a933e16e7670", "user": 1}}, {"model": "source.source", "pk": "1c294b80-b286-4cc2-8e9e-ccefecd56938", "fields": {"title": "kill 8", "publication": "Premium Times", "publication_country": null, "published_on": "2014-04-09", "source_url": "http://www.premiumtimesng.com/news/158431-gunmen-attack-jigawa-police-station-bank-kill-8.html", "date_updated": "2016-12-15T15:44:47.036Z", "date_added": "2016-12-15T15:44:47.036Z", "user": 1}}, {"model": "source.source", "pk": "4780877b-37c0-4305-986e-14e85e0b6755", "fields": {"title": "Cross River Speaker, Lawmaker Regain Freedom", "publication": "This Day", "publication_country": null, "published_on": "2006-07-09", "source_url": "http://allafrica.com/stories/200607100557.html", "date_updated": "2016-12-15T15:49:28.434Z", "date_added": "2016-12-15T15:49:28.434Z", "user": 1}}, {"model": "source.source", "pk": "56e90b9b-1716-4d09-adf5-97c6c6a5d6ad", "fields": {"title": "Re-Elected MP Seeks Protection From AIG", "publication": "Vanguard", "publication_country": null, "published_on": "2003-05-23", "source_url": "http://allafrica.com/stories/200305230353.html", "date_updated": "2016-12-15T15:50:01.706Z", "date_added": "2016-12-15T15:50:01.706Z", "user": 1}}, {"model": "source.source", "pk": "d54e437b-09fc-477a-a3ff-71235bca1c9d", "fields": {"title": "Army Chief Faces Court Martial Over Bauchi, Borno Crises", "publication": "This Day", "publication_country": null, "published_on": "2011-08-17", "source_url": "http://allafrica.com/stories/201108190593.html", "date_updated": "2016-12-15T15:40:46.494Z", "date_added": "2016-12-15T15:40:46.494Z", "user": 1}}, {"model": "source.accesspoint", "pk": "a9d98b55-3798-4b94-9340-f0b725230a36", "fields": {"page_number": null, "accessed_on": null, "archive_url": null, "source": "1c294b80-b286-4cc2-8e9e-ccefecd56938", "user": 1}}, {"model": "source.accesspoint", "pk": "3ca1cfb6-e637-4ee8-80a5-bc19e14c3d6c", "fields": {"page_number": null, "accessed_on": null, "archive_url": null, "source": "4780877b-37c0-4305-986e-14e85e0b6755", "user": 1}}, {"model": "source.accesspoint", "pk": "f1d14b45-350e-49ec-8bab-5735332617d5", "fields": {"page_number": null, "accessed_on": null, "archive_url": null, "source": "56e90b9b-1716-4d09-adf5-97c6c6a5d6ad", "user": 1}}, {"model": "source.accesspoint", "pk": "d584ec12-56c6-4ef4-a454-2e9c034c800a", "fields": {"page_number": null, "accessed_on": null, "archive_url": null, "source": "d54e437b-09fc-477a-a3ff-71235bca1c9d", "user": 1}}, {"model": "organization.organization", "pk": 22, "fields": {"uuid": "e9623acd-5737-4d4d-b175-38174c7ee543"}}, {"model": "source.source", "pk": "07335aad-550c-4929-ab38-813ffd7484ce", "fields": {"title": "Jonathan sacks Onovo, Dike, service chiefs", "publication": "Nigeria Crime News", "publication_country": null, "published_on": "2010-09-09", "source_url": "http://www.gbooza.com/group/crime/forum/topics/jonathan-sacks-onovo-dike", "date_updated": "2016-12-15T15:55:59.190Z", "date_added": "2016-12-15T15:55:59.190Z", "user": 1}}, {"model": "source.source", "pk": "81d2b897-cc4d-402f-98c4-3d52ab84fb10", "fields": {"title": "Yobe Donates 63 Vehicles, Houses to Police", "publication": "Daily Trust", "publication_country": null, "published_on": "2009-01-11", "source_url": "http://allafrica.com/stories/200901120682.html", "date_updated": "2016-12-15T15:49:13.059Z", "date_added": "2016-12-15T15:49:13.059Z", "user": 1}}, {"model": "source.source", "pk": "b346fbce-ae1b-494c-ba3c-3732758131d9", "fields": {"title": "Army Ready to Quell Pro-Biafra Protests - GOC", "publication": "Daily Trust", "publication_country": null, "published_on": "2015-11-16", "source_url": "http://allafrica.com/stories/201511170298.html", "date_updated": "2016-12-15T15:43:28.162Z", "date_added": "2016-12-15T15:43:28.162Z", "user": 1}}, {"model": "source.source", "pk": "bc4607f5-13a3-4702-81ba-3b6497807e00", "fields": {"title": "Guards Brigade trains personnel on post-retirement life", "publication": "News Agency of Nigeria", "publication_country": null, "published_on": "2015-06-24", "source_url": "http://nannewsnigeria.com/guards-brigade-trains-personnel-post-retirement-life", "date_updated": "2016-12-15T15:51:29.734Z", "date_added": "2016-12-15T15:51:29.734Z", "user": 1}}, {"model": "source.accesspoint", "pk": "ca66ffd8-2533-458c-827b-c1dfb370d390", "fields": {"page_number": null, "accessed_on": null, "archive_url": null, "source": "07335aad-550c-4929-ab38-813ffd7484ce", "user": 1}}, {"model": "source.accesspoint", "pk": "3db7048a-0a2f-46db-a15b-613e4e5d11ee", "fields": {"page_number": null, "accessed_on": null, "archive_url": null, "source": "81d2b897-cc4d-402f-98c4-3d52ab84fb10", "user": 1}}, {"model": "source.accesspoint", "pk": "8e020f2f-c6df-4e7a-a4dc-14d68b662fe1", "fields": {"page_number": null, "accessed_on": null, "archive_url": null, "source": "b346fbce-ae1b-494c-ba3c-3732758131d9", "user": 1}}, {"model": "source.accesspoint", "pk": "886137ed-3b19-4c05-a4b8-3fa274a26640", "fields": {"page_number": null, "accessed_on": null, "archive_url": null, "source": "bc4607f5-13a3-4702-81ba-3b6497807e00", "user": 1}}, {"model": "auth.user", "pk": 1, "fields": {"password": "pbkdf2_sha256$24000$nvfChJtqoS6u$aF4nk3G6uoE4DVpp5In86ouZOse+5DrJ/xGBdq59yqE=", "last_login": "2018-07-06T20:46:17.765Z", "is_superuser": true, "username": "eric", "first_name": "", "last_name": "", "email": "evz@datamade.us", "is_staff": true, "is_active": true, "date_joined": "2018-05-31T20:53:34.180Z", "groups": [], "user_permissions": []}}]