[{"model": "organization.organization", "pk": 1, "fields": {"uuid": "e62ac439-57ed-4a8e-be34-d130ffefeaf0"}}, {"model": "organization.organization", "pk": 2, "fields": {"uuid": "5f03420b-64a4-4a92-90a5-009d2ab7f682"}}, {"model": "organization.organization", "pk": 3, "fields": {"uuid": "fbdee5e5-fc3c-406d-a051-6e26736cc6fd"}}, {"model": "organization.organization", "pk": 4, "fields": {"uuid": "22053e2a-0b61-4ecd-8183-9bcaa0426ccc"}}, {"model": "organization.organization", "pk": 5, "fields": {"uuid": "e43b094d-e949-4e91-87f8-8987b0fdb771"}}, {"model": "organization.organization", "pk": 6, "fields": {"uuid": "467551e9-9635-4b0d-a045-2c042eff6c7b"}}, {"model": "organization.organization", "pk": 7, "fields": {"uuid": "3e72f64f-e128-486a-bdca-5c0ff39ef3b8"}}, {"model": "organization.organization", "pk": 8, "fields": {"uuid": "85c662c9-b5a2-4dd3-acfb-0559d405178a"}}, {"model": "organization.organization", "pk": 9, "fields": {"uuid": "1f709aff-6030-4aba-aa54-3a4ba9608987"}}, {"model": "organization.organization", "pk": 10, "fields": {"uuid": "79152da2-f596-499c-9a51-51a47f3e9324"}}, {"model": "organization.organizationalias", "pk": 1, "fields": {"lang": "en", "confidence": "2", "object_ref": 1, "value": 1, "sources": ["f0edee0e-574a-416f-b4eb-d71fe8ae8013", "f0edee0e-574a-416f-b4eb-d71fe8ae8013"], "accesspoints": ["feeaec6d-c9d3-48d4-a1cc-64b7d4fd2d8d"]}}, {"model": "organization.organizationclassification", "pk": 1, "fields": {"lang": "en", "confidence": "2", "object_ref": 1, "value": 1, "sources": ["f0edee0e-574a-416f-b4eb-d71fe8ae8013", "f0edee0e-574a-416f-b4eb-d71fe8ae8013"], "accesspoints": ["feeaec6d-c9d3-48d4-a1cc-64b7d4fd2d8d"]}}, {"model": "organization.organizationdivisionid", "pk": 1, "fields": {"lang": null, "confidence": "1", "object_ref": 1, "value": "ocd-division/country:lr", "sources": ["f0edee0e-574a-416f-b4eb-d71fe8ae8013", "55300ba5-0dc9-49be-b1e8-9b50f3cece34", "0088af9f-dd80-48d0-b09d-51e04d743079", "f0edee0e-574a-416f-b4eb-d71fe8ae8013", "55300ba5-0dc9-49be-b1e8-9b50f3cece34", "0088af9f-dd80-48d0-b09d-51e04d743079"], "accesspoints": ["feeaec6d-c9d3-48d4-a1cc-64b7d4fd2d8d", "1e7f2fd0-e6c6-4743-9e58-12e6912931a9", "36d29669-1253-4c60-9255-8018e022c9c7"]}}, {"model": "organization.organizationfirstciteddate", "pk": 1, "fields": {"lang": "en", "confidence": "2", "object_ref": 1, "value": "1990-00-00", "sources": ["f0edee0e-574a-416f-b4eb-d71fe8ae8013", "f0edee0e-574a-416f-b4eb-d71fe8ae8013"], "accesspoints": ["feeaec6d-c9d3-48d4-a1cc-64b7d4fd2d8d"]}}, {"model": "organization.organizationlastciteddate", "pk": 1, "fields": {"lang": "en", "confidence": "2", "object_ref": 1, "value": "2003-10-01", "sources": ["f0edee0e-574a-416f-b4eb-d71fe8ae8013", "f0edee0e-574a-416f-b4eb-d71fe8ae8013"], "accesspoints": ["feeaec6d-c9d3-48d4-a1cc-64b7d4fd2d8d"]}}, {"model": "organization.organizationname", "pk": 1, "fields": {"lang": "en", "confidence": "1", "object_ref": 1, "value": "Military Observer Group", "sources": ["f0edee0e-574a-416f-b4eb-d71fe8ae8013", "55300ba5-0dc9-49be-b1e8-9b50f3cece34", "0088af9f-dd80-48d0-b09d-51e04d743079", "d0ea8e66-d7c8-4e6e-9831-7d1cf75868ea", "0088af9f-dd80-48d0-b09d-51e04d743079", "55300ba5-0dc9-49be-b1e8-9b50f3cece34", "f0edee0e-574a-416f-b4eb-d71fe8ae8013", "d0ea8e66-d7c8-4e6e-9831-7d1cf75868ea"], "accesspoints": ["feeaec6d-c9d3-48d4-a1cc-64b7d4fd2d8d", "1e7f2fd0-e6c6-4743-9e58-12e6912931a9", "36d29669-1253-4c60-9255-8018e022c9c7", "c7fecc62-db50-452c-83fc-e1fa8ee9fca5"]}}, {"model": "organization.organizationopenended", "pk": 1, "fields": {"lang": "en", "confidence": "2", "object_ref": 1, "value": "E", "sources": [], "accesspoints": []}}, {"model": "organization.organizationrealstart", "pk": 1, "fields": {"lang": null, "confidence": "1", "object_ref": 1, "value": true, "sources": [], "accesspoints": []}}, {"model": "organization.organizationalias", "pk": 2, "fields": {"lang": "en", "confidence": "3", "object_ref": 2, "value": 2, "sources": ["c5c6c2b9-1093-4fdb-855b-d69ec7677a36", "c5c6c2b9-1093-4fdb-855b-d69ec7677a36"], "accesspoints": ["79444a2a-b4b7-4ea8-98ab-875d3434d6c7"]}}, {"model": "organization.organizationclassification", "pk": 2, "fields": {"lang": "en", "confidence": "3", "object_ref": 2, "value": 1, "sources": ["c5c6c2b9-1093-4fdb-855b-d69ec7677a36", "c5c6c2b9-1093-4fdb-855b-d69ec7677a36"], "accesspoints": ["79444a2a-b4b7-4ea8-98ab-875d3434d6c7"]}}, {"model": "organization.organizationdivisionid", "pk": 2, "fields": {"lang": null, "confidence": "3", "object_ref": 2, "value": "ocd-division/country:lr", "sources": ["c5c6c2b9-1093-4fdb-855b-d69ec7677a36", "2dbc597e-5c7c-4a83-96be-4ba7e57d2a8c", "48336947-db0c-47b4-99a4-3f8de4be42c6", "7ca27308-c485-4ad0-910c-44a97642305e", "c5c6c2b9-1093-4fdb-855b-d69ec7677a36", "2dbc597e-5c7c-4a83-96be-4ba7e57d2a8c", "48336947-db0c-47b4-99a4-3f8de4be42c6", "7ca27308-c485-4ad0-910c-44a97642305e"], "accesspoints": ["79444a2a-b4b7-4ea8-98ab-875d3434d6c7", "c2af866f-a6bf-4dc2-ae87-39bd2b4d4f64", "306b5823-94d4-496a-90ea-994d6ee94b19", "17a55e2a-1ba2-460c-abc3-9c563685d3ae"]}}, {"model": "organization.organizationfirstciteddate", "pk": 2, "fields": {"lang": "en", "confidence": "3", "object_ref": 2, "value": "2003-09-19", "sources": ["c5c6c2b9-1093-4fdb-855b-d69ec7677a36", "c5c6c2b9-1093-4fdb-855b-d69ec7677a36"], "accesspoints": ["79444a2a-b4b7-4ea8-98ab-875d3434d6c7"]}}, {"model": "organization.organizationname", "pk": 2, "fields": {"lang": "en", "confidence": "1", "object_ref": 2, "value": "United Nations Mission in Liberia", "sources": ["1ed85218-539a-4494-8c35-1c99f2aa1ee5", "c5c6c2b9-1093-4fdb-855b-d69ec7677a36", "17fbede7-42d1-4c35-a530-126a09b44d69", "a03258bc-f754-4195-9096-5766eef8b2d3", "b105117a-53db-420b-a4ed-09d98cda066e", "1468f9a8-ff88-4049-915a-c4754ab1a615", "f3b4b71f-4980-4181-b88b-f5fbe1ca07d0", "d73bde55-4056-475d-86d1-f9fc6282ba4b", "cb2c64fa-1872-4b81-be94-9f0468cd9c25", "3a46fc36-4ccf-4ba9-a70f-eaf2165622c9", "8a841e66-c15f-4369-98e4-8bcc8ea58fe9", "547f39ca-38c2-432c-85ec-14a8e3b85174", "30f6f13a-560a-4cc7-9de2-f1264c364fd7", "1f12024b-fc5a-4c24-8f20-e961a2f9374e", "78238c79-b4aa-46b7-9614-2d219ec9b90d", "2dbc597e-5c7c-4a83-96be-4ba7e57d2a8c", "48336947-db0c-47b4-99a4-3f8de4be42c6", "7ca27308-c485-4ad0-910c-44a97642305e", "2dbc597e-5c7c-4a83-96be-4ba7e57d2a8c", "48336947-db0c-47b4-99a4-3f8de4be42c6", "7ca27308-c485-4ad0-910c-44a97642305e", "c5c6c2b9-1093-4fdb-855b-d69ec7677a36", "8a841e66-c15f-4369-98e4-8bcc8ea58fe9", "1468f9a8-ff88-4049-915a-c4754ab1a615", "1ed85218-539a-4494-8c35-1c99f2aa1ee5", "547f39ca-38c2-432c-85ec-14a8e3b85174", "30f6f13a-560a-4cc7-9de2-f1264c364fd7", "17fbede7-42d1-4c35-a530-126a09b44d69", "b105117a-53db-420b-a4ed-09d98cda066e", "a03258bc-f754-4195-9096-5766eef8b2d3", "cb2c64fa-1872-4b81-be94-9f0468cd9c25", "3a46fc36-4ccf-4ba9-a70f-eaf2165622c9", "78238c79-b4aa-46b7-9614-2d219ec9b90d", "f3b4b71f-4980-4181-b88b-f5fbe1ca07d0", "d73bde55-4056-475d-86d1-f9fc6282ba4b", "1f12024b-fc5a-4c24-8f20-e961a2f9374e"], "accesspoints": ["67e31579-364d-4001-a7b8-71c0e61d0c8b", "79444a2a-b4b7-4ea8-98ab-875d3434d6c7", "b6b6a610-93e4-449c-a87c-cbe46d23e497", "40b77680-d132-45b3-a0cb-b2d0b3733eba", "ab094a65-52c9-4b1c-8933-c374fa0de1d4", "9983315c-e0ab-4dbe-9d37-42a2f9144fa1", "59add8e0-91ce-415a-ae94-5c768c8e2e23", "ccc7b751-abb2-414a-ad11-cf01e405acd3", "20708d76-7185-47cf-a1ea-b265f3cdca25", "5048a816-19e2-4b7b-8303-7ce589342512", "25177850-a776-4659-9ce4-f64b6686fd1d", "87581211-a3c2-43ad-a228-96477f363fd2", "5830f7ec-4b56-4664-8204-091993ba48c6", "5a27cec4-839c-4802-abe6-a6ca7507c80c", "81f296d3-be7a-450c-9c6a-2d54a22647ef", "c2af866f-a6bf-4dc2-ae87-39bd2b4d4f64", "306b5823-94d4-496a-90ea-994d6ee94b19", "17a55e2a-1ba2-460c-abc3-9c563685d3ae"]}}, {"model": "organization.organizationopenended", "pk": 2, "fields": {"lang": "en", "confidence": "1", "object_ref": 2, "value": "Y", "sources": [], "accesspoints": []}}, {"model": "organization.organizationrealstart", "pk": 2, "fields": {"lang": null, "confidence": "1", "object_ref": 2, "value": true, "sources": [], "accesspoints": []}}, {"model": "organization.organizationalias", "pk": 3, "fields": {"lang": "en", "confidence": "1", "object_ref": 3, "value": 3, "sources": ["e397dbcf-aa44-4541-a87b-7467eec3ce01", "e397dbcf-aa44-4541-a87b-7467eec3ce01"], "accesspoints": ["626ff8f8-4e04-4f32-971d-5f697434fae2"]}}, {"model": "organization.organizationclassification", "pk": 3, "fields": {"lang": "en", "confidence": "1", "object_ref": 3, "value": 2, "sources": ["e397dbcf-aa44-4541-a87b-7467eec3ce01", "e397dbcf-aa44-4541-a87b-7467eec3ce01"], "accesspoints": ["626ff8f8-4e04-4f32-971d-5f697434fae2"]}}, {"model": "organization.organizationdivisionid", "pk": 3, "fields": {"lang": null, "confidence": "1", "object_ref": 3, "value": "ocd-division/country:eg", "sources": ["e397dbcf-aa44-4541-a87b-7467eec3ce01", "e397dbcf-aa44-4541-a87b-7467eec3ce01", "4f088386-0263-47c7-8189-65b9b814db06", "c7b59a97-697d-4115-a2a7-e68237751574", "4f088386-0263-47c7-8189-65b9b814db06", "c7b59a97-697d-4115-a2a7-e68237751574"], "accesspoints": ["626ff8f8-4e04-4f32-971d-5f697434fae2", "f6e72701-8fce-4de4-9ddd-f7b0bae0e07f", "5817354f-6d24-4197-8dc9-bd31e1fdefc2"]}}, {"model": "organization.organizationfirstciteddate", "pk": 3, "fields": {"lang": "en", "confidence": "1", "object_ref": 3, "value": "2011-03-30", "sources": ["e397dbcf-aa44-4541-a87b-7467eec3ce01", "e397dbcf-aa44-4541-a87b-7467eec3ce01"], "accesspoints": ["626ff8f8-4e04-4f32-971d-5f697434fae2"]}}, {"model": "organization.organizationfirstciteddate", "pk": 1669, "fields": {"lang": "en", "confidence": "1", "object_ref": 3, "value": "1968-00-00", "sources": ["c7b59a97-697d-4115-a2a7-e68237751574", "c7b59a97-697d-4115-a2a7-e68237751574"], "accesspoints": ["5817354f-6d24-4197-8dc9-bd31e1fdefc2"]}}, {"model": "organization.organizationlastciteddate", "pk": 707, "fields": {"lang": "en", "confidence": "1", "object_ref": 3, "value": "2015-02-23", "sources": ["c7b59a97-697d-4115-a2a7-e68237751574", "c7b59a97-697d-4115-a2a7-e68237751574"], "accesspoints": ["5817354f-6d24-4197-8dc9-bd31e1fdefc2"]}}, {"model": "organization.organizationname", "pk": 3, "fields": {"lang": "en", "confidence": "1", "object_ref": 3, "value": "Supreme Council of the Armed Forces", "sources": ["e397dbcf-aa44-4541-a87b-7467eec3ce01", "4f088386-0263-47c7-8189-65b9b814db06", "7f999677-1ff8-40c4-8cbc-2b92b823a6da", "e397dbcf-aa44-4541-a87b-7467eec3ce01", "c7b59a97-697d-4115-a2a7-e68237751574", "4f088386-0263-47c7-8189-65b9b814db06", "c7b59a97-697d-4115-a2a7-e68237751574", "7f999677-1ff8-40c4-8cbc-2b92b823a6da"], "accesspoints": ["626ff8f8-4e04-4f32-971d-5f697434fae2", "f6e72701-8fce-4de4-9ddd-f7b0bae0e07f", "22f929c9-ee91-444c-acd5-6d0fe7de64a2", "5817354f-6d24-4197-8dc9-bd31e1fdefc2"]}}, {"model": "organization.organizationopenended", "pk": 3, "fields": {"lang": "en", "confidence": "1", "object_ref": 3, "value": "Y", "sources": [], "accesspoints": []}}, {"model": "organization.organizationrealstart", "pk": 3, "fields": {"lang": null, "confidence": "1", "object_ref": 3, "value": false, "sources": [], "accesspoints": []}}, {"model": "organization.organizationrealstart", "pk": 2026, "fields": {"lang": null, "confidence": "1", "object_ref": 3, "value": true, "sources": [], "accesspoints": []}}, {"model": "organization.organizationclassification", "pk": 4, "fields": {"lang": "en", "confidence": "1", "object_ref": 4, "value": 3, "sources": ["e397dbcf-aa44-4541-a87b-7467eec3ce01", "e397dbcf-aa44-4541-a87b-7467eec3ce01"], "accesspoints": ["626ff8f8-4e04-4f32-971d-5f697434fae2"]}}, {"model": "organization.organizationdivisionid", "pk": 4, "fields": {"lang": null, "confidence": "1", "object_ref": 4, "value": "ocd-division/country:eg", "sources": ["756274dd-40f7-46e8-93b9-728d04eb5124", "617408cc-3cc8-4b18-b970-73de0fbcb0ea", "e397dbcf-aa44-4541-a87b-7467eec3ce01", "e397dbcf-aa44-4541-a87b-7467eec3ce01", "4f088386-0263-47c7-8189-65b9b814db06", "a4a2b2e0-6a26-41b4-8d60-0b7a4ab08958", "c7b59a97-697d-4115-a2a7-e68237751574", "01a001ae-1bad-4b55-9301-371b3ec6f692", "617408cc-3cc8-4b18-b970-73de0fbcb0ea", "756274dd-40f7-46e8-93b9-728d04eb5124", "7f999677-1ff8-40c4-8cbc-2b92b823a6da", "15051e00-6abd-45d0-b7fd-9ed0ed058e6a", "7e6074c9-ce37-4e82-a437-1ea03e29ed7b", "c4b0957e-78d5-4cca-bd82-f165aa1e11aa", "f2ccacd1-f038-4097-a701-290bcc5b668d", "4f088386-0263-47c7-8189-65b9b814db06", "c7b59a97-697d-4115-a2a7-e68237751574", "7f999677-1ff8-40c4-8cbc-2b92b823a6da", "a4a2b2e0-6a26-41b4-8d60-0b7a4ab08958", "01a001ae-1bad-4b55-9301-371b3ec6f692", "15051e00-6abd-45d0-b7fd-9ed0ed058e6a", "7e6074c9-ce37-4e82-a437-1ea03e29ed7b", "c4b0957e-78d5-4cca-bd82-f165aa1e11aa", "f2ccacd1-f038-4097-a701-290bcc5b668d"], "accesspoints": ["beec1fd4-d0c2-41ee-a746-ba8ade046d79", "6d684537-b85a-4154-ad78-e5933422e120", "626ff8f8-4e04-4f32-971d-5f697434fae2", "f6e72701-8fce-4de4-9ddd-f7b0bae0e07f", "e5cfe863-7778-4fd6-be3b-e295e8249296", "5817354f-6d24-4197-8dc9-bd31e1fdefc2", "1a117f91-29eb-4da1-b6d9-a257d53a2d8e", "22f929c9-ee91-444c-acd5-6d0fe7de64a2", "51c18c5b-279d-4b18-98c6-e72d646e3708", "3319da0c-e25f-4417-91a4-27cec0809aa3", "1ba729d6-dc61-438c-b38c-e7d4219d7766", "ab9dd249-8787-4dbb-8aaa-dac3c892a24c"]}}, {"model": "organization.organizationfirstciteddate", "pk": 4, "fields": {"lang": "en", "confidence": "1", "object_ref": 4, "value": "1971-00-00", "sources": ["e397dbcf-aa44-4541-a87b-7467eec3ce01", "e397dbcf-aa44-4541-a87b-7467eec3ce01"], "accesspoints": ["626ff8f8-4e04-4f32-971d-5f697434fae2"]}}, {"model": "organization.organizationname", "pk": 4, "fields": {"lang": "en", "confidence": "1", "object_ref": 4, "value": "President of Egypt", "sources": ["756274dd-40f7-46e8-93b9-728d04eb5124", "617408cc-3cc8-4b18-b970-73de0fbcb0ea", "e397dbcf-aa44-4541-a87b-7467eec3ce01", "7f999677-1ff8-40c4-8cbc-2b92b823a6da", "617408cc-3cc8-4b18-b970-73de0fbcb0ea", "e397dbcf-aa44-4541-a87b-7467eec3ce01", "01a001ae-1bad-4b55-9301-371b3ec6f692", "15051e00-6abd-45d0-b7fd-9ed0ed058e6a", "7e6074c9-ce37-4e82-a437-1ea03e29ed7b", "c4b0957e-78d5-4cca-bd82-f165aa1e11aa", "f2ccacd1-f038-4097-a701-290bcc5b668d", "756274dd-40f7-46e8-93b9-728d04eb5124", "a4a2b2e0-6a26-41b4-8d60-0b7a4ab08958", "4f088386-0263-47c7-8189-65b9b814db06", "c7b59a97-697d-4115-a2a7-e68237751574", "4f088386-0263-47c7-8189-65b9b814db06", "c7b59a97-697d-4115-a2a7-e68237751574", "7f999677-1ff8-40c4-8cbc-2b92b823a6da", "a4a2b2e0-6a26-41b4-8d60-0b7a4ab08958", "01a001ae-1bad-4b55-9301-371b3ec6f692", "15051e00-6abd-45d0-b7fd-9ed0ed058e6a", "7e6074c9-ce37-4e82-a437-1ea03e29ed7b", "c4b0957e-78d5-4cca-bd82-f165aa1e11aa", "f2ccacd1-f038-4097-a701-290bcc5b668d"], "accesspoints": ["beec1fd4-d0c2-41ee-a746-ba8ade046d79", "6d684537-b85a-4154-ad78-e5933422e120", "626ff8f8-4e04-4f32-971d-5f697434fae2", "22f929c9-ee91-444c-acd5-6d0fe7de64a2", "1a117f91-29eb-4da1-b6d9-a257d53a2d8e", "51c18c5b-279d-4b18-98c6-e72d646e3708", "3319da0c-e25f-4417-91a4-27cec0809aa3", "1ba729d6-dc61-438c-b38c-e7d4219d7766", "ab9dd249-8787-4dbb-8aaa-dac3c892a24c", "e5cfe863-7778-4fd6-be3b-e295e8249296", "f6e72701-8fce-4de4-9ddd-f7b0bae0e07f", "5817354f-6d24-4197-8dc9-bd31e1fdefc2"]}}, {"model": "organization.organizationopenended", "pk": 4, "fields": {"lang": "en", "confidence": "1", "object_ref": 4, "value": "Y", "sources": [], "accesspoints": []}}, {"model": "organization.organizationrealstart", "pk": 4, "fields": {"lang": null, "confidence": "1", "object_ref": 4, "value": false, "sources": [], "accesspoints": []}}, {"model": "organization.organizationalias", "pk": 4, "fields": {"lang": "en", "confidence": "1", "object_ref": 5, "value": 4, "sources": ["e397dbcf-aa44-4541-a87b-7467eec3ce01", "e397dbcf-aa44-4541-a87b-7467eec3ce01"], "accesspoints": ["626ff8f8-4e04-4f32-971d-5f697434fae2"]}}, {"model": "organization.organizationalias", "pk": 5, "fields": {"lang": "en", "confidence": "1", "object_ref": 5, "value": 5, "sources": ["e397dbcf-aa44-4541-a87b-7467eec3ce01", "e397dbcf-aa44-4541-a87b-7467eec3ce01"], "accesspoints": ["626ff8f8-4e04-4f32-971d-5f697434fae2"]}}, {"model": "organization.organizationalias", "pk": 1994, "fields": {"lang": "en", "confidence": "1", "object_ref": 5, "value": 1909, "sources": ["7f999677-1ff8-40c4-8cbc-2b92b823a6da", "4f088386-0263-47c7-8189-65b9b814db06", "7f999677-1ff8-40c4-8cbc-2b92b823a6da", "4f088386-0263-47c7-8189-65b9b814db06"], "accesspoints": ["22f929c9-ee91-444c-acd5-6d0fe7de64a2", "f6e72701-8fce-4de4-9ddd-f7b0bae0e07f"]}}, {"model": "organization.organizationclassification", "pk": 5, "fields": {"lang": "en", "confidence": "1", "object_ref": 5, "value": 4, "sources": ["e397dbcf-aa44-4541-a87b-7467eec3ce01", "e397dbcf-aa44-4541-a87b-7467eec3ce01"], "accesspoints": ["626ff8f8-4e04-4f32-971d-5f697434fae2"]}}, {"model": "organization.organizationdivisionid", "pk": 5, "fields": {"lang": null, "confidence": "1", "object_ref": 5, "value": "ocd-division/country:eg", "sources": ["e397dbcf-aa44-4541-a87b-7467eec3ce01", "e397dbcf-aa44-4541-a87b-7467eec3ce01", "4f088386-0263-47c7-8189-65b9b814db06", "4f088386-0263-47c7-8189-65b9b814db06"], "accesspoints": ["626ff8f8-4e04-4f32-971d-5f697434fae2", "f6e72701-8fce-4de4-9ddd-f7b0bae0e07f"]}}, {"model": "organization.organizationfirstciteddate", "pk": 5, "fields": {"lang": "en", "confidence": "1", "object_ref": 5, "value": "1971-00-00", "sources": ["e397dbcf-aa44-4541-a87b-7467eec3ce01", "e397dbcf-aa44-4541-a87b-7467eec3ce01"], "accesspoints": ["626ff8f8-4e04-4f32-971d-5f697434fae2"]}}, {"model": "organization.organizationlastciteddate", "pk": 2, "fields": {"lang": "en", "confidence": "1", "object_ref": 5, "value": "2012-10-00", "sources": ["e397dbcf-aa44-4541-a87b-7467eec3ce01", "e397dbcf-aa44-4541-a87b-7467eec3ce01"], "accesspoints": ["626ff8f8-4e04-4f32-971d-5f697434fae2"]}}, {"model": "organization.organizationname", "pk": 5, "fields": {"lang": "en", "confidence": "1", "object_ref": 5, "value": "Supreme Council of the Police", "sources": ["e397dbcf-aa44-4541-a87b-7467eec3ce01", "4f088386-0263-47c7-8189-65b9b814db06", "e397dbcf-aa44-4541-a87b-7467eec3ce01", "4f088386-0263-47c7-8189-65b9b814db06"], "accesspoints": ["626ff8f8-4e04-4f32-971d-5f697434fae2", "f6e72701-8fce-4de4-9ddd-f7b0bae0e07f"]}}, {"model": "organization.organizationopenended", "pk": 5, "fields": {"lang": "en", "confidence": "1", "object_ref": 5, "value": "Y", "sources": [], "accesspoints": []}}, {"model": "organization.organizationrealstart", "pk": 6, "fields": {"lang": null, "confidence": "1", "object_ref": 5, "value": null, "sources": [], "accesspoints": []}}, {"model": "organization.organizationrealstart", "pk": 5, "fields": {"lang": null, "confidence": "1", "object_ref": 5, "value": true, "sources": [], "accesspoints": []}}, {"model": "organization.organizationalias", "pk": 6, "fields": {"lang": "en", "confidence": "1", "object_ref": 6, "value": 6, "sources": ["e397dbcf-aa44-4541-a87b-7467eec3ce01", "e397dbcf-aa44-4541-a87b-7467eec3ce01"], "accesspoints": ["626ff8f8-4e04-4f32-971d-5f697434fae2"]}}, {"model": "organization.organizationclassification", "pk": 6, "fields": {"lang": "en", "confidence": "1", "object_ref": 6, "value": 4, "sources": ["e397dbcf-aa44-4541-a87b-7467eec3ce01", "e397dbcf-aa44-4541-a87b-7467eec3ce01"], "accesspoints": ["626ff8f8-4e04-4f32-971d-5f697434fae2"]}}, {"model": "organization.organizationclassification", "pk": 7, "fields": {"lang": "en", "confidence": "1", "object_ref": 6, "value": 5, "sources": ["e397dbcf-aa44-4541-a87b-7467eec3ce01", "e397dbcf-aa44-4541-a87b-7467eec3ce01"], "accesspoints": ["626ff8f8-4e04-4f32-971d-5f697434fae2"]}}, {"model": "organization.organizationdivisionid", "pk": 6, "fields": {"lang": null, "confidence": "1", "object_ref": 6, "value": "ocd-division/country:eg", "sources": ["e397dbcf-aa44-4541-a87b-7467eec3ce01", "5060c9a0-5a1d-4e7d-b00e-ed1749470322", "e397dbcf-aa44-4541-a87b-7467eec3ce01", "4f088386-0263-47c7-8189-65b9b814db06", "6b886700-79e2-4ce2-95f3-e1fb8e34bcc4", "4e6d904a-06dd-47e1-bf24-ae1741c1cd82", "5060c9a0-5a1d-4e7d-b00e-ed1749470322", "d1d4b3ba-d2e1-4064-a00c-7c3f537c44d4", "f2b7b8b9-ac72-48ce-840a-6cab2f584cb4", "00882cff-b7bf-49eb-8dd4-126113c3e562", "7f999677-1ff8-40c4-8cbc-2b92b823a6da", "4f088386-0263-47c7-8189-65b9b814db06", "7f999677-1ff8-40c4-8cbc-2b92b823a6da", "6b886700-79e2-4ce2-95f3-e1fb8e34bcc4", "4e6d904a-06dd-47e1-bf24-ae1741c1cd82", "d1d4b3ba-d2e1-4064-a00c-7c3f537c44d4", "f2b7b8b9-ac72-48ce-840a-6cab2f584cb4", "00882cff-b7bf-49eb-8dd4-126113c3e562"], "accesspoints": ["626ff8f8-4e04-4f32-971d-5f697434fae2", "8a973777-bcbb-4593-a8c9-1c4985e5dc10", "f6e72701-8fce-4de4-9ddd-f7b0bae0e07f", "edf1e858-ddab-4eae-9767-30a204ed0831", "2b9213db-1846-44c5-8f4e-0184029befe7", "07ac53ff-cf5f-4dd8-9be0-011c77333a98", "f918e9ea-4c93-4ca6-abb8-b1488d518d77", "f61d1586-e970-4277-9722-00d19e82a4c2", "22f929c9-ee91-444c-acd5-6d0fe7de64a2"]}}, {"model": "organization.organizationfirstciteddate", "pk": 6, "fields": {"lang": "en", "confidence": "1", "object_ref": 6, "value": "1971-00-00", "sources": ["e397dbcf-aa44-4541-a87b-7467eec3ce01", "e397dbcf-aa44-4541-a87b-7467eec3ce01"], "accesspoints": ["626ff8f8-4e04-4f32-971d-5f697434fae2"]}}, {"model": "organization.organizationname", "pk": 6, "fields": {"lang": "en", "confidence": "1", "object_ref": 6, "value": "Ministry of Interior", "sources": ["e397dbcf-aa44-4541-a87b-7467eec3ce01", "5060c9a0-5a1d-4e7d-b00e-ed1749470322", "7f999677-1ff8-40c4-8cbc-2b92b823a6da", "e397dbcf-aa44-4541-a87b-7467eec3ce01", "d1d4b3ba-d2e1-4064-a00c-7c3f537c44d4", "5060c9a0-5a1d-4e7d-b00e-ed1749470322", "f2b7b8b9-ac72-48ce-840a-6cab2f584cb4", "6b886700-79e2-4ce2-95f3-e1fb8e34bcc4", "4e6d904a-06dd-47e1-bf24-ae1741c1cd82", "00882cff-b7bf-49eb-8dd4-126113c3e562", "4f088386-0263-47c7-8189-65b9b814db06", "4f088386-0263-47c7-8189-65b9b814db06", "7f999677-1ff8-40c4-8cbc-2b92b823a6da", "6b886700-79e2-4ce2-95f3-e1fb8e34bcc4", "4e6d904a-06dd-47e1-bf24-ae1741c1cd82", "d1d4b3ba-d2e1-4064-a00c-7c3f537c44d4", "f2b7b8b9-ac72-48ce-840a-6cab2f584cb4", "00882cff-b7bf-49eb-8dd4-126113c3e562"], "accesspoints": ["626ff8f8-4e04-4f32-971d-5f697434fae2", "8a973777-bcbb-4593-a8c9-1c4985e5dc10", "22f929c9-ee91-444c-acd5-6d0fe7de64a2", "07ac53ff-cf5f-4dd8-9be0-011c77333a98", "f918e9ea-4c93-4ca6-abb8-b1488d518d77", "edf1e858-ddab-4eae-9767-30a204ed0831", "2b9213db-1846-44c5-8f4e-0184029befe7", "f61d1586-e970-4277-9722-00d19e82a4c2", "f6e72701-8fce-4de4-9ddd-f7b0bae0e07f"]}}, {"model": "organization.organizationopenended", "pk": 1292, "fields": {"lang": "en", "confidence": "1", "object_ref": 6, "value": "Y", "sources": [], "accesspoints": []}}, {"model": "organization.organizationrealstart", "pk": 7, "fields": {"lang": null, "confidence": "1", "object_ref": 6, "value": false, "sources": [], "accesspoints": []}}, {"model": "organization.organizationclassification", "pk": 8, "fields": {"lang": "en", "confidence": "1", "object_ref": 7, "value": 4, "sources": ["5060c9a0-5a1d-4e7d-b00e-ed1749470322", "5060c9a0-5a1d-4e7d-b00e-ed1749470322"], "accesspoints": ["8a973777-bcbb-4593-a8c9-1c4985e5dc10"]}}, {"model": "organization.organizationdivisionid", "pk": 7, "fields": {"lang": null, "confidence": "1", "object_ref": 7, "value": "ocd-division/country:eg", "sources": ["5060c9a0-5a1d-4e7d-b00e-ed1749470322", "5060c9a0-5a1d-4e7d-b00e-ed1749470322"], "accesspoints": ["8a973777-bcbb-4593-a8c9-1c4985e5dc10"]}}, {"model": "organization.organizationfirstciteddate", "pk": 7, "fields": {"lang": "en", "confidence": "1", "object_ref": 7, "value": "2011-02-02", "sources": ["5060c9a0-5a1d-4e7d-b00e-ed1749470322", "5060c9a0-5a1d-4e7d-b00e-ed1749470322"], "accesspoints": ["8a973777-bcbb-4593-a8c9-1c4985e5dc10"]}}, {"model": "organization.organizationname", "pk": 7, "fields": {"lang": "en", "confidence": "1", "object_ref": 7, "value": "Al Sharqia Governorate Security Directorate", "sources": ["5060c9a0-5a1d-4e7d-b00e-ed1749470322", "5060c9a0-5a1d-4e7d-b00e-ed1749470322"], "accesspoints": ["8a973777-bcbb-4593-a8c9-1c4985e5dc10"]}}, {"model": "organization.organizationopenended", "pk": 6, "fields": {"lang": "en", "confidence": "1", "object_ref": 7, "value": "Y", "sources": [], "accesspoints": []}}, {"model": "organization.organizationrealstart", "pk": 8, "fields": {"lang": null, "confidence": "1", "object_ref": 7, "value": false, "sources": [], "accesspoints": []}}, {"model": "organization.organizationclassification", "pk": 9, "fields": {"lang": "en", "confidence": "1", "object_ref": 8, "value": 3, "sources": ["5060c9a0-5a1d-4e7d-b00e-ed1749470322", "5060c9a0-5a1d-4e7d-b00e-ed1749470322"], "accesspoints": ["8a973777-bcbb-4593-a8c9-1c4985e5dc10"]}}, {"model": "organization.organizationdivisionid", "pk": 8, "fields": {"lang": null, "confidence": "1", "object_ref": 8, "value": "ocd-division/country:eg", "sources": ["5060c9a0-5a1d-4e7d-b00e-ed1749470322", "5060c9a0-5a1d-4e7d-b00e-ed1749470322"], "accesspoints": ["8a973777-bcbb-4593-a8c9-1c4985e5dc10"]}}, {"model": "organization.organizationfirstciteddate", "pk": 8, "fields": {"lang": "en", "confidence": "1", "object_ref": 8, "value": "2011-02-02", "sources": ["5060c9a0-5a1d-4e7d-b00e-ed1749470322", "5060c9a0-5a1d-4e7d-b00e-ed1749470322"], "accesspoints": ["8a973777-bcbb-4593-a8c9-1c4985e5dc10"]}}, {"model": "organization.organizationname", "pk": 8, "fields": {"lang": "en", "confidence": "1", "object_ref": 8, "value": "Al Sharqia Governorate", "sources": ["5060c9a0-5a1d-4e7d-b00e-ed1749470322", "5060c9a0-5a1d-4e7d-b00e-ed1749470322"], "accesspoints": ["8a973777-bcbb-4593-a8c9-1c4985e5dc10"]}}, {"model": "organization.organizationopenended", "pk": 7, "fields": {"lang": "en", "confidence": "1", "object_ref": 8, "value": "Y", "sources": [], "accesspoints": []}}, {"model": "organization.organizationrealstart", "pk": 9, "fields": {"lang": null, "confidence": "1", "object_ref": 8, "value": false, "sources": [], "accesspoints": []}}, {"model": "organization.organizationclassification", "pk": 10, "fields": {"lang": "en", "confidence": "1", "object_ref": 9, "value": 4, "sources": ["5060c9a0-5a1d-4e7d-b00e-ed1749470322", "5060c9a0-5a1d-4e7d-b00e-ed1749470322"], "accesspoints": ["8a973777-bcbb-4593-a8c9-1c4985e5dc10"]}}, {"model": "organization.organizationdivisionid", "pk": 9, "fields": {"lang": null, "confidence": "1", "object_ref": 9, "value": "ocd-division/country:eg", "sources": ["5060c9a0-5a1d-4e7d-b00e-ed1749470322", "5060c9a0-5a1d-4e7d-b00e-ed1749470322"], "accesspoints": ["8a973777-bcbb-4593-a8c9-1c4985e5dc10"]}}, {"model": "organization.organizationfirstciteddate", "pk": 9, "fields": {"lang": "en", "confidence": "1", "object_ref": 9, "value": "2011-02-02", "sources": ["5060c9a0-5a1d-4e7d-b00e-ed1749470322", "5060c9a0-5a1d-4e7d-b00e-ed1749470322"], "accesspoints": ["8a973777-bcbb-4593-a8c9-1c4985e5dc10"]}}, {"model": "organization.organizationname", "pk": 9, "fields": {"lang": "en", "confidence": "1", "object_ref": 9, "value": "Alexandria Governorate Security Directorate", "sources": ["5060c9a0-5a1d-4e7d-b00e-ed1749470322", "5060c9a0-5a1d-4e7d-b00e-ed1749470322"], "accesspoints": ["8a973777-bcbb-4593-a8c9-1c4985e5dc10"]}}, {"model": "organization.organizationopenended", "pk": 8, "fields": {"lang": "en", "confidence": "1", "object_ref": 9, "value": "Y", "sources": [], "accesspoints": []}}, {"model": "organization.organizationrealstart", "pk": 10, "fields": {"lang": null, "confidence": "1", "object_ref": 9, "value": false, "sources": [], "accesspoints": []}}, {"model": "organization.organizationclassification", "pk": 11, "fields": {"lang": "en", "confidence": "1", "object_ref": 10, "value": 3, "sources": ["5060c9a0-5a1d-4e7d-b00e-ed1749470322", "5060c9a0-5a1d-4e7d-b00e-ed1749470322"], "accesspoints": ["8a973777-bcbb-4593-a8c9-1c4985e5dc10"]}}, {"model": "organization.organizationdivisionid", "pk": 10, "fields": {"lang": null, "confidence": "1", "object_ref": 10, "value": "ocd-division/country:eg", "sources": ["5060c9a0-5a1d-4e7d-b00e-ed1749470322", "5060c9a0-5a1d-4e7d-b00e-ed1749470322"], "accesspoints": ["8a973777-bcbb-4593-a8c9-1c4985e5dc10"]}}, {"model": "organization.organizationfirstciteddate", "pk": 10, "fields": {"lang": "en", "confidence": "1", "object_ref": 10, "value": "2011-02-02", "sources": ["5060c9a0-5a1d-4e7d-b00e-ed1749470322", "5060c9a0-5a1d-4e7d-b00e-ed1749470322"], "accesspoints": ["8a973777-bcbb-4593-a8c9-1c4985e5dc10"]}}, {"model": "organization.organizationname", "pk": 10, "fields": {"lang": "en", "confidence": "1", "object_ref": 10, "value": "Alexandria Governorate", "sources": ["5060c9a0-5a1d-4e7d-b00e-ed1749470322", "5060c9a0-5a1d-4e7d-b00e-ed1749470322"], "accesspoints": ["8a973777-bcbb-4593-a8c9-1c4985e5dc10"]}}, {"model": "organization.organizationopenended", "pk": 9, "fields": {"lang": "en", "confidence": "1", "object_ref": 10, "value": "Y", "sources": [], "accesspoints": []}}, {"model": "organization.organizationrealstart", "pk": 11, "fields": {"lang": null, "confidence": "1", "object_ref": 10, "value": false, "sources": [], "accesspoints": []}}, {"model": "organization.alias", "pk": 1, "fields": {"value": "ECOMOG"}}, {"model": "source.source", "pk": "f0edee0e-574a-416f-b4eb-d71fe8ae8013", "fields": {"title": "\"UNMIL Background\"", "publication": "United Nations Mission in Liberia. http://www.un.org/en/peacekeeping/missions/unmil/background.shtml", "publication_country": null, "published_on": "2016-03-29", "source_url": "https://web.archive.org/web/20160314060912/http://www.un.org/en/peacekeeping/missions/unmil/background.shtml", "date_updated": "2017-10-28T01:28:48.265Z", "date_added": "2017-10-28T01:28:48.265Z", "user": 1}}, {"model": "source.accesspoint", "pk": "feeaec6d-c9d3-48d4-a1cc-64b7d4fd2d8d", "fields": {"page_number": null, "accessed_on": null, "archive_url": null, "source": "f0edee0e-574a-416f-b4eb-d71fe8ae8013", "user": 1}}, {"model": "organization.classification", "pk": 1, "fields": {"value": "Peacekeeping"}}, {"model": "source.source", "pk": "55300ba5-0dc9-49be-b1e8-9b50f3cece34", "fields": {"title": "More Nigerian Soldiers Leave for Liberia", "publication": "Vanguard", "publication_country": "Nigeria", "published_on": "2003-08-13", "source_url": "http://allafrica.com/stories/200308130411.html", "date_updated": "2017-10-28T02:55:27.712Z", "date_added": "2017-10-28T02:55:27.712Z", "user": 1}}, {"model": "source.source", "pk": "0088af9f-dd80-48d0-b09d-51e04d743079", "fields": {"title": "Why We Are in Liberia - Agwai", "publication": "This Day", "publication_country": "Nigeria", "published_on": "2003-08-15", "source_url": "http://allafrica.com/stories/200308150166.html", "date_updated": "2017-10-28T02:51:59.628Z", "date_added": "2017-10-28T02:51:59.628Z", "user": 1}}, {"model": "source.accesspoint", "pk": "1e7f2fd0-e6c6-4743-9e58-12e6912931a9", "fields": {"page_number": null, "accessed_on": null, "archive_url": null, "source": "55300ba5-0dc9-49be-b1e8-9b50f3cece34", "user": 1}}, {"model": "source.accesspoint", "pk": "36d29669-1253-4c60-9255-8018e022c9c7", "fields": {"page_number": null, "accessed_on": null, "archive_url": null, "source": "0088af9f-dd80-48d0-b09d-51e04d743079", "user": 1}}, {"model": "source.source", "pk": "d0ea8e66-d7c8-4e6e-9831-7d1cf75868ea", "fields": {"title": "The Wasting Of Nigerian Soldiers", "publication": "Tempo", "publication_country": "Nigeria", "published_on": "1999-01-20", "source_url": "http://allafrica.com/stories/199901200152.html", "date_updated": "2017-10-28T02:53:46.564Z", "date_added": "2017-10-28T02:53:46.564Z", "user": 1}}, {"model": "source.accesspoint", "pk": "c7fecc62-db50-452c-83fc-e1fa8ee9fca5", "fields": {"page_number": null, "accessed_on": null, "archive_url": null, "source": "d0ea8e66-d7c8-4e6e-9831-7d1cf75868ea", "user": 1}}, {"model": "organization.alias", "pk": 2, "fields": {"value": "UNMIL"}}, {"model": "source.source", "pk": "c5c6c2b9-1093-4fdb-855b-d69ec7677a36", "fields": {"title": "\"Support for the implementation of the Peace Process\". United Nations Mission in Liberia. United Nations. http://www.un.org/en/peacekeeping/missions/unmil/ Internet Archive link: https://web.archive.org/web/20150905063641/http://www.un.org/en/peacekeeping/missions/unmil/", "publication": null, "publication_country": null, "published_on": "1900-01-01", "source_url": null, "date_updated": "2017-10-28T01:28:49.157Z", "date_added": "2017-10-28T01:28:49.157Z", "user": 1}}, {"model": "source.accesspoint", "pk": "79444a2a-b4b7-4ea8-98ab-875d3434d6c7", "fields": {"page_number": null, "accessed_on": null, "archive_url": null, "source": "c5c6c2b9-1093-4fdb-855b-d69ec7677a36", "user": 1}}, {"model": "source.source", "pk": "2dbc597e-5c7c-4a83-96be-4ba7e57d2a8c", "fields": {"title": "Condemned 12 Soldiers - When Plea for Mercy Challenges Military Law", "publication": "Vanguard", "publication_country": "Nigeria", "published_on": "2014-10-08", "source_url": "http://www.vanguardngr.com/2014/10/condemned-12-soldiers-plea-mercy-challenges-military-law/", "date_updated": "2017-10-28T02:58:29.180Z", "date_added": "2017-10-28T02:58:29.180Z", "user": 1}}, {"model": "source.source", "pk": "48336947-db0c-47b4-99a4-3f8de4be42c6", "fields": {"title": "GOC, Officials in Akure to Pay Striking Soldiers", "publication": "Vanguard", "publication_country": "Nigeria", "published_on": "2008-07-08", "source_url": "http://allafrica.com/stories/200807080218.html", "date_updated": "2017-10-28T02:58:29.198Z", "date_added": "2017-10-28T02:58:29.199Z", "user": 1}}, {"model": "source.source", "pk": "7ca27308-c485-4ad0-910c-44a97642305e", "fields": {"title": "I Was Ordered to Pay N120 Million to Peacekeepers, Says Soldier", "publication": "Vanguard", "publication_country": "Nigeria", "published_on": "2008-10-29", "source_url": "http://allafrica.com/stories/200810290379.html", "date_updated": "2017-10-28T02:58:29.206Z", "date_added": "2017-10-28T02:58:29.206Z", "user": 1}}, {"model": "source.accesspoint", "pk": "c2af866f-a6bf-4dc2-ae87-39bd2b4d4f64", "fields": {"page_number": null, "accessed_on": null, "archive_url": "https://web.archive.org/web/20141010051458/http://www.vanguardngr.com/2014/10/condemned-12-soldiers-plea-mercy-challenges-military-law/", "source": "2dbc597e-5c7c-4a83-96be-4ba7e57d2a8c", "user": 1}}, {"model": "source.accesspoint", "pk": "306b5823-94d4-496a-90ea-994d6ee94b19", "fields": {"page_number": null, "accessed_on": null, "archive_url": null, "source": "48336947-db0c-47b4-99a4-3f8de4be42c6", "user": 1}}, {"model": "source.accesspoint", "pk": "17a55e2a-1ba2-460c-abc3-9c563685d3ae", "fields": {"page_number": null, "accessed_on": null, "archive_url": "https://web.archive.org/web/20161107181745/http://allafrica.com/stories/200810290379.html", "source": "7ca27308-c485-4ad0-910c-44a97642305e", "user": 1}}, {"model": "source.source", "pk": "1ed85218-539a-4494-8c35-1c99f2aa1ee5", "fields": {"title": "700 Soldiers Leave for Liberia", "publication": "Daily Trust", "publication_country": "Nigeria", "published_on": "2013-03-11", "source_url": "http://allafrica.com/stories/201303110659.html", "date_updated": "2017-10-28T02:55:24.704Z", "date_added": "2017-10-28T02:55:24.704Z", "user": 1}}, {"model": "source.source", "pk": "17fbede7-42d1-4c35-a530-126a09b44d69", "fields": {"title": "COAS Commissions Project At Enugu 103 Battalion. Daily Trust (Nigeria). 26 August 2012. http://allafrica.com/stories/201208270730.html (accessed via AllAfrica.com)", "publication": null, "publication_country": null, "published_on": "1900-01-01", "source_url": null, "date_updated": "2017-10-28T02:52:26.026Z", "date_added": "2017-10-28T02:52:26.026Z", "user": 1}}, {"model": "source.source", "pk": "a03258bc-f754-4195-9096-5766eef8b2d3", "fields": {"title": "\"Foreign Military Training and DoD Engagement Activities of Interest, 2011-2012\" (Section IV: Country Training Activities - Africa, Volume II). United States Department of State. http://www.state.gov/documents/organization/197643.pdf Internet Archive link: https://web.archive.org/web/20161020210205/http://www.state.gov/documents/organization/197643.pdf", "publication": null, "publication_country": null, "published_on": "1900-01-01", "source_url": null, "date_updated": "2017-10-28T02:52:27.731Z", "date_added": "2017-10-28T02:52:27.731Z", "user": 1}}, {"model": "source.source", "pk": "b105117a-53db-420b-a4ed-09d98cda066e", "fields": {"title": "Nigeria sends 700 soldiers to maintain peace in Liberia. Vanguard (Nigeria). 20 March 2014. http://www.vanguardngr.com/2014/03/nigeria-sends-700-soldiers-maintain-peace-liberia/ Internet Archive Link: https://web.archive.org/web/20140423062529/http://www.vanguardngr.com/2014/03/nigeria-sends-700-soldiers-maintain-peace-liberia", "publication": null, "publication_country": null, "published_on": "1900-01-01", "source_url": null, "date_updated": "2017-10-28T02:53:57.902Z", "date_added": "2017-10-28T02:53:57.902Z", "user": 1}}, {"model": "source.source", "pk": "1468f9a8-ff88-4049-915a-c4754ab1a615", "fields": {"title": "Nigeria to deploy 700 soldiers for Peace Keeping Operations in Liberia- Army. Premium Times (Nigeria). 6 September 2013. https://www.premiumtimesng.com/news/144259-nigerian-deploy-700-soldiers-peace-keeping-operations-liberia-army.html Internet Archive link: https://web.archive.org/web/20130910195411/https://www.premiumtimesng.com/news/144259-nigerian-deploy-700-soldiers-peace-keeping-operations-liberia-army.html", "publication": null, "publication_country": null, "published_on": "1900-01-01", "source_url": null, "date_updated": "2017-10-28T02:54:49.366Z", "date_added": "2017-10-28T02:54:49.366Z", "user": 1}}, {"model": "source.source", "pk": "f3b4b71f-4980-4181-b88b-f5fbe1ca07d0", "fields": {"title": "Soldiers Reprimanded for Role in Liberia", "publication": "This Day", "publication_country": "Nigeria", "published_on": "2007-09-01", "source_url": "http://allafrica.com/stories/200709030381.html", "date_updated": "2017-10-28T02:51:58.321Z", "date_added": "2017-10-28T02:51:58.321Z", "user": 1}}, {"model": "source.source", "pk": "d73bde55-4056-475d-86d1-f9fc6282ba4b", "fields": {"title": "Army denies killing Nasarawa students", "publication": "News Agency of Nigeria.", "publication_country": null, "published_on": "2013-02-28", "source_url": "http://m.news24.com/nigeria/National/News/Army-denies-killing-Nasarawa-students-20130228", "date_updated": "2017-10-28T02:53:27.803Z", "date_added": "2017-10-28T02:53:27.803Z", "user": 1}}, {"model": "source.source", "pk": "cb2c64fa-1872-4b81-be94-9f0468cd9c25", "fields": {"title": "Nigerian Troops Leave for Peace Keeping in Liberia", "publication": "Daily Trust", "publication_country": "Nigeria", "published_on": "2014-03-21", "source_url": "http://allafrica.com/stories/201403210259.html", "date_updated": "2017-10-28T02:53:59.432Z", "date_added": "2017-10-28T02:53:59.432Z", "user": 1}}, {"model": "source.source", "pk": "3a46fc36-4ccf-4ba9-a70f-eaf2165622c9", "fields": {"title": "Army Warns Soldiers on Peace Keeping Against Misconduct", "publication": "Leadership", "publication_country": "Nigeria", "published_on": "2012-08-10", "source_url": "http://allafrica.com/stories/201208110254.html", "date_updated": "2017-10-28T02:54:05.291Z", "date_added": "2017-10-28T02:54:05.291Z", "user": 1}}, {"model": "source.source", "pk": "8a841e66-c15f-4369-98e4-8bcc8ea58fe9", "fields": {"title": "GOC, Officials in Akure to Pay Striking Soldiers", "publication": "Vanguard", "publication_country": "Nigeria", "published_on": "2008-07-08", "source_url": "http://allafrica.com/stories/200807080218.html", "date_updated": "2017-10-28T02:54:18.664Z", "date_added": "2017-10-28T02:54:18.664Z", "user": 1}}, {"model": "source.source", "pk": "547f39ca-38c2-432c-85ec-14a8e3b85174", "fields": {"title": "Troops Rotate in Liberia", "publication": "Daily Independent", "publication_country": "Nigeria", "published_on": "2009-03-16", "source_url": "http://allafrica.com/stories/200903161027.html", "date_updated": "2017-10-28T02:54:58.579Z", "date_added": "2017-10-28T02:54:58.579Z", "user": 1}}, {"model": "source.source", "pk": "30f6f13a-560a-4cc7-9de2-f1264c364fd7", "fields": {"title": "\"Director of Administration\"", "publication": "Armed Forces Command and Staff College", "publication_country": "Nigeria", "published_on": "2015-07-06", "source_url": "http://www.nigerianafcsc.org/CV/directors/DOA%20.htm", "date_updated": "2017-10-28T02:55:12.480Z", "date_added": "2017-10-28T02:55:12.480Z", "user": 1}}, {"model": "source.source", "pk": "1f12024b-fc5a-4c24-8f20-e961a2f9374e", "fields": {"title": "Fight Back When You Come Under Any Form of Threat, Commandant Urges Soldiers", "publication": "Vanguard", "publication_country": "Nigeria", "published_on": "2013-06-12", "source_url": "http://www.vanguardngr.com/2013/06/fight-back-when-you-come-under-any-form-of-threat-commandant-urges-soldiers/", "date_updated": "2017-10-28T02:55:21.180Z", "date_added": "2017-10-28T02:55:21.180Z", "user": 1}}, {"model": "source.source", "pk": "78238c79-b4aa-46b7-9614-2d219ec9b90d", "fields": {"title": "Army Pardons Akure 27 -Falana Lauds Decision", "publication": "This Day", "publication_country": "Nigeria", "published_on": "2010-12-03", "source_url": "http://allafrica.com/stories/201012070844.html", "date_updated": "2017-10-28T02:56:58.290Z", "date_added": "2017-10-28T02:56:58.290Z", "user": 1}}, {"model": "source.accesspoint", "pk": "67e31579-364d-4001-a7b8-71c0e61d0c8b", "fields": {"page_number": null, "accessed_on": null, "archive_url": null, "source": "1ed85218-539a-4494-8c35-1c99f2aa1ee5", "user": 1}}, {"model": "source.accesspoint", "pk": "b6b6a610-93e4-449c-a87c-cbe46d23e497", "fields": {"page_number": null, "accessed_on": null, "archive_url": null, "source": "17fbede7-42d1-4c35-a530-126a09b44d69", "user": 1}}, {"model": "source.accesspoint", "pk": "40b77680-d132-45b3-a0cb-b2d0b3733eba", "fields": {"page_number": null, "accessed_on": null, "archive_url": null, "source": "a03258bc-f754-4195-9096-5766eef8b2d3", "user": 1}}, {"model": "source.accesspoint", "pk": "ab094a65-52c9-4b1c-8933-c374fa0de1d4", "fields": {"page_number": null, "accessed_on": null, "archive_url": null, "source": "b105117a-53db-420b-a4ed-09d98cda066e", "user": 1}}, {"model": "source.accesspoint", "pk": "9983315c-e0ab-4dbe-9d37-42a2f9144fa1", "fields": {"page_number": null, "accessed_on": null, "archive_url": null, "source": "1468f9a8-ff88-4049-915a-c4754ab1a615", "user": 1}}, {"model": "source.accesspoint", "pk": "59add8e0-91ce-415a-ae94-5c768c8e2e23", "fields": {"page_number": null, "accessed_on": null, "archive_url": null, "source": "f3b4b71f-4980-4181-b88b-f5fbe1ca07d0", "user": 1}}, {"model": "source.accesspoint", "pk": "ccc7b751-abb2-414a-ad11-cf01e405acd3", "fields": {"page_number": null, "accessed_on": null, "archive_url": "https://web.archive.org/web/20161104202110/http://m.news24.com.ng/Nigeria/National/News/Army-denies-killing-Nasarawa-students-20130228", "source": "d73bde55-4056-475d-86d1-f9fc6282ba4b", "user": 1}}, {"model": "source.accesspoint", "pk": "20708d76-7185-47cf-a1ea-b265f3cdca25", "fields": {"page_number": null, "accessed_on": null, "archive_url": null, "source": "cb2c64fa-1872-4b81-be94-9f0468cd9c25", "user": 1}}, {"model": "source.accesspoint", "pk": "5048a816-19e2-4b7b-8303-7ce589342512", "fields": {"page_number": null, "accessed_on": null, "archive_url": "https://web.archive.org/web/20161104171857/http://allafrica.com/stories/201208110254.html", "source": "3a46fc36-4ccf-4ba9-a70f-eaf2165622c9", "user": 1}}, {"model": "source.accesspoint", "pk": "25177850-a776-4659-9ce4-f64b6686fd1d", "fields": {"page_number": null, "accessed_on": null, "archive_url": "https://web.archive.org/web/20161104170124/http://allafrica.com/stories/200807080218.html", "source": "8a841e66-c15f-4369-98e4-8bcc8ea58fe9", "user": 1}}, {"model": "source.accesspoint", "pk": "87581211-a3c2-43ad-a228-96477f363fd2", "fields": {"page_number": null, "accessed_on": null, "archive_url": null, "source": "547f39ca-38c2-432c-85ec-14a8e3b85174", "user": 1}}, {"model": "source.accesspoint", "pk": "5830f7ec-4b56-4664-8204-091993ba48c6", "fields": {"page_number": null, "accessed_on": null, "archive_url": "https://web.archive.org/web/20150706190216/http://www.nigerianafcsc.org/CV/directors/DOA%20.htm", "source": "30f6f13a-560a-4cc7-9de2-f1264c364fd7", "user": 1}}, {"model": "source.accesspoint", "pk": "5a27cec4-839c-4802-abe6-a6ca7507c80c", "fields": {"page_number": null, "accessed_on": null, "archive_url": "http://web.archive.org/web/20130612200826/http://www.vanguardngr.com/2013/06/fight-back-when-you-come-under-any-form-of-threat-commandant-urges-soldiers/", "source": "1f12024b-fc5a-4c24-8f20-e961a2f9374e", "user": 1}}, {"model": "source.accesspoint", "pk": "81f296d3-be7a-450c-9c6a-2d54a22647ef", "fields": {"page_number": null, "accessed_on": null, "archive_url": "https://web.archive.org/web/20161107174734/http://allafrica.com/stories/201012070844.html", "source": "78238c79-b4aa-46b7-9614-2d219ec9b90d", "user": 1}}, {"model": "organization.alias", "pk": 3, "fields": {"value": "SCAF"}}, {"model": "source.source", "pk": "e397dbcf-aa44-4541-a87b-7467eec3ce01", "fields": {"title": "\"The Politics of Security Sector Reform in Egypt\"", "publication": "United States Institute of Peace", "publication_country": null, "published_on": "2012-10-28", "source_url": "https://www.usip.org/sites/default/files/SR318_0.pdf", "date_updated": "2017-10-28T01:28:51.350Z", "date_added": "2017-10-28T01:28:51.350Z", "user": 1}}, {"model": "source.accesspoint", "pk": "626ff8f8-4e04-4f32-971d-5f697434fae2", "fields": {"page_number": null, "accessed_on": null, "archive_url": "https://web.archive.org/web/20151129015533/http://www.usip.org:80/sites/default/files/SR318_0.pdf", "source": "e397dbcf-aa44-4541-a87b-7467eec3ce01", "user": 1}}, {"model": "organization.classification", "pk": 2, "fields": {"value": "Military"}}, {"model": "source.source", "pk": "4f088386-0263-47c7-8189-65b9b814db06", "fields": {"title": "\"The Politics of Security Sector Reform in Egypt\"", "publication": "United States Institute of Peace", "publication_country": null, "published_on": "2012-10-26", "source_url": "https://www.usip.org/sites/default/files/SR318_0.pdf", "date_updated": "2018-01-26T05:41:44.511Z", "date_added": "2018-01-26T05:41:44.511Z", "user": 1}}, {"model": "source.source", "pk": "c7b59a97-697d-4115-a2a7-e68237751574", "fields": {"title": "\"Egypt's New Military Brass\"", "publication": "Washington Institute for Near East Policy", "publication_country": null, "published_on": "2015-02-23", "source_url": "http://www.washingtoninstitute.org/policy-analysis/view/egypts-new-military-brass", "date_updated": "2018-01-26T05:41:44.522Z", "date_added": "2018-01-26T05:41:44.522Z", "user": 1}}, {"model": "source.accesspoint", "pk": "f6e72701-8fce-4de4-9ddd-f7b0bae0e07f", "fields": {"page_number": null, "accessed_on": null, "archive_url": "https://web.archive.org/web/20151129015533/http://www.usip.org:80/sites/default/files/SR318_0.pdf", "source": "4f088386-0263-47c7-8189-65b9b814db06", "user": 1}}, {"model": "source.accesspoint", "pk": "5817354f-6d24-4197-8dc9-bd31e1fdefc2", "fields": {"page_number": null, "accessed_on": null, "archive_url": "https://web.archive.org/web/20140327035151/http://www.washingtoninstitute.org/policy-analysis/view/egypts-new-military-brass", "source": "c7b59a97-697d-4115-a2a7-e68237751574", "user": 1}}, {"model": "source.source", "pk": "7f999677-1ff8-40c4-8cbc-2b92b823a6da", "fields": {"title": "\"Missed Opportunity: The Politics of Police Reform in Egypt and Tunisia\"", "publication": "Carnegie Endowment for International Peace", "publication_country": null, "published_on": "2015-03-26", "source_url": "http://carnegieendowment.org/files/missed_opportunity.pdf", "date_updated": "2018-01-26T05:41:44.768Z", "date_added": "2018-01-26T05:41:44.768Z", "user": 1}}, {"model": "source.accesspoint", "pk": "22f929c9-ee91-444c-acd5-6d0fe7de64a2", "fields": {"page_number": null, "accessed_on": null, "archive_url": "https://web.archive.org/web/20150717031624/http://carnegieendowment.org/files/missed_opportunity.pdf", "source": "7f999677-1ff8-40c4-8cbc-2b92b823a6da", "user": 1}}, {"model": "organization.classification", "pk": 3, "fields": {"value": "Government"}}, {"model": "source.source", "pk": "756274dd-40f7-46e8-93b9-728d04eb5124", "fields": {"title": "\"Egypt : a country study\". Federal Research Division, Library of Congress (US). 1991. Page 306. https://cdn.loc.gov/master/frd/frdcstdy/eg/egyptcountrystud00metz/egyptcountrystud00metz.pdf Internet Archive link: https://web.archive.org/web/20150522205010/https://cdn.loc.gov/master/frd/frdcstdy/eg/egyptcountrystud00metz/egyptcountrystud00metz.pdf", "publication": null, "publication_country": null, "published_on": "1900-01-01", "source_url": null, "date_updated": "2018-01-26T11:30:51.726Z", "date_added": "2018-01-26T11:30:51.726Z", "user": 1}}, {"model": "source.source", "pk": "617408cc-3cc8-4b18-b970-73de0fbcb0ea", "fields": {"title": "\"Egypt : a country study\". Federal Research Division, Library of Congress (US). 1991. Page 305. https://cdn.loc.gov/master/frd/frdcstdy/eg/egyptcountrystud00metz/egyptcountrystud00metz.pdf Internet Archive link: https://web.archive.org/web/20150522205010/https://cdn.loc.gov/master/frd/frdcstdy/eg/egyptcountrystud00metz/egyptcountrystud00metz.pdf", "publication": null, "publication_country": null, "published_on": "1900-01-01", "source_url": null, "date_updated": "2018-01-26T11:31:12.150Z", "date_added": "2018-01-26T11:31:12.150Z", "user": 1}}, {"model": "source.source", "pk": "a4a2b2e0-6a26-41b4-8d60-0b7a4ab08958", "fields": {"title": "\u201cThe Egyptian Military and the Fate of the Regime\u201d", "publication": "The Washington Institute for Near East Policy.", "publication_country": null, "published_on": "2011-02-03", "source_url": "http://www.washingtoninstitute.org/policy-analysis/view/the-egyptian-military-and-the-fate-of-the-regime", "date_updated": "2018-01-26T11:30:48.690Z", "date_added": "2018-01-26T11:30:48.690Z", "user": 1}}, {"model": "source.source", "pk": "01a001ae-1bad-4b55-9301-371b3ec6f692", "fields": {"title": "Hosni Mubarak's rule and downfall \u2013 timeline", "publication": "The Guardian", "publication_country": null, "published_on": "2012-06-02", "source_url": "https://www.theguardian.com/world/2012/jun/02/hosni-mubarak-rule-downfall-timeline", "date_updated": "2018-01-26T15:19:30.350Z", "date_added": "2018-01-26T15:19:30.350Z", "user": 1}}, {"model": "source.source", "pk": "15051e00-6abd-45d0-b7fd-9ed0ed058e6a", "fields": {"title": "Adly Mansour: first Egypt president to enjoy \u2018safe\u2019 exit", "publication": "Al Arabiya New", "publication_country": "Saudi Arabia", "published_on": "2014-06-04", "source_url": "https://english.alarabiya.net/en/perspective/profiles/2014/06/04/Egypt-interim-president-bids-farewell-.html", "date_updated": "2018-01-26T15:19:33.142Z", "date_added": "2018-01-26T15:19:33.143Z", "user": 1}}, {"model": "source.source", "pk": "7e6074c9-ce37-4e82-a437-1ea03e29ed7b", "fields": {"title": "Profile: Interim Egyptian President Adly Mansour", "publication": "BBC News", "publication_country": null, "published_on": "2013-07-04", "source_url": "http://www.bbc.com/news/world-middle-east-23176293", "date_updated": "2018-01-26T15:19:33.199Z", "date_added": "2018-01-26T15:19:33.199Z", "user": 1}}, {"model": "source.source", "pk": "c4b0957e-78d5-4cca-bd82-f165aa1e11aa", "fields": {"title": "Egypt's Sisi takes office to cool reception from West", "publication": "Reuters", "publication_country": null, "published_on": "2014-06-08", "source_url": "https://www.reuters.com/article/us-egypt-sisi-inauguration/egypts-sisi-takes-office-to-cool-reception-from-west-idUSKBN0EJ07P20140608", "date_updated": "2018-01-26T15:19:40.293Z", "date_added": "2018-01-26T15:19:40.293Z", "user": 1}}, {"model": "source.source", "pk": "f2ccacd1-f038-4097-a701-290bcc5b668d", "fields": {"title": "Shoukry holds bilateral talks with Ethiopian counterpart", "publication": "Daily News Egypt", "publication_country": "Egypt", "published_on": "2018-01-17", "source_url": "https://dailynewsegypt.com/2018/01/17/shoukry-holds-bilateral-talks-ethiopian-counterpart/", "date_updated": "2018-01-26T15:19:40.399Z", "date_added": "2018-01-26T15:19:40.399Z", "user": 1}}, {"model": "source.accesspoint", "pk": "beec1fd4-d0c2-41ee-a746-ba8ade046d79", "fields": {"page_number": null, "accessed_on": null, "archive_url": null, "source": "756274dd-40f7-46e8-93b9-728d04eb5124", "user": 1}}, {"model": "source.accesspoint", "pk": "6d684537-b85a-4154-ad78-e5933422e120", "fields": {"page_number": null, "accessed_on": null, "archive_url": null, "source": "617408cc-3cc8-4b18-b970-73de0fbcb0ea", "user": 1}}, {"model": "source.accesspoint", "pk": "e5cfe863-7778-4fd6-be3b-e295e8249296", "fields": {"page_number": null, "accessed_on": null, "archive_url": "https://web.archive.org/web/20161003170533/http://www.washingtoninstitute.org/policy-analysis/view/the-egyptian-military-and-the-fate-of-the-regime", "source": "a4a2b2e0-6a26-41b4-8d60-0b7a4ab08958", "user": 1}}, {"model": "source.accesspoint", "pk": "1a117f91-29eb-4da1-b6d9-a257d53a2d8e", "fields": {"page_number": null, "accessed_on": null, "archive_url": "https://web.archive.org/web/20150428093354/https://www.theguardian.com/world/2012/jun/02/hosni-mubarak-rule-downfall-timeline", "source": "01a001ae-1bad-4b55-9301-371b3ec6f692", "user": 1}}, {"model": "source.accesspoint", "pk": "51c18c5b-279d-4b18-98c6-e72d646e3708", "fields": {"page_number": null, "accessed_on": null, "archive_url": "https://web.archive.org/web/20140605150018/https://english.alarabiya.net/en/perspective/profiles/2014/06/04/Egypt-interim-president-bids-farewell-.html", "source": "15051e00-6abd-45d0-b7fd-9ed0ed058e6a", "user": 1}}, {"model": "source.accesspoint", "pk": "3319da0c-e25f-4417-91a4-27cec0809aa3", "fields": {"page_number": null, "accessed_on": null, "archive_url": "https://web.archive.org/web/20140227081147/http://www.bbc.com/news/world-middle-east-23176293", "source": "7e6074c9-ce37-4e82-a437-1ea03e29ed7b", "user": 1}}, {"model": "source.accesspoint", "pk": "1ba729d6-dc61-438c-b38c-e7d4219d7766", "fields": {"page_number": null, "accessed_on": null, "archive_url": "https://web.archive.org/article/us-egypt-sisi-inauguration/egypts-sisi-takes-office-to-cool-reception-from-west-idUSKBN0EJ07P20140608", "source": "c4b0957e-78d5-4cca-bd82-f165aa1e11aa", "user": 1}}, {"model": "source.accesspoint", "pk": "ab9dd249-8787-4dbb-8aaa-dac3c892a24c", "fields": {"page_number": null, "accessed_on": null, "archive_url": "https://web.archive.org/web/20180119205627/https://dailynewsegypt.com/2018/01/17/shoukry-holds-bilateral-talks-ethiopian-counterpart/", "source": "f2ccacd1-f038-4097-a701-290bcc5b668d", "user": 1}}, {"model": "organization.alias", "pk": 4, "fields": {"value": "SCP"}}, {"model": "organization.alias", "pk": 5, "fields": {"value": "al-majles al-a\u2018la lil shorta"}}, {"model": "organization.alias", "pk": 1909, "fields": {"value": "Higher Police Council"}}, {"model": "organization.classification", "pk": 4, "fields": {"value": "Police"}}, {"model": "organization.alias", "pk": 6, "fields": {"value": "MoI"}}, {"model": "organization.classification", "pk": 5, "fields": {"value": "State Security Investigations Services (domestic intelligence)"}}, {"model": "source.source", "pk": "5060c9a0-5a1d-4e7d-b00e-ed1749470322", "fields": {"title": "\u0642\u0648\u0627\u062a \u0627\u0644\u0623\u0645\u0646 \u0627\u0644\u0645\u0635\u0631\u064a\u0629", "publication": "Al Jazeera Arabic", "publication_country": "Qatar", "published_on": "2011-02-02", "source_url": "http://www.aljazeera.net/news/arabic/2011/2/2/%D9%82%D9%88%D8%A7%D8%AA-%D8%A7%D9%84%D8%A3%D9%85%D9%86-%D8%A7%D9%84%D9%85%D8%B5%D8%B1%D9%8A%D8%A9", "date_updated": "2017-10-28T01:28:53.961Z", "date_added": "2017-10-28T01:28:53.961Z", "user": 1}}, {"model": "source.source", "pk": "6b886700-79e2-4ce2-95f3-e1fb8e34bcc4", "fields": {"title": "\"Organizational Structure\"", "publication": "Ministry of Interior", "publication_country": "Egypt", "published_on": "2008-01-30", "source_url": "http://www.moiegypt.gov.eg:80/English/AboutMOI/OrganizationalStructure/OrganziationalStructure.htm", "date_updated": "2018-01-26T11:30:09.417Z", "date_added": "2018-01-26T11:30:09.417Z", "user": 1}}, {"model": "source.source", "pk": "4e6d904a-06dd-47e1-bf24-ae1741c1cd82", "fields": {"title": "\"Organizational Structure\"", "publication": "Ministry of Interior", "publication_country": "Egypt", "published_on": "2017-01-25", "source_url": "http://www.moiegypt.gov.eg:80/English/AboutMOI/OrganizationalStructure/OrganziationalStructure.htm", "date_updated": "2018-01-26T11:30:09.498Z", "date_added": "2018-01-26T11:30:09.498Z", "user": 1}}, {"model": "source.source", "pk": "d1d4b3ba-d2e1-4064-a00c-7c3f537c44d4", "fields": {"title": "\"Who Are Egypt's New Ministers?\"", "publication": "Atlantic Council", "publication_country": null, "published_on": "2015-03-06", "source_url": "http://www.atlanticcouncil.org/blogs/menasource/who-are-egypt-s-new-ministers", "date_updated": "2018-01-26T11:34:04.209Z", "date_added": "2018-01-26T11:34:04.209Z", "user": 1}}, {"model": "source.source", "pk": "f2b7b8b9-ac72-48ce-840a-6cab2f584cb4", "fields": {"title": "Al-Sisi praises police efforts in countering extremism amid major nationwide ministry reshuffle", "publication": "Daily News Egypt", "publication_country": "Egypt", "published_on": "2017-07-30", "source_url": "https://dailynewsegypt.com/2017/07/30/al-sisi-praises-police-efforts-countering-extremism-amid-major-nationwide-ministry-reshuffle/", "date_updated": "2018-01-26T15:19:40.619Z", "date_added": "2018-01-26T15:19:40.619Z", "user": 1}}, {"model": "source.source", "pk": "00882cff-b7bf-49eb-8dd4-126113c3e562", "fields": {"title": "Egypt interior minister reviews security plans ahead of Coptic Christmas", "publication": "Ahram Online", "publication_country": "Egypt", "published_on": "2018-01-04", "source_url": "http://english.ahram.org.eg/NewsContent/1/64/286592/Egypt/Politics-/Egypt-interior-minister-reviews-security-plans-ahe.aspx", "date_updated": "2018-01-26T15:21:58.107Z", "date_added": "2018-01-26T15:21:58.107Z", "user": 1}}, {"model": "source.accesspoint", "pk": "8a973777-bcbb-4593-a8c9-1c4985e5dc10", "fields": {"page_number": null, "accessed_on": null, "archive_url": "https://web.archive.org/web/20160306053625/http://www.aljazeera.net/news/arabic/2011/2/2/%D9%82%D9%88%D8%A7%D8%AA-%D8%A7%D9%84%D8%A3%D9%85%D9%86-%D8%A7%D9%84%D9%85%D8%B5%D8%B1%D9%8A%D8%A9", "source": "5060c9a0-5a1d-4e7d-b00e-ed1749470322", "user": 1}}, {"model": "source.accesspoint", "pk": "edf1e858-ddab-4eae-9767-30a204ed0831", "fields": {"page_number": null, "accessed_on": null, "archive_url": "https://web.archive.org/web/20080130121232/http://www.moiegypt.gov.eg:80/English/AboutMOI/OrganizationalStructure/OrganziationalStructure.htm", "source": "6b886700-79e2-4ce2-95f3-e1fb8e34bcc4", "user": 1}}, {"model": "source.accesspoint", "pk": "2b9213db-1846-44c5-8f4e-0184029befe7", "fields": {"page_number": null, "accessed_on": null, "archive_url": "https://web.archive.org/web/20170125203123/http://www.moiegypt.gov.eg:80/English/AboutMOI/OrganizationalStructure/OrganziationalStructure.htm", "source": "4e6d904a-06dd-47e1-bf24-ae1741c1cd82", "user": 1}}, {"model": "source.accesspoint", "pk": "07ac53ff-cf5f-4dd8-9be0-011c77333a98", "fields": {"page_number": null, "accessed_on": null, "archive_url": "https://web.archive.org/web/20180119190915/http://www.atlanticcouncil.org/blogs/menasource/who-are-egypt-s-new-ministers", "source": "d1d4b3ba-d2e1-4064-a00c-7c3f537c44d4", "user": 1}}, {"model": "source.accesspoint", "pk": "f918e9ea-4c93-4ca6-abb8-b1488d518d77", "fields": {"page_number": null, "accessed_on": null, "archive_url": "https://web.archive.org/web/20170804102512/https://dailynewsegypt.com/2017/07/30/al-sisi-praises-police-efforts-countering-extremism-amid-major-nationwide-ministry-reshuffle/", "source": "f2b7b8b9-ac72-48ce-840a-6cab2f584cb4", "user": 1}}, {"model": "source.accesspoint", "pk": "f61d1586-e970-4277-9722-00d19e82a4c2", "fields": {"page_number": null, "accessed_on": null, "archive_url": "https://web.archive.org/web/20180104201852/http://english.ahram.org.eg/NewsContent/1/64/286592/Egypt/Politics-/Egypt-interior-minister-reviews-security-plans-ahe.aspx", "source": "00882cff-b7bf-49eb-8dd4-126113c3e562", "user": 1}}, {"model": "auth.user", "pk": 1, "fields": {"password": "pbkdf2_sha256$24000$F3HbMtZ32JrG$eF1tT3GLlmREsYoFLgzDi++QDi5AhjL5frqWw9vWx9A=", "last_login": null, "is_superuser": false, "username": "importer", "first_name": "", "last_name": "", "email": "importer@importer.com", "is_staff": false, "is_active": true, "date_joined": "2017-10-10T23:42:13.494Z", "groups": [], "user_permissions": []}}]