[{"model": "organization.organization", "pk": 1, "fields": {"uuid": "8fce1591-fa99-4707-b544-5b0bd22e573f"}}, {"model": "organization.organization", "pk": 2, "fields": {"uuid": "4d3fa43e-4ef7-45ad-86f9-c3903ad0fe09"}}, {"model": "organization.organization", "pk": 3, "fields": {"uuid": "fe2b818e-66ba-4bc4-9d05-34df066fed10"}}, {"model": "organization.organization", "pk": 4, "fields": {"uuid": "223d7e1a-de6e-43d4-9502-379287b45863"}}, {"model": "organization.organization", "pk": 5, "fields": {"uuid": "20689bad-690a-4edf-a4da-feebe9c6f6d6"}}, {"model": "organization.organization", "pk": 6, "fields": {"uuid": "2063f738-8dce-4561-ab21-53df422e88b2"}}, {"model": "organization.organization", "pk": 7, "fields": {"uuid": "1446ca4f-1453-4e07-b907-de3a92788739"}}, {"model": "organization.organization", "pk": 8, "fields": {"uuid": "5a3e3f36-c950-4b38-b14d-ee9f4f6eaa6b"}}, {"model": "organization.organization", "pk": 9, "fields": {"uuid": "dd26ae23-f906-4c3d-b986-c9ed2b540287"}}, {"model": "organization.organization", "pk": 10, "fields": {"uuid": "294ff41f-2d31-4ca8-abac-0fe9d2845ba4"}}, {"model": "organization.organizationalias", "pk": 3, "fields": {"lang": "en", "confidence": "2", "object_ref": 1, "value": 3, "sources": ["0da05389-2aa2-4136-b5bb-e3f15fa4d823", "11be2822-f974-4234-93ad-8921317bd936", "44baa6de-a2f8-4ebb-a37b-01549249a95c"], "accesspoints": ["2c2b6d3a-9c0d-4340-a01b-ce59cafefef7", "9b0bde51-2613-47aa-a72e-36db752b5d8a", "50627f3a-8eb1-41a7-8c58-3f86b8fa891f"]}}, {"model": "organization.organizationalias", "pk": 2, "fields": {"lang": "en", "confidence": "1", "object_ref": 1, "value": 2, "sources": [], "accesspoints": []}}, {"model": "organization.organizationalias", "pk": 1, "fields": {"lang": "en", "confidence": "1", "object_ref": 1, "value": 1, "sources": [], "accesspoints": []}}, {"model": "organization.organizationclassification", "pk": 1, "fields": {"lang": "en", "confidence": "1", "object_ref": 1, "value": 1, "sources": [], "accesspoints": []}}, {"model": "organization.organizationclassification", "pk": 2, "fields": {"lang": "en", "confidence": "3", "object_ref": 1, "value": 2, "sources": ["84c01ec7-6bbc-4fa4-98c8-6ea465781be3", "ffebee2c-d0ff-4a59-8414-4ee489b020bf", "7f2a63da-e19f-4c5a-97ee-44326362879f", "8f3e67c2-2103-4e7c-9d4d-2b0905905684", "bf5c82c7-f4ee-404b-88b8-60b38f120d16", "d1f5d4f0-0c6b-4dd8-81c5-22e706fe3c30"], "accesspoints": ["352ceb2d-bea6-42bf-83a4-466c606ac05d", "21825123-255d-4c9f-9e1e-af1541b34b60", "af201bb4-1776-46fa-a255-e67d6edec032", "d0e80d03-f002-4bc7-81d4-74e3a7468ec9", "4459369b-aaa5-472c-ae95-e08bbd633366", "6bfd549a-564b-423b-b358-74e69221e294"]}}, {"model": "organization.organizationdivisionid", "pk": 1, "fields": {"lang": null, "confidence": "1", "object_ref": 1, "value": "ocd-division/country:ng", "sources": ["1b0cd55a-d945-4e18-99de-a5b8454c8012", "1faf8c83-66ca-4a23-9942-79d58ec283fa", "27f7c7c2-8c9c-4426-87ee-5f32166a7bb6", "31b2be69-c052-4144-9309-4ea5e0c87101", "a4d60946-0efe-4141-acb9-b37cce8390ab", "f3536809-5721-4f86-874b-f46fbe10aacb"], "accesspoints": ["b3385f8c-a07f-4135-bf92-ba719d5764dd", "9a7a5703-5a36-4ed9-9424-9b21dc8e4267", "34765c57-da77-42c2-9229-03d1b1d22344", "ad90b159-249c-44dd-8482-20e331a4988a", "3c2d4d53-4643-4b18-b6ce-3824942da1be", "29b3eb40-8889-4b7a-ae62-aca1aac2e68f"]}}, {"model": "organization.organizationname", "pk": 1, "fields": {"lang": "en", "confidence": "2", "object_ref": 1, "value": "1 Battalion", "sources": ["d091e24f-7e44-45f4-b9ca-29f6aec0887e", "55621b05-bea1-4bd4-8d7a-c35d0382375e"], "accesspoints": ["136a8094-9f19-4798-bfc4-2d479b9aceda", "49b96027-c942-4718-a0d3-26c2d1926b6c"]}}, {"model": "organization.organizationalias", "pk": 4, "fields": {"lang": "en", "confidence": "1", "object_ref": 2, "value": 4, "sources": [], "accesspoints": []}}, {"model": "organization.organizationalias", "pk": 5, "fields": {"lang": "en", "confidence": "1", "object_ref": 2, "value": 5, "sources": [], "accesspoints": []}}, {"model": "organization.organizationalias", "pk": 6, "fields": {"lang": "en", "confidence": "1", "object_ref": 2, "value": 6, "sources": [], "accesspoints": []}}, {"model": "organization.organizationalias", "pk": 7, "fields": {"lang": "en", "confidence": "1", "object_ref": 2, "value": 7, "sources": [], "accesspoints": []}}, {"model": "organization.organizationalias", "pk": 8, "fields": {"lang": "en", "confidence": "1", "object_ref": 2, "value": 8, "sources": [], "accesspoints": []}}, {"model": "organization.organizationalias", "pk": 9, "fields": {"lang": "en", "confidence": "2", "object_ref": 2, "value": 9, "sources": ["c285d5f5-317a-48be-8347-3ce70cccb0d0", "553b0f78-8ab7-47a4-bf8e-3e9a70561233", "5d824cb6-5a65-42db-ac43-4f0993770407", "6209f57b-9876-4205-8b74-a7789dbc3719", "ae011f74-d258-4f17-b90e-de20d3fcba8b", "b9760e40-165b-4f08-9ab3-a907f7a9c7ab", "d1fb6ac8-ce5b-4774-82d9-da38a659d36c"], "accesspoints": ["b49bcba0-360d-49b0-8482-712f12afa591", "12289445-2053-486a-8aca-0cb738a321e8", "d43183fb-0423-4ef6-b471-57dee8047e32", "dd1f239b-5cbf-4675-89d0-eac479cf75ed", "b53acc1d-f097-44c9-b647-6bc94f0d76b3", "46767623-b12a-4f92-a074-178e49a2e086", "e84d81f8-7027-4843-8db5-ce7864f3be8d"]}}, {"model": "organization.organizationclassification", "pk": 3, "fields": {"lang": "en", "confidence": "1", "object_ref": 2, "value": 1, "sources": [], "accesspoints": []}}, {"model": "organization.organizationclassification", "pk": 4, "fields": {"lang": "en", "confidence": "3", "object_ref": 2, "value": 2, "sources": ["0e3e6003-5358-4021-a8cb-b2dbf1e8141d", "3635c817-b026-4af8-a927-bcae2501016b", "9894cbe8-bf34-4b66-b2a2-62e022609d34", "aa9cbca9-ae18-4236-805e-b9a59a1dc1f4"], "accesspoints": ["39336376-3751-4a53-8d9b-de81380657a2", "91814d55-a8f3-409b-a07d-f9609efcedb2", "7d7ec573-2396-4728-a57f-784f11dabc80", "9e218491-52b4-46ee-8153-a5314a92f734"]}}, {"model": "organization.organizationdivisionid", "pk": 2, "fields": {"lang": null, "confidence": "3", "object_ref": 2, "value": "ocd-division/country:ng", "sources": ["0c497010-78cc-433d-bd8f-fa6c879d107a", "125a8e41-06fd-45c9-8b32-2c1ac48c303a", "649202c0-a93b-4e9f-bc82-d72183e46406", "75241415-0082-4d01-8c51-f39d09df4f23", "a6be39a1-f893-4746-8439-648bab58b211", "de514bca-a1fb-4e0a-b507-e5f8ec47f1ce"], "accesspoints": ["be600c2f-7d8d-446d-be3e-df81cc24c401", "13c7a5bf-e8cd-4128-be6d-1fd9a5275a75", "52767318-1d7e-47e7-934f-1d96902dd73f", "c34b6b76-c9d9-4940-8dbf-068265e3f682", "538d6b21-9546-4b7b-93f7-c79f055e6363", "cabe1403-d57f-46fd-a3b4-e644111019af"]}}, {"model": "organization.organizationname", "pk": 2, "fields": {"lang": "en", "confidence": "1", "object_ref": 2, "value": "1 Brigade", "sources": ["6b030f2f-0e85-48f0-97c7-b6637ac2098e"], "accesspoints": ["9fbb70f7-9895-4039-a535-cf00149c190d"]}}, {"model": "organization.organizationalias", "pk": 458, "fields": {"lang": "en", "confidence": "3", "object_ref": 3, "value": 443, "sources": ["8f2f8161-fb2d-4645-9166-1eed4059a625"], "accesspoints": ["f5c076e4-4496-4792-a6ee-3da394864ff3"]}}, {"model": "organization.organizationclassification", "pk": 463, "fields": {"lang": "en", "confidence": "3", "object_ref": 3, "value": 16, "sources": ["f2a7f8a0-2459-4697-bc3c-da1082854f77"], "accesspoints": ["8adae189-4d05-46df-97ae-c10db79f42ee"]}}, {"model": "organization.organizationdivisionid", "pk": 292, "fields": {"lang": null, "confidence": "1", "object_ref": 3, "value": "ocd-division/country:ng", "sources": ["b8596001-57d4-4305-8eb4-9e84a86277a4", "a3e95274-837f-4169-a0c7-2ab4b9d199e4", "46c6ac37-c54a-4abb-ac93-03c408b4b698"], "accesspoints": ["48b133f3-c006-467c-ab3a-d4c813c789aa", "8c061ffa-9bb7-4784-8140-6a3f05ed9de4", "f22e7e7f-ff63-43ed-b0c9-74a5d714a591"]}}, {"model": "organization.organizationname", "pk": 3, "fields": {"lang": "en", "confidence": "3", "object_ref": 3, "value": "United Nations Mission in Liberia", "sources": ["61a882af-cd1d-4db1-826f-abaf4def4581", "b5d0d744-7415-49d3-92fd-62d93e8a5f91", "d3cc7066-87fe-4830-a72b-2958554883b4"], "accesspoints": ["8d139f84-c5cd-495c-81e2-2f8c016d1038", "3deeab7c-22b9-4d57-8864-bf93a92bc293", "9b37e90b-c8ad-4216-8c30-2580ab8dee9c"]}}, {"model": "organization.organizationalias", "pk": 16, "fields": {"lang": "en", "confidence": "3", "object_ref": 4, "value": 16, "sources": ["14262623-cf3c-45df-a42f-b90d34e41665", "0261ba05-3269-496e-a6eb-826a3ded6a26", "0a0cb0eb-4c97-4239-9fce-bc89614605ef", "14d819d1-ee30-4d5e-89f0-352790534aa8", "2d205a40-e9b5-4360-bac0-a5914ed5e3f2", "461918a9-4823-4f58-b370-d8b2b175bd0e", "5ad417c6-85dd-4e01-b2f7-6562acb4a150", "60ef8f06-fd1f-4b63-acc1-5a6ce0a28a0f", "691064be-7c4b-4af3-8acb-1cd1608225ec", "87ec1022-4bb6-425c-b513-7cb77729ead8", "91d03ee6-3c0b-4e8c-b63c-a76e3483bf79", "b546b85e-9ccd-4d4f-818f-e0d970a79df3", "d3385f0a-7131-456e-a5b3-88f7456f98e7"], "accesspoints": ["7bf370c5-4c66-4339-8e61-b180f9852061", "316d2bc5-2f35-4e86-a170-7e1a9018b2f3", "0a953df7-d9ac-407b-a35f-0997a148a534", "744e2413-6a98-4d99-8cc6-f9d41927c383", "71b99668-61a2-4a8d-95fa-f0c8bec023c5", "7f0f86e8-eb37-4c67-9d32-a2907e1a2943", "31ad567a-ece7-470f-90ad-fa975e68dade", "9026e441-e95b-4995-8aee-32de12e9bf76", "38a82159-0071-409e-bff2-581a56a8e4e2", "29cfa4b3-657c-4c05-aab1-94ae211fd1ce", "77db2937-ae59-4069-a72a-22c07a924092", "5d5ea096-84f1-4d87-bad1-be0f58112ad6", "c775561c-b8a8-4734-b22e-0e6fa864ed0a"]}}, {"model": "organization.organizationalias", "pk": 15, "fields": {"lang": "en", "confidence": "1", "object_ref": 4, "value": 15, "sources": [], "accesspoints": []}}, {"model": "organization.organizationalias", "pk": 14, "fields": {"lang": "en", "confidence": "1", "object_ref": 4, "value": 14, "sources": [], "accesspoints": []}}, {"model": "organization.organizationalias", "pk": 13, "fields": {"lang": "en", "confidence": "1", "object_ref": 4, "value": 13, "sources": [], "accesspoints": []}}, {"model": "organization.organizationalias", "pk": 12, "fields": {"lang": "en", "confidence": "1", "object_ref": 4, "value": 12, "sources": [], "accesspoints": []}}, {"model": "organization.organizationclassification", "pk": 11, "fields": {"lang": "en", "confidence": "1", "object_ref": 4, "value": 1, "sources": [], "accesspoints": []}}, {"model": "organization.organizationclassification", "pk": 12, "fields": {"lang": "en", "confidence": "3", "object_ref": 4, "value": 2, "sources": ["12b4c2e2-da39-401e-98be-912ef7df5d84", "4cc5ede7-c9bf-422e-ad30-379a1a39f7d6", "59b19178-9d15-452c-a4b1-f62a197036da", "5a05e71c-24a2-4a18-9fa7-49272347f8ec", "97e12e59-8023-4191-ba2b-6af9917bb4f9", "cd48b5e3-034b-49c3-9f95-f9b10254e925", "d02ab5a8-7c74-4ec2-8634-ec88d4eb4543", "f15889b7-1ccf-416e-9544-28a6d03d22fe"], "accesspoints": ["18f91bae-0cf1-40ae-9906-3d7386acae2e", "3a826aae-cbe1-4ce7-b1ce-0db64eb44e87", "3f8c07d8-5458-4582-9c19-d6f837f77869", "ad75d866-ef60-4daf-9b85-5949166d688f", "12fc3d7e-559e-4437-a66a-fdb17ee7cf2c", "f42ee779-2640-4e3a-994f-dcdff2789e64", "6fc7fa27-f06e-4b7c-87bb-991dc4d35a99", "21927e32-d5be-439b-903c-25186c318059"]}}, {"model": "organization.organizationdivisionid", "pk": 6, "fields": {"lang": null, "confidence": "3", "object_ref": 4, "value": "ocd-division/country:ng", "sources": ["1b57a045-455f-4bdb-b8cb-3582c9273a37", "1dbb0fee-01db-49da-b2fa-41f455e869be", "2c80aba1-952c-4a30-9e23-415d1a6f63cc", "4820ce5b-d9bd-4c52-a476-4d824553fa58", "8477d993-4ab8-4a57-ab6d-8deee7bd6aea", "a4301249-a429-4f29-8479-1670770ecdd7", "be15a880-042b-4474-ba6e-815e03ee3905"], "accesspoints": ["e6c77233-628f-4beb-a566-0b5695448b63", "96f3315f-b68e-4174-bf98-9f8764c190ab", "be4e6e2c-7ca8-4025-bf3f-64e83c1d162c", "fe049b35-b3c2-48ef-a8e5-57f2e7f863c1", "5ba3f288-3d72-48eb-bb52-60bd44a1456e", "3c8a9416-a783-4327-8515-04b21e49fcab", "1b973c04-e21f-45ff-92ce-a12c6c8f94ad"]}}, {"model": "organization.organizationname", "pk": 4, "fields": {"lang": "en", "confidence": "2", "object_ref": 4, "value": "1 Mechanised Division", "sources": ["c285d5f5-317a-48be-8347-3ce70cccb0d0"], "accesspoints": ["b49bcba0-360d-49b0-8482-712f12afa591"]}}, {"model": "organization.organizationname", "pk": 5, "fields": {"lang": "en", "confidence": "1", "object_ref": 5, "value": "Operation Restore Peace", "sources": ["f526b366-cee3-49c0-8e64-72e3ad6a346f"], "accesspoints": ["6f7ea894-718e-443b-8a39-cc064c19e1e7"]}}, {"model": "organization.organizationalias", "pk": 553, "fields": {"lang": "en", "confidence": "1", "object_ref": 6, "value": 537, "sources": ["626d4e7f-00c9-43ef-a88f-4a70fe119e2a"], "accesspoints": ["53a6c8d9-9821-42da-b7b2-9126abb49991"]}}, {"model": "organization.organizationalias", "pk": 552, "fields": {"lang": "en", "confidence": "2", "object_ref": 6, "value": 536, "sources": ["35620841-b99e-4bd8-b074-522592797fba", "570efa26-14ac-4224-8dbd-41ef35ed1ec9", "5e8aace9-f4c7-4b0d-9e4e-4364331d68e7", "6ff158e2-5536-4f9f-a2c4-fbe3ce690cda", "d1eb6b33-7e85-4bb3-acdf-f9d3f52c42a6"], "accesspoints": ["bf8887b0-47d2-49d1-8881-7d81706d0d18", "581140d1-1585-43da-b4ae-f94913a1f8e1", "afd67a3c-a46d-4abf-a103-50b6c5d273e7", "fd58dd1e-6411-4e06-b6ab-524340042b65", "742ae09f-57ff-4817-8830-10e8d1efd57c"]}}, {"model": "organization.organizationalias", "pk": 551, "fields": {"lang": "en", "confidence": "1", "object_ref": 6, "value": 535, "sources": [], "accesspoints": []}}, {"model": "organization.organizationalias", "pk": 550, "fields": {"lang": "en", "confidence": "1", "object_ref": 6, "value": 534, "sources": [], "accesspoints": []}}, {"model": "organization.organizationclassification", "pk": 594, "fields": {"lang": "en", "confidence": "1", "object_ref": 6, "value": 9, "sources": [], "accesspoints": []}}, {"model": "organization.organizationclassification", "pk": 595, "fields": {"lang": "en", "confidence": "1", "object_ref": 6, "value": 11, "sources": [], "accesspoints": []}}, {"model": "organization.organizationclassification", "pk": 596, "fields": {"lang": "en", "confidence": "1", "object_ref": 6, "value": 10, "sources": [], "accesspoints": []}}, {"model": "organization.organizationclassification", "pk": 597, "fields": {"lang": "en", "confidence": "1", "object_ref": 6, "value": 13, "sources": ["fdb486fc-93c8-43a9-b75b-680a3981ca5f"], "accesspoints": ["b22c8043-c8f9-460e-b9a7-75b530c8e509"]}}, {"model": "organization.organizationdivisionid", "pk": 403, "fields": {"lang": null, "confidence": "1", "object_ref": 6, "value": "ocd-division/country:ng", "sources": ["3aed4cd1-f7a4-4302-ad4d-ec93cdcd4c68", "5bb6cfbb-5ac5-47e0-86a5-2e78df8050cd", "7b6ad1fe-dcdf-44de-aaa5-30590576dcfd", "867e8c84-02e9-422f-8b44-7a03bf5fa14e", "9c54015f-bb12-4b76-9c99-4050a30cc8ef", "ad1a39a6-a79a-4d5f-8246-9a3c644ca1a2"], "accesspoints": ["02f3ecf2-69f4-44b9-98e8-58bb2c95c319", "e2322176-e1f1-437a-b068-3edbc1893f4b", "abda1eba-48ce-4692-a7da-b08d55218c40", "d54a1232-56de-4ff3-8fe0-77e0f9206a93", "37d7ebf7-06a5-4fd2-80a8-23c18f12a0d1", "b63fb59b-de02-4336-80ef-7ddfb370c256"]}}, {"model": "organization.organizationname", "pk": 6, "fields": {"lang": "en", "confidence": "1", "object_ref": 6, "value": "Special Task Force", "sources": ["48d878fb-9d98-4a66-9f44-7113e99211ca", "5aa06400-de4a-4703-b56a-2f23e116903a", "788833c1-68bf-44a5-bc75-555e4e129ca9", "bd92fea9-6baf-4ecc-ad40-4aab811ae0b1", "d64f688a-285e-48f1-b793-02db136b3999", "f62104a2-b73a-44c2-9665-64dc386ef586"], "accesspoints": ["aa5d2d2c-0148-4763-acc4-2f827afb5d9f", "dc5805e7-9155-4f68-ab9c-1b4a3b4a4d9b", "d1a7d4e5-bcda-4f79-87e0-5f9b8d428c4e", "9311caae-db45-45ea-b49c-cad7a48eb554", "6eba20e4-57d6-46f0-8b14-6ff559f9ad80", "0b313931-2765-48ff-b544-ccdcf6409737"]}}, {"model": "organization.organizationclassification", "pk": 479, "fields": {"lang": "en", "confidence": "1", "object_ref": 7, "value": 1, "sources": [], "accesspoints": []}}, {"model": "organization.organizationclassification", "pk": 480, "fields": {"lang": "en", "confidence": "1", "object_ref": 7, "value": 2, "sources": ["3ace9aca-8d42-4e5f-ade7-921d5b47fc3b", "72276860-f733-4746-880e-eea894f038a5", "c1d0c5c0-1586-4e6f-8ba8-303f38f3db68"], "accesspoints": ["b4dd2a89-1d76-4fd6-a28e-f001e838dd8e", "5ef30829-7ca7-4897-b86c-302902af491a", "61312dbf-3f7c-4497-8dc0-3c5531bbb859"]}}, {"model": "organization.organizationdivisionid", "pk": 302, "fields": {"lang": null, "confidence": "1", "object_ref": 7, "value": "ocd-division/country:ng", "sources": ["c001550b-f784-4e58-a849-fc303f767aae", "7ece118e-27ce-4b34-9a1b-58687d1f3726", "53f129c6-5de5-45c3-ab91-91e356122ef4"], "accesspoints": ["719cf243-2f59-4765-ad81-7b695273e05f", "c9bb716c-6014-437e-91ed-ec1ff3b54fa8", "d7926474-f506-4835-8f1f-f0d8e06ef053"]}}, {"model": "organization.organizationname", "pk": 7, "fields": {"lang": "en", "confidence": "1", "object_ref": 7, "value": "Unknown Nigerian Army Division", "sources": ["57096c0a-be9f-4c7a-a076-167e199e92cb", "580591a8-1ccf-4f5b-aae2-4c6abbfff601", "b49ddbe6-4a59-4b11-b320-16d446bd3276"], "accesspoints": ["00974c24-9c1e-45ea-b353-7bb31d3bfcee", "ae553cf6-c672-473e-97d8-e804b37e0b55", "8536c432-49a8-482f-8eef-d7b6ddca037a"]}}, {"model": "organization.organizationname", "pk": 8, "fields": {"lang": "en", "confidence": "1", "object_ref": 8, "value": "Nigerian Battalion 36 (UNMIL)", "sources": ["3546287f-ebd7-428e-b9fd-b32b02cc9b2e"], "accesspoints": ["b3057782-9f53-4b68-b670-dc3dd91b4b3e"]}}, {"model": "organization.organizationclassification", "pk": 5, "fields": {"lang": "en", "confidence": "1", "object_ref": 9, "value": 1, "sources": [], "accesspoints": []}}, {"model": "organization.organizationclassification", "pk": 6, "fields": {"lang": "en", "confidence": "1", "object_ref": 9, "value": 2, "sources": ["189c24df-2db9-462a-ad97-c4a0dc5f49f4", "a0a63b3b-f6d0-41cb-8d9c-ec17cb2c099b"], "accesspoints": ["905cd64d-d550-4b6e-a9da-57ad662144b3", "6541360d-cabb-4cdc-bcc5-8b2534709328"]}}, {"model": "organization.organizationdivisionid", "pk": 3, "fields": {"lang": null, "confidence": "1", "object_ref": 9, "value": "ocd-division/country:ng", "sources": ["f45c9561-7769-4826-9286-a69007894249", "06f4d4a3-9791-4a76-a11b-3632c90e4b23"], "accesspoints": ["a0e2c178-8727-4ae4-8285-103241700e5f", "ac1dd519-f594-44f6-bda6-7f6ed54d5ee8"]}}, {"model": "organization.organizationname", "pk": 9, "fields": {"lang": "en", "confidence": "1", "object_ref": 9, "value": "1 Brigade Garrison", "sources": ["4f732a14-68ea-447c-bfde-24599481c1c0", "4a2ed2ab-3285-4b24-b433-ea97307b9987"], "accesspoints": ["3bf65b76-1287-46b6-bf3c-52fa31402081", "cb92c4a7-9ec7-4197-9233-7b43dd8fe737"]}}, {"model": "organization.organizationclassification", "pk": 7, "fields": {"lang": "en", "confidence": "1", "object_ref": 10, "value": 1, "sources": [], "accesspoints": []}}, {"model": "organization.organizationclassification", "pk": 8, "fields": {"lang": "en", "confidence": "2", "object_ref": 10, "value": 2, "sources": ["0ce2f0a2-9c32-45f5-9d2c-cc48a33ea7b0", "22f6162e-5578-470c-8e07-27b86a3fc2aa", "9b4eeda7-1ae5-416e-919b-94d901ee932d", "a97221bc-7beb-45df-97fd-8c58f4b93d68"], "accesspoints": ["f1d03bee-4996-4964-a92f-18417c7b633e", "ec8bc0aa-3733-4fd9-a542-472859aa8315", "4265fccc-7d27-4b6a-8e50-174739a227ea", "932fb8da-1a10-4b3b-a0dc-b188c0c052cb"]}}, {"model": "organization.organizationdivisionid", "pk": 4, "fields": {"lang": null, "confidence": "1", "object_ref": 10, "value": "ocd-division/country:ng", "sources": ["047aed01-ad5f-491b-9332-00984697e5ad", "1faf8c83-66ca-4a23-9942-79d58ec283fa", "5565e71d-bb95-4ad4-b16b-fec3135167ee", "6eb93401-24c1-4758-a800-19188513c131", "ee624389-b5d3-4c15-b448-87d40567f197"], "accesspoints": ["f0bc503d-8345-485a-b0d4-2a94bcfc31e6", "9a7a5703-5a36-4ed9-9424-9b21dc8e4267", "dd26f8bf-6a7e-4694-a93b-5536d4d364c5", "bda4564c-1ea0-4e14-b360-01ca3063a5cb", "3f6d58da-3c46-4be7-9ab6-74fc81b3736c"]}}, {"model": "organization.organizationname", "pk": 10, "fields": {"lang": "en", "confidence": "1", "object_ref": 10, "value": "1 Division Garrison", "sources": ["091b8160-4f86-4dfb-bff0-1c8821f9cdd0", "17a7faca-fd61-44b3-a3ea-4859b0f83d07", "28778088-4005-4ba5-b1fc-f0b942fe274f", "84dc0948-0411-4924-a7ed-8c9f134af7fe", "bca93104-9f0e-47bf-9345-f9984ad9912e"], "accesspoints": ["03f27b35-94a7-495a-abb4-f4481e3e822e", "3860252c-a37f-42f3-94de-b809197520a7", "62e01f4b-2f7b-4e23-86b6-41f4e9f1b444", "91dedb3c-33d2-4464-a6ed-fb23be004d2e", "e0b27d1a-b516-44fc-ae0e-d53a1abda761"]}}, {"model": "organization.alias", "pk": 3, "fields": {"value": " One Battalion"}}, {"model": "source.source", "pk": "0da05389-2aa2-4136-b5bb-e3f15fa4d823", "fields": {"title": "Soldiers Seek More Funding for Peace Missions", "publication": "Vanguard", "publication_country": null, "published_on": "2011-05-19", "source_url": "http://www.vanguardngr.com/2011/05/soldiers-seek-more-funding-for-peace-missions/", "date_updated": "2016-12-15T15:55:01.173Z", "date_added": "2016-12-15T15:55:01.173Z", "user": 1}}, {"model": "source.source", "pk": "11be2822-f974-4234-93ad-8921317bd936", "fields": {"title": "How JTF Exhumed the Body of John Togo", "publication": "Vanguard", "publication_country": null, "published_on": "2011-06-04", "source_url": "http://www.vanguardngr.com/2011/06/how-jtf-exhumed-the-body-of-john-togo/", "date_updated": "2016-12-15T15:43:31.425Z", "date_added": "2016-12-15T15:43:31.425Z", "user": 1}}, {"model": "source.source", "pk": "44baa6de-a2f8-4ebb-a37b-01549249a95c", "fields": {"title": "Deputy Gov Commends Army", "publication": "This Day", "publication_country": null, "published_on": "2007-08-12", "source_url": "http://allafrica.com/stories/200708130965.html", "date_updated": "2016-12-15T15:42:47.758Z", "date_added": "2016-12-15T15:42:47.758Z", "user": 1}}, {"model": "source.accesspoint", "pk": "2c2b6d3a-9c0d-4340-a01b-ce59cafefef7", "fields": {"page_number": null, "accessed_on": null, "archive_url": null, "source": "0da05389-2aa2-4136-b5bb-e3f15fa4d823", "user": 1}}, {"model": "source.accesspoint", "pk": "9b0bde51-2613-47aa-a72e-36db752b5d8a", "fields": {"page_number": null, "accessed_on": null, "archive_url": null, "source": "11be2822-f974-4234-93ad-8921317bd936", "user": 1}}, {"model": "source.accesspoint", "pk": "50627f3a-8eb1-41a7-8c58-3f86b8fa891f", "fields": {"page_number": null, "accessed_on": null, "archive_url": null, "source": "44baa6de-a2f8-4ebb-a37b-01549249a95c", "user": 1}}, {"model": "organization.alias", "pk": 2, "fields": {"value": " 1st Battalion "}}, {"model": "organization.alias", "pk": 1, "fields": {"value": "1 Battalion Army "}}, {"model": "organization.classification", "pk": 1, "fields": {"value": "Army "}}, {"model": "organization.classification", "pk": 2, "fields": {"value": " Military"}}, {"model": "source.source", "pk": "84c01ec7-6bbc-4fa4-98c8-6ea465781be3", "fields": {"title": "Policeman Kills Wife and Another Woman", "publication": "Vanguard", "publication_country": null, "published_on": "2013-01-17", "source_url": "http://www.vanguardngr.com/2013/01/policeman-kills-wife-another-woman/", "date_updated": "2016-12-15T15:45:15.115Z", "date_added": "2016-12-15T15:45:15.115Z", "user": 1}}, {"model": "source.source", "pk": "ffebee2c-d0ff-4a59-8414-4ee489b020bf", "fields": {"title": "Dismissed Policeman Bags One Year for Impersonation", "publication": "Leadership", "publication_country": null, "published_on": "2012-02-17", "source_url": "http://allafrica.com/stories/201202170580.html", "date_updated": "2016-12-15T15:50:31.448Z", "date_added": "2016-12-15T15:50:31.448Z", "user": 1}}, {"model": "source.source", "pk": "7f2a63da-e19f-4c5a-97ee-44326362879f", "fields": {"title": "LAGOS POLICE COMMAND", "publication": "Nigeria Police Force. http://www.npf.gov.ng/ZoneDetails?id=Lagos", "publication_country": null, "published_on": "2014-08-27", "source_url": "https://web.archive.org/web/20150316004607/http://npf.gov.ng/ZoneDetails?id=Lagos", "date_updated": "2016-12-15T15:45:12.101Z", "date_added": "2016-12-15T15:45:12.101Z", "user": 1}}, {"model": "source.source", "pk": "8f3e67c2-2103-4e7c-9d4d-2b0905905684", "fields": {"title": "Army Committed to Fight Against Oil Theft - JTF Commander", "publication": "Daily Trust", "publication_country": null, "published_on": "2013-09-20", "source_url": "http://allafrica.com/stories/201309200928.html", "date_updated": "2016-12-15T15:55:15.777Z", "date_added": "2016-12-15T15:55:15.777Z", "user": 1}}, {"model": "source.source", "pk": "bf5c82c7-f4ee-404b-88b8-60b38f120d16", "fields": {"title": "Army Commander Hails Governor Osunbor", "publication": "Vanguard", "publication_country": null, "published_on": "2008-09-08", "source_url": "http://allafrica.com/stories/200809080252.html", "date_updated": "2016-12-15T15:54:24.171Z", "date_added": "2016-12-15T15:54:24.171Z", "user": 1}}, {"model": "source.source", "pk": "d1f5d4f0-0c6b-4dd8-81c5-22e706fe3c30", "fields": {"title": "Nigeria Army gives free medical service to Minna community", "publication": "news Agency of Nigeria", "publication_country": null, "published_on": "2015-07-07", "source_url": "http://nannewsnigeria.com/nigeria-army-gives-free-medical-service-minna-community", "date_updated": "2016-12-15T15:42:49.507Z", "date_added": "2016-12-15T15:42:49.507Z", "user": 1}}, {"model": "source.accesspoint", "pk": "352ceb2d-bea6-42bf-83a4-466c606ac05d", "fields": {"page_number": null, "accessed_on": null, "archive_url": null, "source": "84c01ec7-6bbc-4fa4-98c8-6ea465781be3", "user": 1}}, {"model": "source.accesspoint", "pk": "21825123-255d-4c9f-9e1e-af1541b34b60", "fields": {"page_number": null, "accessed_on": null, "archive_url": null, "source": "ffebee2c-d0ff-4a59-8414-4ee489b020bf", "user": 1}}, {"model": "source.accesspoint", "pk": "af201bb4-1776-46fa-a255-e67d6edec032", "fields": {"page_number": null, "accessed_on": null, "archive_url": null, "source": "7f2a63da-e19f-4c5a-97ee-44326362879f", "user": 1}}, {"model": "source.accesspoint", "pk": "d0e80d03-f002-4bc7-81d4-74e3a7468ec9", "fields": {"page_number": null, "accessed_on": null, "archive_url": null, "source": "8f3e67c2-2103-4e7c-9d4d-2b0905905684", "user": 1}}, {"model": "source.accesspoint", "pk": "4459369b-aaa5-472c-ae95-e08bbd633366", "fields": {"page_number": null, "accessed_on": null, "archive_url": null, "source": "bf5c82c7-f4ee-404b-88b8-60b38f120d16", "user": 1}}, {"model": "source.accesspoint", "pk": "6bfd549a-564b-423b-b358-74e69221e294", "fields": {"page_number": null, "accessed_on": null, "archive_url": null, "source": "d1f5d4f0-0c6b-4dd8-81c5-22e706fe3c30", "user": 1}}, {"model": "source.source", "pk": "1b0cd55a-d945-4e18-99de-a5b8454c8012", "fields": {"title": "Departs to Saudi Arabia for Medical Treatment", "publication": "Sahara Reporters", "publication_country": null, "published_on": "2008-08-19", "source_url": "http://saharareporters.com/2008/08/19/breaking-news-yaradua-sacks-military-chiefs-departs-saudi-arabia-medical-treatment", "date_updated": "2016-12-15T15:56:00.338Z", "date_added": "2016-12-15T15:56:00.338Z", "user": 1}}, {"model": "source.source", "pk": "1faf8c83-66ca-4a23-9942-79d58ec283fa", "fields": {"title": "Boko Haram Faces Defeat in Borno Border Towns", "publication": "This Day", "publication_country": null, "published_on": "2015-02-01", "source_url": "http://allafrica.com/stories/201502010189.html", "date_updated": "2016-12-15T15:45:16.560Z", "date_added": "2016-12-15T15:45:16.560Z", "user": 1}}, {"model": "source.source", "pk": "27f7c7c2-8c9c-4426-87ee-5f32166a7bb6", "fields": {"title": "NSCIA to Boko Haram - Stop Spilling Blood", "publication": "Leadership", "publication_country": null, "published_on": "2013-05-09", "source_url": "http://leadership.ng/news/336592/nscia-boko-haram-stop-spilling-blood", "date_updated": "2016-12-15T15:43:07.172Z", "date_added": "2016-12-15T15:43:07.172Z", "user": 1}}, {"model": "source.source", "pk": "31b2be69-c052-4144-9309-4ea5e0c87101", "fields": {"title": "FG Redeploys Zamani, Task Force Commander", "publication": "This Day", "publication_country": null, "published_on": "2006-03-07", "source_url": "http://allafrica.com/stories/200603080263.html", "date_updated": "2016-12-15T15:43:52.343Z", "date_added": "2016-12-15T15:43:52.343Z", "user": 1}}, {"model": "source.source", "pk": "a4d60946-0efe-4141-acb9-b37cce8390ab", "fields": {"title": "Boko Haram Kingpin Qaqa, Buckles", "publication": "Vanguard", "publication_country": null, "published_on": "2012-02-03", "source_url": "http://www.vanguardngr.com/2012/02/boko-haram-kingpin-qaqa-opens-up/", "date_updated": "2016-12-15T15:55:03.670Z", "date_added": "2016-12-15T15:55:03.670Z", "user": 1}}, {"model": "source.source", "pk": "f3536809-5721-4f86-874b-f46fbe10aacb", "fields": {"title": "PSC Promotes Two to AIG, Punishes 16", "publication": "Daily Champion", "publication_country": null, "published_on": "2010-05-24", "source_url": "http://allafrica.com/stories/201005240777.html", "date_updated": "2016-12-15T15:51:28.378Z", "date_added": "2016-12-15T15:51:28.378Z", "user": 1}}, {"model": "source.accesspoint", "pk": "b3385f8c-a07f-4135-bf92-ba719d5764dd", "fields": {"page_number": null, "accessed_on": null, "archive_url": null, "source": "1b0cd55a-d945-4e18-99de-a5b8454c8012", "user": 1}}, {"model": "source.accesspoint", "pk": "9a7a5703-5a36-4ed9-9424-9b21dc8e4267", "fields": {"page_number": null, "accessed_on": null, "archive_url": null, "source": "1faf8c83-66ca-4a23-9942-79d58ec283fa", "user": 1}}, {"model": "source.accesspoint", "pk": "34765c57-da77-42c2-9229-03d1b1d22344", "fields": {"page_number": null, "accessed_on": null, "archive_url": null, "source": "27f7c7c2-8c9c-4426-87ee-5f32166a7bb6", "user": 1}}, {"model": "source.accesspoint", "pk": "ad90b159-249c-44dd-8482-20e331a4988a", "fields": {"page_number": null, "accessed_on": null, "archive_url": null, "source": "31b2be69-c052-4144-9309-4ea5e0c87101", "user": 1}}, {"model": "source.accesspoint", "pk": "3c2d4d53-4643-4b18-b6ce-3824942da1be", "fields": {"page_number": null, "accessed_on": null, "archive_url": null, "source": "a4d60946-0efe-4141-acb9-b37cce8390ab", "user": 1}}, {"model": "source.accesspoint", "pk": "29b3eb40-8889-4b7a-ae62-aca1aac2e68f", "fields": {"page_number": null, "accessed_on": null, "archive_url": null, "source": "f3536809-5721-4f86-874b-f46fbe10aacb", "user": 1}}, {"model": "source.source", "pk": "d091e24f-7e44-45f4-b9ca-29f6aec0887e", "fields": {"title": "Hyundai paid Nigeria kidnap ransom, police say", "publication": "British Broadcasting Corporation.", "publication_country": null, "published_on": "2013-01-04", "source_url": "http://www.bbc.com/news/world-africa-20916441", "date_updated": "2016-12-15T15:51:25.544Z", "date_added": "2016-12-15T15:51:25.544Z", "user": 1}}, {"model": "source.source", "pk": "55621b05-bea1-4bd4-8d7a-c35d0382375e", "fields": {"title": "Four Siblings Nabbed for Murder in Abia", "publication": "Vanguard", "publication_country": null, "published_on": "2013-08-21", "source_url": null, "date_updated": "2016-12-15T15:45:40.740Z", "date_added": "2016-12-15T15:45:40.740Z", "user": 1}}, {"model": "source.accesspoint", "pk": "136a8094-9f19-4798-bfc4-2d479b9aceda", "fields": {"page_number": null, "accessed_on": null, "archive_url": null, "source": "55621b05-bea1-4bd4-8d7a-c35d0382375e", "user": 1}}, {"model": "source.accesspoint", "pk": "49b96027-c942-4718-a0d3-26c2d1926b6c", "fields": {"page_number": null, "accessed_on": null, "archive_url": null, "source": "d091e24f-7e44-45f4-b9ca-29f6aec0887e", "user": 1}}, {"model": "organization.alias", "pk": 4, "fields": {"value": "One Brigade, \"One\" Brigade "}}, {"model": "organization.alias", "pk": 5, "fields": {"value": " I Brigade "}}, {"model": "organization.alias", "pk": 6, "fields": {"value": " Brigade 1 "}}, {"model": "organization.alias", "pk": 7, "fields": {"value": " 1st Brigade "}}, {"model": "organization.alias", "pk": 8, "fields": {"value": " 'One' Brigade "}}, {"model": "organization.alias", "pk": 9, "fields": {"value": " 1 Bde"}}, {"model": "source.source", "pk": "c285d5f5-317a-48be-8347-3ce70cccb0d0", "fields": {"title": "Over 60 Killed in Kano Multiple Explosions", "publication": "Leadership", "publication_country": null, "published_on": "2013-03-19", "source_url": "http://allafrica.com/stories/201303190239.html", "date_updated": "2016-12-15T15:51:13.531Z", "date_added": "2016-12-15T15:51:13.531Z", "user": 1}}, {"model": "source.source", "pk": "553b0f78-8ab7-47a4-bf8e-3e9a70561233", "fields": {"title": "The Structure of the Nigeria Police Force", "publication": "Nigeria Police Force. Accessesd", "publication_country": null, "published_on": "2016-06-20", "source_url": "http://www.npf.gov.ng/Force_Structure.php", "date_updated": "2016-12-15T15:44:28.894Z", "date_added": "2016-12-15T15:44:28.894Z", "user": 1}}, {"model": "source.source", "pk": "5d824cb6-5a65-42db-ac43-4f0993770407", "fields": {"title": "72 Battalion lost 28 soldiers to insurgency in 4 years -- Commander. News Agency of Nigeria (Nigeria). 15 July 2015. http://nannewsnigeria.com/72-battalion-lost-28-soldiers-insurgency-4-years-commander Internet Archive link: https://web.archive.org/web/20160411162658/http://nannewsnigeria.com/72-battalion-lost-28-soldiers-insurgency-4-years-commander", "publication": null, "publication_country": null, "published_on": "1900-01-01", "source_url": null, "date_updated": "2016-12-15T15:43:15.314Z", "date_added": "2016-12-15T15:43:15.314Z", "user": 1}}, {"model": "source.source", "pk": "6209f57b-9876-4205-8b74-a7789dbc3719", "fields": {"title": "Joint Task Force Invades Okrika", "publication": "This Day", "publication_country": null, "published_on": "2006-05-28", "source_url": "http://allafrica.com/stories/200605300908.html", "date_updated": "2016-12-15T15:45:01.156Z", "date_added": "2016-12-15T15:45:01.156Z", "user": 1}}, {"model": "source.source", "pk": "ae011f74-d258-4f17-b90e-de20d3fcba8b", "fields": {"title": "\"The Structure of the Nigeria Police Force\"", "publication": "Nigeria Police Force. http://www.npf.gov.ng/Force_Structure.php", "publication_country": null, "published_on": "2016-01-22", "source_url": "https://web.archive.org/web/20160609145955/http://www.npf.gov.ng/Force_Structure.php", "date_updated": "2016-12-15T15:44:01.839Z", "date_added": "2016-12-15T15:44:01.839Z", "user": 1}}, {"model": "source.source", "pk": "b9760e40-165b-4f08-9ab3-a907f7a9c7ab", "fields": {"title": "Police Burst Kidnappers' Ring", "publication": "Vanguard", "publication_country": null, "published_on": "2010-03-09", "source_url": "http://allafrica.com/stories/201003090364.html", "date_updated": "2016-12-15T15:45:26.009Z", "date_added": "2016-12-15T15:45:26.009Z", "user": 1}}, {"model": "source.source", "pk": "d1fb6ac8-ce5b-4774-82d9-da38a659d36c", "fields": {"title": "Jonathan creates new army division, sends 8,000 troops after Boko Haram", "publication": "Vanguard", "publication_country": null, "published_on": "2013-08-18", "source_url": "http://www.vanguardngr.com/2013/08/jonathan-creates-new-army-division-sends-8000-troops-after-boko-haram/", "date_updated": "2016-12-15T15:43:09.366Z", "date_added": "2016-12-15T15:43:09.366Z", "user": 1}}, {"model": "source.accesspoint", "pk": "b49bcba0-360d-49b0-8482-712f12afa591", "fields": {"page_number": null, "accessed_on": null, "archive_url": null, "source": "c285d5f5-317a-48be-8347-3ce70cccb0d0", "user": 1}}, {"model": "source.accesspoint", "pk": "12289445-2053-486a-8aca-0cb738a321e8", "fields": {"page_number": null, "accessed_on": null, "archive_url": null, "source": "553b0f78-8ab7-47a4-bf8e-3e9a70561233", "user": 1}}, {"model": "source.accesspoint", "pk": "d43183fb-0423-4ef6-b471-57dee8047e32", "fields": {"page_number": null, "accessed_on": null, "archive_url": null, "source": "5d824cb6-5a65-42db-ac43-4f0993770407", "user": 1}}, {"model": "source.accesspoint", "pk": "dd1f239b-5cbf-4675-89d0-eac479cf75ed", "fields": {"page_number": null, "accessed_on": null, "archive_url": null, "source": "6209f57b-9876-4205-8b74-a7789dbc3719", "user": 1}}, {"model": "source.accesspoint", "pk": "b53acc1d-f097-44c9-b647-6bc94f0d76b3", "fields": {"page_number": null, "accessed_on": null, "archive_url": null, "source": "ae011f74-d258-4f17-b90e-de20d3fcba8b", "user": 1}}, {"model": "source.accesspoint", "pk": "46767623-b12a-4f92-a074-178e49a2e086", "fields": {"page_number": null, "accessed_on": null, "archive_url": null, "source": "b9760e40-165b-4f08-9ab3-a907f7a9c7ab", "user": 1}}, {"model": "source.accesspoint", "pk": "e84d81f8-7027-4843-8db5-ce7864f3be8d", "fields": {"page_number": null, "accessed_on": null, "archive_url": null, "source": "d1fb6ac8-ce5b-4774-82d9-da38a659d36c", "user": 1}}, {"model": "source.source", "pk": "0e3e6003-5358-4021-a8cb-b2dbf1e8141d", "fields": {"title": "Army Colonel missing as Nigerian military clash with Boko Haram in Gwoza", "publication": "Premium Times", "publication_country": null, "published_on": "2014-08-10", "source_url": "http://www.premiumtimesng.com/news/166499-army-colonel-missing-as-nigerian-military-clash-with-boko-haram-in-gwoza.html", "date_updated": "2016-12-15T15:40:26.517Z", "date_added": "2016-12-15T15:40:26.517Z", "user": 1}}, {"model": "source.source", "pk": "3635c817-b026-4af8-a927-bcae2501016b", "fields": {"title": "Suspected Oil Thieves Kill Soldier in Delta", "publication": "Vanguard", "publication_country": null, "published_on": "2013-03-15", "source_url": "https://web.archive.org/web/20130401004611/http://www.vanguardngr.com/2013/03/suspected-oil-thieves-kill-soldier-in-delta/", "date_updated": "2016-12-15T15:39:55.197Z", "date_added": "2016-12-15T15:39:55.197Z", "user": 1}}, {"model": "source.source", "pk": "9894cbe8-bf34-4b66-b2a2-62e022609d34", "fields": {"title": "Adamawa: Gunmen Kill Pastor, 10 Others in Fresh Attack", "publication": "This Day", "publication_country": null, "published_on": "2014-02-02", "source_url": "http://www.thisdaylive.com/articles/adamawa-gunmen-kill-pastor-10-others-in-fresh-attack/170264", "date_updated": "2016-12-15T15:40:38.073Z", "date_added": "2016-12-15T15:40:38.073Z", "user": 1}}, {"model": "source.source", "pk": "aa9cbca9-ae18-4236-805e-b9a59a1dc1f4", "fields": {"title": " 132 Graduate From Army Peacekeeping Centre. This Day (Nigeria). 3 August 2009. http://allafrica.com/stories/200908030808.html (accessed via AllAfrica.com) ", "publication": null, "publication_country": null, "published_on": "1900-01-01", "source_url": null, "date_updated": "2016-12-15T15:43:20.288Z", "date_added": "2016-12-15T15:43:20.288Z", "user": 1}}, {"model": "source.accesspoint", "pk": "39336376-3751-4a53-8d9b-de81380657a2", "fields": {"page_number": null, "accessed_on": null, "archive_url": null, "source": "0e3e6003-5358-4021-a8cb-b2dbf1e8141d", "user": 1}}, {"model": "source.accesspoint", "pk": "91814d55-a8f3-409b-a07d-f9609efcedb2", "fields": {"page_number": null, "accessed_on": null, "archive_url": null, "source": "3635c817-b026-4af8-a927-bcae2501016b", "user": 1}}, {"model": "source.accesspoint", "pk": "7d7ec573-2396-4728-a57f-784f11dabc80", "fields": {"page_number": null, "accessed_on": null, "archive_url": null, "source": "9894cbe8-bf34-4b66-b2a2-62e022609d34", "user": 1}}, {"model": "source.accesspoint", "pk": "9e218491-52b4-46ee-8153-a5314a92f734", "fields": {"page_number": null, "accessed_on": null, "archive_url": null, "source": "aa9cbca9-ae18-4236-805e-b9a59a1dc1f4", "user": 1}}, {"model": "source.source", "pk": "0c497010-78cc-433d-bd8f-fa6c879d107a", "fields": {"title": " JTF Arrests 29 Oil Thieves, Destroys 127 Illegal Refineries. Leadership (Nigeria). 29 September 2013. http://allafrica.com/stories/201309300110.html Internet Archive link: https://web.archive.org/web/20161104194839/http://allafrica.com/stories/201309300110.html", "publication": null, "publication_country": null, "published_on": "1900-01-01", "source_url": null, "date_updated": "2016-12-15T15:40:45.435Z", "date_added": "2016-12-15T15:40:45.435Z", "user": 1}}, {"model": "source.source", "pk": "125a8e41-06fd-45c9-8b32-2c1ac48c303a", "fields": {"title": "Sokoto Police Begins 24-Hour Patrols in Schools", "publication": "Daily Trust", "publication_country": null, "published_on": "2015-02-25", "source_url": "http://dailyindependentnig.com/2015/02/sokoto-police-begins-24-hour-patrols-schools/", "date_updated": "2016-12-15T15:49:24.930Z", "date_added": "2016-12-15T15:49:24.930Z", "user": 1}}, {"model": "source.source", "pk": "649202c0-a93b-4e9f-bc82-d72183e46406", "fields": {"title": "Mass Sack - Panic Grips Army Barracks", "publication": "Daily Trust", "publication_country": null, "published_on": "2015-01-18", "source_url": "http://dailytrust.com.ng/sunday/index.php/news/19380-mass-sack-panic-grips-army-barracks", "date_updated": "2016-12-15T15:39:27.454Z", "date_added": "2016-12-15T15:39:27.454Z", "user": 1}}, {"model": "source.source", "pk": "75241415-0082-4d01-8c51-f39d09df4f23", "fields": {"title": "Police Arrests 25 Suspected Boko Haram Members in Enugu", "publication": "Leadership.", "publication_country": null, "published_on": "2012-01-28", "source_url": "http://allafrica.com/stories/201201301259.html", "date_updated": "2016-12-15T15:50:26.214Z", "date_added": "2016-12-15T15:50:26.214Z", "user": 1}}, {"model": "source.source", "pk": "a6be39a1-f893-4746-8439-648bab58b211", "fields": {"title": "Bomber Kills 17 in Maiduguri Market, Explosion Hits Kaduna", "publication": "This Day", "publication_country": null, "published_on": "2014-07-02", "source_url": "http://www.thisdaylive.com/articles/bomber-kills-17-in-maiduguri-market-explosion-hits-kaduna/182444/", "date_updated": "2016-12-15T15:44:21.599Z", "date_added": "2016-12-15T15:44:21.599Z", "user": 1}}, {"model": "source.source", "pk": "de514bca-a1fb-4e0a-b507-e5f8ec47f1ce", "fields": {"title": "Our role in Bayelsa polls, by military", "publication": "The Guardian", "publication_country": null, "published_on": "2015-12-14", "source_url": "http://www.ngrguardiannews.com/2015/12/our-role-in-bayelsa-polls-by-military/", "date_updated": "2016-12-15T15:55:13.097Z", "date_added": "2016-12-15T15:55:13.097Z", "user": 1}}, {"model": "source.accesspoint", "pk": "be600c2f-7d8d-446d-be3e-df81cc24c401", "fields": {"page_number": null, "accessed_on": null, "archive_url": null, "source": "0c497010-78cc-433d-bd8f-fa6c879d107a", "user": 1}}, {"model": "source.accesspoint", "pk": "13c7a5bf-e8cd-4128-be6d-1fd9a5275a75", "fields": {"page_number": null, "accessed_on": null, "archive_url": null, "source": "125a8e41-06fd-45c9-8b32-2c1ac48c303a", "user": 1}}, {"model": "source.accesspoint", "pk": "52767318-1d7e-47e7-934f-1d96902dd73f", "fields": {"page_number": null, "accessed_on": null, "archive_url": null, "source": "649202c0-a93b-4e9f-bc82-d72183e46406", "user": 1}}, {"model": "source.accesspoint", "pk": "c34b6b76-c9d9-4940-8dbf-068265e3f682", "fields": {"page_number": null, "accessed_on": null, "archive_url": null, "source": "75241415-0082-4d01-8c51-f39d09df4f23", "user": 1}}, {"model": "source.accesspoint", "pk": "538d6b21-9546-4b7b-93f7-c79f055e6363", "fields": {"page_number": null, "accessed_on": null, "archive_url": null, "source": "a6be39a1-f893-4746-8439-648bab58b211", "user": 1}}, {"model": "source.accesspoint", "pk": "cabe1403-d57f-46fd-a3b4-e644111019af", "fields": {"page_number": null, "accessed_on": null, "archive_url": null, "source": "de514bca-a1fb-4e0a-b507-e5f8ec47f1ce", "user": 1}}, {"model": "source.source", "pk": "6b030f2f-0e85-48f0-97c7-b6637ac2098e", "fields": {"title": "Two pipeline vandals arrested in Ogun", "publication": "The Nation", "publication_country": null, "published_on": "2015-04-28", "source_url": "http://thenationonlineng.net/new/two-pipeline-vandals-arrested-in-ogun/", "date_updated": "2016-12-15T15:45:27.765Z", "date_added": "2016-12-15T15:45:27.765Z", "user": 1}}, {"model": "source.accesspoint", "pk": "9fbb70f7-9895-4039-a535-cf00149c190d", "fields": {"page_number": null, "accessed_on": null, "archive_url": null, "source": "6b030f2f-0e85-48f0-97c7-b6637ac2098e", "user": 1}}, {"model": "organization.alias", "pk": 443, "fields": {"value": "UNMIL"}}, {"model": "source.source", "pk": "8f2f8161-fb2d-4645-9166-1eed4059a625", "fields": {"title": "Soldiers Find Rifles, Bomb-Making Items in Kaduna Politician's House", "publication": "Daily Trust.", "publication_country": null, "published_on": "2013-03-06", "source_url": "http://allafrica.com/stories/201303061210.html", "date_updated": "2016-12-15T15:39:27.324Z", "date_added": "2016-12-15T15:39:27.324Z", "user": 1}}, {"model": "source.accesspoint", "pk": "f5c076e4-4496-4792-a6ee-3da394864ff3", "fields": {"page_number": null, "accessed_on": null, "archive_url": null, "source": "8f2f8161-fb2d-4645-9166-1eed4059a625", "user": 1}}, {"model": "organization.classification", "pk": 16, "fields": {"value": "Peacekeeping"}}, {"model": "source.source", "pk": "f2a7f8a0-2459-4697-bc3c-da1082854f77", "fields": {"title": "Landlord Nabbed for Inflicting Machete Cuts On Tenants", "publication": "Vanguard", "publication_country": null, "published_on": "2014-09-16", "source_url": "http://www.vanguardngr.com/2014/09/landlord-nabbed-inflicting-machete-cuts-tenants/", "date_updated": "2016-12-15T15:45:18.098Z", "date_added": "2016-12-15T15:45:18.098Z", "user": 1}}, {"model": "source.accesspoint", "pk": "8adae189-4d05-46df-97ae-c10db79f42ee", "fields": {"page_number": null, "accessed_on": null, "archive_url": null, "source": "f2a7f8a0-2459-4697-bc3c-da1082854f77", "user": 1}}, {"model": "source.source", "pk": "b8596001-57d4-4305-8eb4-9e84a86277a4", "fields": {"title": "Police Promote AIGs", "publication": "Vanguard", "publication_country": null, "published_on": "2010-01-18", "source_url": "http://www.vanguardngr.com/2010/01/police-promote-aigs/", "date_updated": "2016-12-15T15:45:28.253Z", "date_added": "2016-12-15T15:45:28.253Z", "user": 1}}, {"model": "source.source", "pk": "a3e95274-837f-4169-a0c7-2ab4b9d199e4", "fields": {"title": "NEMA, SEMA Begin Sensitisation in Flood Prone Communities, Towns", "publication": "Leadership", "publication_country": null, "published_on": "2014-04-16", "source_url": "http://allafrica.com/stories/201404170269.html", "date_updated": "2016-12-15T15:55:00.597Z", "date_added": "2016-12-15T15:55:00.597Z", "user": 1}}, {"model": "source.source", "pk": "46c6ac37-c54a-4abb-ac93-03c408b4b698", "fields": {"title": "Army parades oil bunkers in Kaduna", "publication": "Premium Times", "publication_country": null, "published_on": "2013-05-08", "source_url": "http://www.premiumtimesng.com/regional/nwest/133295-army-parades-oil-bunkers-in-kaduna.html", "date_updated": "2016-12-15T15:39:25.711Z", "date_added": "2016-12-15T15:39:25.711Z", "user": 1}}, {"model": "source.accesspoint", "pk": "48b133f3-c006-467c-ab3a-d4c813c789aa", "fields": {"page_number": null, "accessed_on": null, "archive_url": null, "source": "46c6ac37-c54a-4abb-ac93-03c408b4b698", "user": 1}}, {"model": "source.accesspoint", "pk": "8c061ffa-9bb7-4784-8140-6a3f05ed9de4", "fields": {"page_number": null, "accessed_on": null, "archive_url": null, "source": "b8596001-57d4-4305-8eb4-9e84a86277a4", "user": 1}}, {"model": "source.accesspoint", "pk": "f22e7e7f-ff63-43ed-b0c9-74a5d714a591", "fields": {"page_number": null, "accessed_on": null, "archive_url": null, "source": "a3e95274-837f-4169-a0c7-2ab4b9d199e4", "user": 1}}, {"model": "source.source", "pk": "61a882af-cd1d-4db1-826f-abaf4def4581", "fields": {"title": "Nigerian Air Force Bombs \"Mass Gathering\" of Boko Haram Terrorists", "publication": "Premium Times", "publication_country": null, "published_on": "2015-11-19", "source_url": "http://www.premiumtimesng.com/news/top-news/193485-nigerian-air-force-bombs-mass-gathering-of-boko-haram-terrorists.html", "date_updated": "2016-12-15T15:45:33.107Z", "date_added": "2016-12-15T15:45:33.107Z", "user": 1}}, {"model": "source.source", "pk": "b5d0d744-7415-49d3-92fd-62d93e8a5f91", "fields": {"title": "NSA, Service Chiefs Avow End to Boko Haram Insurgency", "publication": "Vanguard", "publication_country": null, "published_on": "2015-08-15", "source_url": "http://www.vanguardngr.com/2015/08/nsa-service-chiefs-avow-end-to-boko-haram-insurgency/", "date_updated": "2016-12-15T15:44:17.820Z", "date_added": "2016-12-15T15:44:17.820Z", "user": 1}}, {"model": "source.source", "pk": "d3cc7066-87fe-4830-a72b-2958554883b4", "fields": {"title": "Terrorism - Heavy Fighting As Troops Engage Boko Haram in Gwoza", "publication": "Vanguard", "publication_country": null, "published_on": "2014-08-12", "source_url": "http://www.vanguardngr.com/2014/08/terrorism-heavy-fighting-troops-engage-boko-haram-gwoza/", "date_updated": "2016-12-15T15:40:26.163Z", "date_added": "2016-12-15T15:40:26.163Z", "user": 1}}, {"model": "source.accesspoint", "pk": "8d139f84-c5cd-495c-81e2-2f8c016d1038", "fields": {"page_number": null, "accessed_on": null, "archive_url": null, "source": "61a882af-cd1d-4db1-826f-abaf4def4581", "user": 1}}, {"model": "source.accesspoint", "pk": "3deeab7c-22b9-4d57-8864-bf93a92bc293", "fields": {"page_number": null, "accessed_on": null, "archive_url": null, "source": "b5d0d744-7415-49d3-92fd-62d93e8a5f91", "user": 1}}, {"model": "source.accesspoint", "pk": "9b37e90b-c8ad-4216-8c30-2580ab8dee9c", "fields": {"page_number": null, "accessed_on": null, "archive_url": null, "source": "d3cc7066-87fe-4830-a72b-2958554883b4", "user": 1}}, {"model": "organization.alias", "pk": 16, "fields": {"value": " 1 Mechanisd Army Division"}}, {"model": "source.source", "pk": "14262623-cf3c-45df-a42f-b90d34e41665", "fields": {"title": "Several Soldiers Feared Killed As Military Attempts to Recapture Gwoza", "publication": "Leadership", "publication_country": null, "published_on": "2014-08-11", "source_url": "http://leadership.ng/news/380627/several-soldiers-feared-killed-military-attempts-recapture-gwoza", "date_updated": "2016-12-15T15:40:37.492Z", "date_added": "2016-12-15T15:40:37.493Z", "user": 1}}, {"model": "source.source", "pk": "0261ba05-3269-496e-a6eb-826a3ded6a26", "fields": {"title": "Security Agencies Begin Investigation Into Oil Sabotage", "publication": "Daily Champion.", "publication_country": null, "published_on": "2010-01-13", "source_url": "http://allafrica.com/stories/201001130341.html", "date_updated": "2016-12-15T15:44:28.070Z", "date_added": "2016-12-15T15:44:28.070Z", "user": 1}}, {"model": "source.source", "pk": "0a0cb0eb-4c97-4239-9fce-bc89614605ef", "fields": {"title": "Police Officer Dies in Office", "publication": "Daily Trust", "publication_country": null, "published_on": "2010-03-03", "source_url": "http://allafrica.com/stories/201003030452.html", "date_updated": "2016-12-15T15:44:37.991Z", "date_added": "2016-12-15T15:44:37.991Z", "user": 1}}, {"model": "source.source", "pk": "14d819d1-ee30-4d5e-89f0-352790534aa8", "fields": {"title": "Robbers Kill 2 Policemen in Aba", "publication": "Vanguard", "publication_country": null, "published_on": "2016-01-27", "source_url": "http://allafrica.com/stories/201601270121.html", "date_updated": "2016-12-15T15:45:27.198Z", "date_added": "2016-12-15T15:45:27.198Z", "user": 1}}, {"model": "source.source", "pk": "2d205a40-e9b5-4360-bac0-a5914ed5e3f2", "fields": {"title": "Dealing With Massob Threat in Igbo Agenda", "publication": "Daily Independent", "publication_country": null, "published_on": "2008-10-15", "source_url": "http://allafrica.com/stories/200810150356.html", "date_updated": "2016-12-15T15:43:20.254Z", "date_added": "2016-12-15T15:43:20.254Z", "user": 1}}, {"model": "source.source", "pk": "461918a9-4823-4f58-b370-d8b2b175bd0e", "fields": {"title": "How human heads were concealed in Onitsha hotel room \u2013 Suspect", "publication": "Vanguard", "publication_country": null, "published_on": "2013-08-10", "source_url": "http://www.vanguardngr.com/2013/08/how-human-heads-were-concealed-in-onitsha-hotel-room-suspect/", "date_updated": "2016-12-15T15:51:28.876Z", "date_added": "2016-12-15T15:51:28.876Z", "user": 1}}, {"model": "source.source", "pk": "5ad417c6-85dd-4e01-b2f7-6562acb4a150", "fields": {"title": "Police AIG Slumps, Dies", "publication": "Daily Champion", "publication_country": null, "published_on": "2002-06-12", "source_url": "http://allafrica.com/stories/200206120255.html", "date_updated": "2016-12-15T15:44:12.075Z", "date_added": "2016-12-15T15:44:12.075Z", "user": 1}}, {"model": "source.source", "pk": "60ef8f06-fd1f-4b63-acc1-5a6ce0a28a0f", "fields": {"title": "Nigerian Army Updates Officers On Operations Planning", "publication": "Channels Television", "publication_country": null, "published_on": "2013-04-28", "source_url": "http://www.channelstv.com/2013/04/28/nigerian-army-updates-officers-on-operations-planning/", "date_updated": "2016-12-15T15:40:16.402Z", "date_added": "2016-12-15T15:40:16.402Z", "user": 1}}, {"model": "source.source", "pk": "691064be-7c4b-4af3-8acb-1cd1608225ec", "fields": {"title": "We'll Checkmate Militants' Activities, Says Army Boss", "publication": "Vanguard", "publication_country": null, "published_on": "2009-10-02", "source_url": "http://allafrica.com/stories/200910020858.html", "date_updated": "2016-12-15T15:39:44.976Z", "date_added": "2016-12-15T15:39:44.976Z", "user": 1}}, {"model": "source.source", "pk": "87ec1022-4bb6-425c-b513-7cb77729ead8", "fields": {"title": "Two Soldiers to Face Court Martial Over Kidnap of Mikel Obi's Father", "publication": "Vanguard", "publication_country": null, "published_on": "2011-08-24", "source_url": "http://www.vanguardngr.com/2011/08/two-soldiers-to-face-court-martial-over-kidnap-of-mikel-obi%E2%80%99s-father/", "date_updated": "2016-12-15T15:40:06.836Z", "date_added": "2016-12-15T15:40:06.836Z", "user": 1}}, {"model": "source.source", "pk": "91d03ee6-3c0b-4e8c-b63c-a76e3483bf79", "fields": {"title": "Policing Nigeria in the 21st Century", "publication": "Edited by Solomon E. Arase and Iheanyi P.O. Iwuofor. \"Police Mobile Force: How Far, How Well?\" John B. Abang, CSP. Spectrum Books Limited. 2007. Page", "publication_country": null, "published_on": "1900-01-01", "source_url": null, "date_updated": "2016-12-15T15:45:47.040Z", "date_added": "2016-12-15T15:45:47.040Z", "user": 1}}, {"model": "source.source", "pk": "b546b85e-9ccd-4d4f-818f-e0d970a79df3", "fields": {"title": "3 die, others injured in clash between JTF, militants in Delta. News Agency of Nigeria (Nigeria). 10 Sptember 2015. http://nannewsnigeria.com/3-die-others-injured-clash-between-jtf-militants-delta Internet Archive link: https://web.archive.org/web/20150912234621/http://www.nannewsnigeria.com/3-die-others-injured-clash-between-jtf-militants-delta", "publication": null, "publication_country": null, "published_on": "1900-01-01", "source_url": null, "date_updated": "2016-12-15T15:42:42.551Z", "date_added": "2016-12-15T15:42:42.551Z", "user": 1}}, {"model": "source.source", "pk": "d3385f0a-7131-456e-a5b3-88f7456f98e7", "fields": {"title": "Soldiers attack okada riders, others over missing rifle", "publication": "The", "publication_country": null, "published_on": "2016-12-11", "source_url": null, "date_updated": "2016-12-15T15:39:56.412Z", "date_added": "2016-12-15T15:39:56.412Z", "user": 1}}, {"model": "source.accesspoint", "pk": "7bf370c5-4c66-4339-8e61-b180f9852061", "fields": {"page_number": null, "accessed_on": null, "archive_url": null, "source": "14262623-cf3c-45df-a42f-b90d34e41665", "user": 1}}, {"model": "source.accesspoint", "pk": "316d2bc5-2f35-4e86-a170-7e1a9018b2f3", "fields": {"page_number": null, "accessed_on": null, "archive_url": null, "source": "0261ba05-3269-496e-a6eb-826a3ded6a26", "user": 1}}, {"model": "source.accesspoint", "pk": "0a953df7-d9ac-407b-a35f-0997a148a534", "fields": {"page_number": null, "accessed_on": null, "archive_url": null, "source": "0a0cb0eb-4c97-4239-9fce-bc89614605ef", "user": 1}}, {"model": "source.accesspoint", "pk": "744e2413-6a98-4d99-8cc6-f9d41927c383", "fields": {"page_number": null, "accessed_on": null, "archive_url": null, "source": "14d819d1-ee30-4d5e-89f0-352790534aa8", "user": 1}}, {"model": "source.accesspoint", "pk": "71b99668-61a2-4a8d-95fa-f0c8bec023c5", "fields": {"page_number": null, "accessed_on": null, "archive_url": null, "source": "2d205a40-e9b5-4360-bac0-a5914ed5e3f2", "user": 1}}, {"model": "source.accesspoint", "pk": "7f0f86e8-eb37-4c67-9d32-a2907e1a2943", "fields": {"page_number": null, "accessed_on": null, "archive_url": null, "source": "461918a9-4823-4f58-b370-d8b2b175bd0e", "user": 1}}, {"model": "source.accesspoint", "pk": "31ad567a-ece7-470f-90ad-fa975e68dade", "fields": {"page_number": null, "accessed_on": null, "archive_url": null, "source": "5ad417c6-85dd-4e01-b2f7-6562acb4a150", "user": 1}}, {"model": "source.accesspoint", "pk": "9026e441-e95b-4995-8aee-32de12e9bf76", "fields": {"page_number": null, "accessed_on": null, "archive_url": null, "source": "60ef8f06-fd1f-4b63-acc1-5a6ce0a28a0f", "user": 1}}, {"model": "source.accesspoint", "pk": "38a82159-0071-409e-bff2-581a56a8e4e2", "fields": {"page_number": null, "accessed_on": null, "archive_url": null, "source": "691064be-7c4b-4af3-8acb-1cd1608225ec", "user": 1}}, {"model": "source.accesspoint", "pk": "29cfa4b3-657c-4c05-aab1-94ae211fd1ce", "fields": {"page_number": null, "accessed_on": null, "archive_url": null, "source": "87ec1022-4bb6-425c-b513-7cb77729ead8", "user": 1}}, {"model": "source.accesspoint", "pk": "77db2937-ae59-4069-a72a-22c07a924092", "fields": {"page_number": null, "accessed_on": null, "archive_url": null, "source": "91d03ee6-3c0b-4e8c-b63c-a76e3483bf79", "user": 1}}, {"model": "source.accesspoint", "pk": "5d5ea096-84f1-4d87-bad1-be0f58112ad6", "fields": {"page_number": null, "accessed_on": null, "archive_url": null, "source": "b546b85e-9ccd-4d4f-818f-e0d970a79df3", "user": 1}}, {"model": "source.accesspoint", "pk": "c775561c-b8a8-4734-b22e-0e6fa864ed0a", "fields": {"page_number": null, "accessed_on": null, "archive_url": null, "source": "d3385f0a-7131-456e-a5b3-88f7456f98e7", "user": 1}}, {"model": "organization.alias", "pk": 15, "fields": {"value": " Army One Division "}}, {"model": "organization.alias", "pk": 14, "fields": {"value": " One Division "}}, {"model": "organization.alias", "pk": 13, "fields": {"value": " 1st Division "}}, {"model": "organization.alias", "pk": 12, "fields": {"value": "1 Division "}}, {"model": "source.source", "pk": "12b4c2e2-da39-401e-98be-912ef7df5d84", "fields": {"title": "Raped to death", "publication": "The", "publication_country": null, "published_on": "2016-12-11", "source_url": "http://sunnewsonline.com/new/raped-to-death/", "date_updated": "2016-12-15T15:45:26.449Z", "date_added": "2016-12-15T15:45:26.449Z", "user": 1}}, {"model": "source.source", "pk": "4cc5ede7-c9bf-422e-ad30-379a1a39f7d6", "fields": {"title": "\"Nigerian Army 1 Division", "publication": "\" Nigerian Army. http://army.mil.ng/Nigerian%20Army%20-%201%20Division.htm", "publication_country": null, "published_on": "2014-04-09", "source_url": null, "date_updated": "2016-12-15T15:39:30.397Z", "date_added": "2016-12-15T15:39:30.397Z", "user": 1}}, {"model": "source.source", "pk": "59b19178-9d15-452c-a4b1-f62a197036da", "fields": {"title": "JTF, Gunmen Clash in Yobe", "publication": "Leadership", "publication_country": null, "published_on": "2013-04-26", "source_url": "http://leadership.ng/news/337341/jtf-gunmen-clash-yobe", "date_updated": "2016-12-15T15:51:18.352Z", "date_added": "2016-12-15T15:51:18.352Z", "user": 1}}, {"model": "source.source", "pk": "5a05e71c-24a2-4a18-9fa7-49272347f8ec", "fields": {"title": "Security Beef-up in Lagos, Jos, Delta", "publication": "Vanguard", "publication_country": null, "published_on": "2011-09-23", "source_url": "http://www.vanguardngr.com/2011/09/security-beef-up-in-lagos-jos-delta/", "date_updated": "2016-12-15T15:50:47.961Z", "date_added": "2016-12-15T15:50:47.961Z", "user": 1}}, {"model": "source.source", "pk": "97e12e59-8023-4191-ba2b-6af9917bb4f9", "fields": {"title": "Army Dismisses 227 Soldiers for 'Refusing to Fight Boko Haram'. Daily Trust (Nigeria). 14 January 2015. http://allafrica.com/stories/201501150470.html (accessed via AllAfrica.com) ", "publication": null, "publication_country": null, "published_on": "1900-01-01", "source_url": null, "date_updated": "2016-12-15T15:39:56.419Z", "date_added": "2016-12-15T15:39:56.419Z", "user": 1}}, {"model": "source.source", "pk": "cd48b5e3-034b-49c3-9f95-f9b10254e925", "fields": {"title": "I-N-V-a-S-I-O-N - Fear Grips Enugu Community As Fulani Herdsmen Kill Two Teenage-Students", "publication": "Vanguard", "publication_country": null, "published_on": "2012-08-20", "source_url": "http://www.vanguardngr.com/2012/08/i-n-v-a-s-i-o-n-fear-grips-enugu-community-as-fulani-herdsmen-kill-2-teenage-students/", "date_updated": "2016-12-15T15:50:23.392Z", "date_added": "2016-12-15T15:50:23.392Z", "user": 1}}, {"model": "source.source", "pk": "d02ab5a8-7c74-4ec2-8634-ec88d4eb4543", "fields": {"title": "\u201cTraining critical to military operations, says GOC", "publication": "\u201d News Agency of Nigeria.", "publication_country": null, "published_on": "2011-07-25", "source_url": "http://www.nanngronline.com/section/defencesecurity/training-critical-to-military-operations-says-goc", "date_updated": "2016-12-15T15:39:58.658Z", "date_added": "2016-12-15T15:39:58.658Z", "user": 1}}, {"model": "source.source", "pk": "f15889b7-1ccf-416e-9544-28a6d03d22fe", "fields": {"title": "\"BRIEF BIOGRAPHY OF BRIG GEN BA FIBOINUMAMA\"", "publication": "Training and Doctrine Command", "publication_country": null, "published_on": "2016-04-20", "source_url": "https://web.archive.org/web/20160420192040/http://tradoc.mil.ng/aboutdot.php", "date_updated": "2016-12-15T15:39:22.211Z", "date_added": "2016-12-15T15:39:22.211Z", "user": 1}}, {"model": "source.accesspoint", "pk": "18f91bae-0cf1-40ae-9906-3d7386acae2e", "fields": {"page_number": null, "accessed_on": null, "archive_url": null, "source": "12b4c2e2-da39-401e-98be-912ef7df5d84", "user": 1}}, {"model": "source.accesspoint", "pk": "3a826aae-cbe1-4ce7-b1ce-0db64eb44e87", "fields": {"page_number": null, "accessed_on": null, "archive_url": null, "source": "4cc5ede7-c9bf-422e-ad30-379a1a39f7d6", "user": 1}}, {"model": "source.accesspoint", "pk": "3f8c07d8-5458-4582-9c19-d6f837f77869", "fields": {"page_number": null, "accessed_on": null, "archive_url": null, "source": "59b19178-9d15-452c-a4b1-f62a197036da", "user": 1}}, {"model": "source.accesspoint", "pk": "ad75d866-ef60-4daf-9b85-5949166d688f", "fields": {"page_number": null, "accessed_on": null, "archive_url": null, "source": "5a05e71c-24a2-4a18-9fa7-49272347f8ec", "user": 1}}, {"model": "source.accesspoint", "pk": "12fc3d7e-559e-4437-a66a-fdb17ee7cf2c", "fields": {"page_number": null, "accessed_on": null, "archive_url": null, "source": "97e12e59-8023-4191-ba2b-6af9917bb4f9", "user": 1}}, {"model": "source.accesspoint", "pk": "f42ee779-2640-4e3a-994f-dcdff2789e64", "fields": {"page_number": null, "accessed_on": null, "archive_url": null, "source": "cd48b5e3-034b-49c3-9f95-f9b10254e925", "user": 1}}, {"model": "source.accesspoint", "pk": "6fc7fa27-f06e-4b7c-87bb-991dc4d35a99", "fields": {"page_number": null, "accessed_on": null, "archive_url": null, "source": "d02ab5a8-7c74-4ec2-8634-ec88d4eb4543", "user": 1}}, {"model": "source.accesspoint", "pk": "21927e32-d5be-439b-903c-25186c318059", "fields": {"page_number": null, "accessed_on": null, "archive_url": null, "source": "f15889b7-1ccf-416e-9544-28a6d03d22fe", "user": 1}}, {"model": "source.source", "pk": "1b57a045-455f-4bdb-b8cb-3582c9273a37", "fields": {"title": "Man Steals Goat, Stabs Father to Death for Not Defending Him", "publication": "Vanguard", "publication_country": null, "published_on": "2013-06-05", "source_url": "http://www.vanguardngr.com/2013/06/man-steals-goat-stabs-father-to-death-for-not-defending-him/", "date_updated": "2016-12-15T15:45:26.770Z", "date_added": "2016-12-15T15:45:26.770Z", "user": 1}}, {"model": "source.source", "pk": "1dbb0fee-01db-49da-b2fa-41f455e869be", "fields": {"title": "JTF to Track Down Retired Generals Involved in Oil Bunkering - Major-General Bello", "publication": "Vanguard", "publication_country": null, "published_on": "2009-03-30", "source_url": "http://allafrica.com/stories/200903301819.html", "date_updated": "2016-12-15T15:45:01.370Z", "date_added": "2016-12-15T15:45:01.370Z", "user": 1}}, {"model": "source.source", "pk": "2c80aba1-952c-4a30-9e23-415d1a6f63cc", "fields": {"title": "Troops Kill Boko Haram Leader, 18 Others", "publication": "Daily Trust", "publication_country": null, "published_on": "2016-06-05", "source_url": "http://allafrica.com/stories/201606050157.html", "date_updated": "2016-12-15T15:44:17.868Z", "date_added": "2016-12-15T15:44:17.868Z", "user": 1}}, {"model": "source.source", "pk": "4820ce5b-d9bd-4c52-a476-4d824553fa58", "fields": {"title": "80% of Boko Haram attacks not reported -Rep", "publication": "The Punch", "publication_country": null, "published_on": "2014-07-07", "source_url": "http://www.punchng.com/news/%e2%80%8e80-of-boko-haram-attacks-not-reported-rep/", "date_updated": "2016-12-15T15:40:25.054Z", "date_added": "2016-12-15T15:40:25.054Z", "user": 1}}, {"model": "source.source", "pk": "8477d993-4ab8-4a57-ab6d-8deee7bd6aea", "fields": {"title": "Police arrest 6 kidnappers in Enugu, rescue banker\u2019s daughter", "publication": "Vanguard", "publication_country": null, "published_on": "2010-05-19", "source_url": "http://www.vanguardngr.com/2010/05/police-arrest-6-kidnappers-in-enugu-rescue-bankers-daughter/", "date_updated": "2016-12-15T15:50:25.483Z", "date_added": "2016-12-15T15:50:25.483Z", "user": 1}}, {"model": "source.source", "pk": "a4301249-a429-4f29-8479-1670770ecdd7", "fields": {"title": "Army Disagrees With Hausa Community Over Missing Cows in Edo", "publication": "Vanguard", "publication_country": null, "published_on": "2012-01-15", "source_url": null, "date_updated": "2016-12-15T15:43:07.707Z", "date_added": "2016-12-15T15:43:07.707Z", "user": 1}}, {"model": "source.source", "pk": "be15a880-042b-4474-ba6e-815e03ee3905", "fields": {"title": "JTF Arrests 11 Suspects, Destroys Illegal Refineries", "publication": "Daily Independent", "publication_country": null, "published_on": "2014-06-02", "source_url": "http://dailyindependentnig.com/2014/06/jtf-arrests-11-suspects-destroys-illegal-refineries/", "date_updated": "2016-12-15T15:44:55.952Z", "date_added": "2016-12-15T15:44:55.952Z", "user": 1}}, {"model": "source.accesspoint", "pk": "e6c77233-628f-4beb-a566-0b5695448b63", "fields": {"page_number": null, "accessed_on": null, "archive_url": null, "source": "1b57a045-455f-4bdb-b8cb-3582c9273a37", "user": 1}}, {"model": "source.accesspoint", "pk": "96f3315f-b68e-4174-bf98-9f8764c190ab", "fields": {"page_number": null, "accessed_on": null, "archive_url": null, "source": "1dbb0fee-01db-49da-b2fa-41f455e869be", "user": 1}}, {"model": "source.accesspoint", "pk": "be4e6e2c-7ca8-4025-bf3f-64e83c1d162c", "fields": {"page_number": null, "accessed_on": null, "archive_url": null, "source": "2c80aba1-952c-4a30-9e23-415d1a6f63cc", "user": 1}}, {"model": "source.accesspoint", "pk": "fe049b35-b3c2-48ef-a8e5-57f2e7f863c1", "fields": {"page_number": null, "accessed_on": null, "archive_url": null, "source": "4820ce5b-d9bd-4c52-a476-4d824553fa58", "user": 1}}, {"model": "source.accesspoint", "pk": "5ba3f288-3d72-48eb-bb52-60bd44a1456e", "fields": {"page_number": null, "accessed_on": null, "archive_url": null, "source": "8477d993-4ab8-4a57-ab6d-8deee7bd6aea", "user": 1}}, {"model": "source.accesspoint", "pk": "3c8a9416-a783-4327-8515-04b21e49fcab", "fields": {"page_number": null, "accessed_on": null, "archive_url": null, "source": "a4301249-a429-4f29-8479-1670770ecdd7", "user": 1}}, {"model": "source.accesspoint", "pk": "1b973c04-e21f-45ff-92ce-a12c6c8f94ad", "fields": {"page_number": null, "accessed_on": null, "archive_url": null, "source": "be15a880-042b-4474-ba6e-815e03ee3905", "user": 1}}, {"model": "source.source", "pk": "f526b366-cee3-49c0-8e64-72e3ad6a346f", "fields": {"title": "Abia, Nigerian Army Tackle Vandalism of Shell's Facilities", "publication": "This Day", "publication_country": null, "published_on": "2012-07-24", "source_url": "http://allafrica.com/stories/201207240177.html", "date_updated": "2016-12-15T15:39:45.956Z", "date_added": "2016-12-15T15:39:45.956Z", "user": 1}}, {"model": "source.accesspoint", "pk": "6f7ea894-718e-443b-8a39-cc064c19e1e7", "fields": {"page_number": null, "accessed_on": null, "archive_url": null, "source": "f526b366-cee3-49c0-8e64-72e3ad6a346f", "user": 1}}, {"model": "organization.alias", "pk": 537, "fields": {"value": "sector one"}}, {"model": "source.source", "pk": "626d4e7f-00c9-43ef-a88f-4a70fe119e2a", "fields": {"title": "Anambra CP Urges Newly Decorated Officers To Be Professional", "publication": "Channels Television", "publication_country": null, "published_on": "2016-06-24", "source_url": "http://www.channelstv.com/2016/06/24/anambra-cp-urges-newly-decorated-officers-to-be-professional/", "date_updated": "2016-12-15T15:51:28.036Z", "date_added": "2016-12-15T15:51:28.036Z", "user": 1}}, {"model": "source.accesspoint", "pk": "53a6c8d9-9821-42da-b7b2-9126abb49991", "fields": {"page_number": null, "accessed_on": null, "archive_url": null, "source": "626d4e7f-00c9-43ef-a88f-4a70fe119e2a", "user": 1}}, {"model": "organization.alias", "pk": 536, "fields": {"value": " Special Task Force (Operations Safe Heaven)"}}, {"model": "source.source", "pk": "35620841-b99e-4bd8-b074-522592797fba", "fields": {"title": "Alleged Violation of Human Rights by FG Adjourned", "publication": "Daily Champion", "publication_country": null, "published_on": "2011-06-03", "source_url": "http://allafrica.com/stories/201106060437.html", "date_updated": "2016-12-15T15:43:14.413Z", "date_added": "2016-12-15T15:43:14.413Z", "user": 1}}, {"model": "source.source", "pk": "570efa26-14ac-4224-8dbd-41ef35ed1ec9", "fields": {"title": " \"Criminal Force \u2013 Torture, Abuse, and Extrajudicial Killings by the Nigeria Police Force\". Network on Police Reform in Nigeria and Open Society Justice Initiative. 2010. Page 39. https://www.opensocietyfoundations.org/sites/default/files/criminal-force-20100519.pdf Internet Archive Link: https://web.archive.org/web/20160609154845/https://www.opensocietyfoundations.org/sites/default/files/criminal-force-20100519.pdf ", "publication": null, "publication_country": null, "published_on": "1900-01-01", "source_url": null, "date_updated": "2016-12-15T15:44:00.034Z", "date_added": "2016-12-15T15:44:00.034Z", "user": 1}}, {"model": "source.source", "pk": "5e8aace9-f4c7-4b0d-9e4e-4364331d68e7", "fields": {"title": "Police Corporal Kills Self With Service Rifle", "publication": "This Day", "publication_country": null, "published_on": "2014-03-23", "source_url": "http://allafrica.com/stories/201403241848.html", "date_updated": "2016-12-15T15:45:46.705Z", "date_added": "2016-12-15T15:45:46.705Z", "user": 1}}, {"model": "source.source", "pk": "6ff158e2-5536-4f9f-a2c4-fbe3ce690cda", "fields": {"title": "Rivers Donates Patrol Vans to Army, Airforce", "publication": "Leadership", "publication_country": null, "published_on": "2010-08-22", "source_url": "http://allafrica.com/stories/201008230420.html", "date_updated": "2016-12-15T15:40:04.326Z", "date_added": "2016-12-15T15:40:04.326Z", "user": 1}}, {"model": "source.source", "pk": "d1eb6b33-7e85-4bb3-acdf-f9d3f52c42a6", "fields": {"title": "Joint Task Force Invasion - Minister's Family Flee Home", "publication": "Daily Champion", "publication_country": null, "published_on": "2010-09-28", "source_url": "http://allafrica.com/stories/201009290224.html", "date_updated": "2016-12-15T15:45:01.479Z", "date_added": "2016-12-15T15:45:01.479Z", "user": 1}}, {"model": "source.accesspoint", "pk": "bf8887b0-47d2-49d1-8881-7d81706d0d18", "fields": {"page_number": null, "accessed_on": null, "archive_url": null, "source": "35620841-b99e-4bd8-b074-522592797fba", "user": 1}}, {"model": "source.accesspoint", "pk": "581140d1-1585-43da-b4ae-f94913a1f8e1", "fields": {"page_number": null, "accessed_on": null, "archive_url": null, "source": "570efa26-14ac-4224-8dbd-41ef35ed1ec9", "user": 1}}, {"model": "source.accesspoint", "pk": "afd67a3c-a46d-4abf-a103-50b6c5d273e7", "fields": {"page_number": null, "accessed_on": null, "archive_url": null, "source": "5e8aace9-f4c7-4b0d-9e4e-4364331d68e7", "user": 1}}, {"model": "source.accesspoint", "pk": "fd58dd1e-6411-4e06-b6ab-524340042b65", "fields": {"page_number": null, "accessed_on": null, "archive_url": null, "source": "6ff158e2-5536-4f9f-a2c4-fbe3ce690cda", "user": 1}}, {"model": "source.accesspoint", "pk": "742ae09f-57ff-4817-8830-10e8d1efd57c", "fields": {"page_number": null, "accessed_on": null, "archive_url": null, "source": "d1eb6b33-7e85-4bb3-acdf-f9d3f52c42a6", "user": 1}}, {"model": "organization.alias", "pk": 535, "fields": {"value": " STF "}}, {"model": "organization.alias", "pk": 534, "fields": {"value": "Special Task Force "}}, {"model": "organization.classification", "pk": 9, "fields": {"value": "Joint Task Force "}}, {"model": "organization.classification", "pk": 11, "fields": {"value": " Military "}}, {"model": "organization.classification", "pk": 10, "fields": {"value": " Army "}}, {"model": "organization.classification", "pk": 13, "fields": {"value": " Police"}}, {"model": "source.source", "pk": "fdb486fc-93c8-43a9-b75b-680a3981ca5f", "fields": {"title": " \"Our History\". State Security Service (Nigeria). https://dss.gov.ng/index.php/aboutus/history Internet Archive link: https://web.archive.org/web/20150706125008/https://dss.gov.ng/index.php/aboutus/history", "publication": null, "publication_country": null, "published_on": "1900-01-01", "source_url": null, "date_updated": "2016-12-15T15:44:33.603Z", "date_added": "2016-12-15T15:44:33.603Z", "user": 1}}, {"model": "source.accesspoint", "pk": "b22c8043-c8f9-460e-b9a7-75b530c8e509", "fields": {"page_number": null, "accessed_on": null, "archive_url": null, "source": "fdb486fc-93c8-43a9-b75b-680a3981ca5f", "user": 1}}, {"model": "source.source", "pk": "3aed4cd1-f7a4-4302-ad4d-ec93cdcd4c68", "fields": {"title": "Allegations of Ethnic Considerations in Retirements, Postings, Re-Deployment, Recruitment in the Army", "publication": "Vanguard", "publication_country": null, "published_on": "2013-02-16", "source_url": null, "date_updated": "2016-12-15T15:39:46.068Z", "date_added": "2016-12-15T15:39:46.068Z", "user": 1}}, {"model": "source.source", "pk": "5bb6cfbb-5ac5-47e0-86a5-2e78df8050cd", "fields": {"title": "BAGA: Multinational Joint Task Forces, BHTs And Host Community By Lt Col Sagir Musa", "publication": "Sahara Reporters", "publication_country": null, "published_on": "2013-05-07", "source_url": "http://saharareporters.com/2013/05/07/baga-multinational-joint-task-forces-bhts-and-host-community-lt-col-sagir-musa", "date_updated": "2016-12-15T15:45:16.643Z", "date_added": "2016-12-15T15:45:16.643Z", "user": 1}}, {"model": "source.source", "pk": "7b6ad1fe-dcdf-44de-aaa5-30590576dcfd", "fields": {"title": "Army - Boko Haram Tactics, Strange to Us", "publication": "This Day", "publication_country": null, "published_on": "2011-06-28", "source_url": "http://www.thisdaylive.com/articles/army-boko-haram-tactics-strange-to-us/94055/", "date_updated": "2016-12-15T15:55:08.060Z", "date_added": "2016-12-15T15:55:08.060Z", "user": 1}}, {"model": "source.source", "pk": "867e8c84-02e9-422f-8b44-7a03bf5fa14e", "fields": {"title": "We Are Not Ghosts, Boko Haram Tells Jonathan", "publication": "This Day", "publication_country": null, "published_on": "2013-03-14", "source_url": "http://www.thisdaylive.com/articles/we-are-not-ghosts-boko-haram-tells-jonathan/142110/", "date_updated": "2016-12-15T15:54:25.002Z", "date_added": "2016-12-15T15:54:25.002Z", "user": 1}}, {"model": "source.source", "pk": "9c54015f-bb12-4b76-9c99-4050a30cc8ef", "fields": {"title": " Taraba Violence - Death Toll Rises to 10. This Day (Nigeria). 20 November 2012, http://www.thisdaylive.com/articles/taraba-violence-death-toll-rises-to-10/131185/ Internet Archive link: https://web.archive.org/web/20121121213635/http://www.thisdaylive.com/articles/taraba-violence-death-toll-rises-to-10/131185/ ", "publication": null, "publication_country": null, "published_on": "1900-01-01", "source_url": null, "date_updated": "2016-12-15T15:43:52.349Z", "date_added": "2016-12-15T15:43:52.349Z", "user": 1}}, {"model": "source.source", "pk": "ad1a39a6-a79a-4d5f-8246-9a3c644ca1a2", "fields": {"title": "JTF Destroys 6,000 Illegal Refineries", "publication": "Daily Trust", "publication_country": null, "published_on": "2012-01-23", "source_url": "http://allafrica.com/stories/201201231010.html", "date_updated": "2016-12-15T15:39:45.112Z", "date_added": "2016-12-15T15:39:45.112Z", "user": 1}}, {"model": "source.accesspoint", "pk": "02f3ecf2-69f4-44b9-98e8-58bb2c95c319", "fields": {"page_number": null, "accessed_on": null, "archive_url": null, "source": "3aed4cd1-f7a4-4302-ad4d-ec93cdcd4c68", "user": 1}}, {"model": "source.accesspoint", "pk": "e2322176-e1f1-437a-b068-3edbc1893f4b", "fields": {"page_number": null, "accessed_on": null, "archive_url": null, "source": "5bb6cfbb-5ac5-47e0-86a5-2e78df8050cd", "user": 1}}, {"model": "source.accesspoint", "pk": "abda1eba-48ce-4692-a7da-b08d55218c40", "fields": {"page_number": null, "accessed_on": null, "archive_url": null, "source": "7b6ad1fe-dcdf-44de-aaa5-30590576dcfd", "user": 1}}, {"model": "source.accesspoint", "pk": "d54a1232-56de-4ff3-8fe0-77e0f9206a93", "fields": {"page_number": null, "accessed_on": null, "archive_url": null, "source": "867e8c84-02e9-422f-8b44-7a03bf5fa14e", "user": 1}}, {"model": "source.accesspoint", "pk": "37d7ebf7-06a5-4fd2-80a8-23c18f12a0d1", "fields": {"page_number": null, "accessed_on": null, "archive_url": null, "source": "9c54015f-bb12-4b76-9c99-4050a30cc8ef", "user": 1}}, {"model": "source.accesspoint", "pk": "b63fb59b-de02-4336-80ef-7ddfb370c256", "fields": {"page_number": null, "accessed_on": null, "archive_url": null, "source": "ad1a39a6-a79a-4d5f-8246-9a3c644ca1a2", "user": 1}}, {"model": "source.source", "pk": "48d878fb-9d98-4a66-9f44-7113e99211ca", "fields": {"title": "\"About MOD", "publication": "\" Nigerian Ministry of Defence. http://www.defence.gov.ng/index.php/the-ministry/about-mod", "publication_country": null, "published_on": "2015-02-06", "source_url": null, "date_updated": "2016-12-15T15:50:38.709Z", "date_added": "2016-12-15T15:50:38.709Z", "user": 1}}, {"model": "source.source", "pk": "5aa06400-de4a-4703-b56a-2f23e116903a", "fields": {"title": "PDP Accuses INEC of Massive Voters' Transfer in Ondo", "publication": "This Day", "publication_country": null, "published_on": "2012-09-14", "source_url": "http://allafrica.com/stories/201209140500.html", "date_updated": "2016-12-15T15:39:55.168Z", "date_added": "2016-12-15T15:39:55.168Z", "user": 1}}, {"model": "source.source", "pk": "788833c1-68bf-44a5-bc75-555e4e129ca9", "fields": {"title": "Police Kill Three Suspected Robbers in Abia", "publication": "Vanguard", "publication_country": null, "published_on": "2010-05-13", "source_url": "http://allafrica.com/stories/201005130443.html", "date_updated": "2016-12-15T15:45:26.355Z", "date_added": "2016-12-15T15:45:26.355Z", "user": 1}}, {"model": "source.source", "pk": "bd92fea9-6baf-4ecc-ad40-4aab811ae0b1", "fields": {"title": "\"Director of Administration\"", "publication": "Armed Forces Command and Staff College. http://www.nigerianafcsc.org/CV/directors/DOA%20.htm", "publication_country": null, "published_on": "2015-07-06", "source_url": "https://web.archive.org/web/20150706190216/http://www.nigerianafcsc.org/CV/directors/DOA%20.htm", "date_updated": "2016-12-15T15:40:45.957Z", "date_added": "2016-12-15T15:40:45.957Z", "user": 1}}, {"model": "source.source", "pk": "d64f688a-285e-48f1-b793-02db136b3999", "fields": {"title": "Failing State, Fading Peacekeepers", "publication": "Daily Trust", "publication_country": null, "published_on": "2012-03-16", "source_url": "http://allafrica.com/stories/201203160320.html", "date_updated": "2016-12-15T15:39:24.423Z", "date_added": "2016-12-15T15:39:24.423Z", "user": 1}}, {"model": "source.source", "pk": "f62104a2-b73a-44c2-9665-64dc386ef586", "fields": {"title": "\"Modern Military Force Structures\"", "publication": "Council on Foreign Relations.", "publication_country": null, "published_on": "2006-10-26", "source_url": "http://www.cfr.org/world/modern-military-force-structures/p11819", "date_updated": "2016-12-15T15:39:43.610Z", "date_added": "2016-12-15T15:39:43.610Z", "user": 1}}, {"model": "source.accesspoint", "pk": "aa5d2d2c-0148-4763-acc4-2f827afb5d9f", "fields": {"page_number": null, "accessed_on": null, "archive_url": null, "source": "48d878fb-9d98-4a66-9f44-7113e99211ca", "user": 1}}, {"model": "source.accesspoint", "pk": "dc5805e7-9155-4f68-ab9c-1b4a3b4a4d9b", "fields": {"page_number": null, "accessed_on": null, "archive_url": null, "source": "5aa06400-de4a-4703-b56a-2f23e116903a", "user": 1}}, {"model": "source.accesspoint", "pk": "d1a7d4e5-bcda-4f79-87e0-5f9b8d428c4e", "fields": {"page_number": null, "accessed_on": null, "archive_url": null, "source": "788833c1-68bf-44a5-bc75-555e4e129ca9", "user": 1}}, {"model": "source.accesspoint", "pk": "9311caae-db45-45ea-b49c-cad7a48eb554", "fields": {"page_number": null, "accessed_on": null, "archive_url": null, "source": "bd92fea9-6baf-4ecc-ad40-4aab811ae0b1", "user": 1}}, {"model": "source.accesspoint", "pk": "6eba20e4-57d6-46f0-8b14-6ff559f9ad80", "fields": {"page_number": null, "accessed_on": null, "archive_url": null, "source": "d64f688a-285e-48f1-b793-02db136b3999", "user": 1}}, {"model": "source.accesspoint", "pk": "0b313931-2765-48ff-b544-ccdcf6409737", "fields": {"page_number": null, "accessed_on": null, "archive_url": null, "source": "f62104a2-b73a-44c2-9665-64dc386ef586", "user": 1}}, {"model": "source.source", "pk": "3ace9aca-8d42-4e5f-ade7-921d5b47fc3b", "fields": {"title": "Oyo - A Tale of Tragic Rally", "publication": "This Day", "publication_country": null, "published_on": "2009-12-21", "source_url": "http://allafrica.com/stories/200912210564.html", "date_updated": "2016-12-15T15:50:57.805Z", "date_added": "2016-12-15T15:50:57.805Z", "user": 1}}, {"model": "source.source", "pk": "72276860-f733-4746-880e-eea894f038a5", "fields": {"title": "Gunmen Attack Police Office, Bank in Adamawa", "publication": "Daily Trust.", "publication_country": null, "published_on": "2012-06-29", "source_url": "http://allafrica.com/stories/201206290839.html", "date_updated": "2016-12-15T15:44:42.822Z", "date_added": "2016-12-15T15:44:42.822Z", "user": 1}}, {"model": "source.source", "pk": "c1d0c5c0-1586-4e6f-8ba8-303f38f3db68", "fields": {"title": "\"Distress Call Telephone Numbers of All Divisions in Anambra State Police Command\"", "publication": "Anambra State Government.", "publication_country": null, "published_on": "2013-08-17", "source_url": "https://www.facebook.com/anambrastate/posts/703332406359195", "date_updated": "2016-12-15T15:43:55.557Z", "date_added": "2016-12-15T15:43:55.557Z", "user": 1}}, {"model": "source.accesspoint", "pk": "b4dd2a89-1d76-4fd6-a28e-f001e838dd8e", "fields": {"page_number": null, "accessed_on": null, "archive_url": null, "source": "3ace9aca-8d42-4e5f-ade7-921d5b47fc3b", "user": 1}}, {"model": "source.accesspoint", "pk": "5ef30829-7ca7-4897-b86c-302902af491a", "fields": {"page_number": null, "accessed_on": null, "archive_url": null, "source": "72276860-f733-4746-880e-eea894f038a5", "user": 1}}, {"model": "source.accesspoint", "pk": "61312dbf-3f7c-4497-8dc0-3c5531bbb859", "fields": {"page_number": null, "accessed_on": null, "archive_url": null, "source": "c1d0c5c0-1586-4e6f-8ba8-303f38f3db68", "user": 1}}, {"model": "source.source", "pk": "c001550b-f784-4e58-a849-fc303f767aae", "fields": {"title": "Killing of Gombe Student - Unions Suspend Strike Plan", "publication": "Daily Trust", "publication_country": null, "published_on": "2012-06-29", "source_url": "http://allafrica.com/stories/201206290654.html", "date_updated": "2016-12-15T15:42:47.896Z", "date_added": "2016-12-15T15:42:47.896Z", "user": 1}}, {"model": "source.source", "pk": "7ece118e-27ce-4b34-9a1b-58687d1f3726", "fields": {"title": "Army Retires 12 Generals, 94 Others, Chong is New Chief of Staff, Liberia Armed Forces", "publication": "Vanguard", "publication_country": null, "published_on": "2009-01-11", "source_url": "http://allafrica.com/stories/200901121271.html", "date_updated": "2016-12-15T15:55:03.007Z", "date_added": "2016-12-15T15:55:03.007Z", "user": 1}}, {"model": "source.source", "pk": "53f129c6-5de5-45c3-ab91-91e356122ef4", "fields": {"title": "Insurgency: Nigeria at war \u2014GOC warns", "publication": "Daily Trust", "publication_country": null, "published_on": "2014-02-20", "source_url": "http://www.dailytrust.com.ng/daily/index.php/news-menu/news/17319-insurgency-nigeria-at-war-goc-warns", "date_updated": "2016-12-15T15:55:04.528Z", "date_added": "2016-12-15T15:55:04.528Z", "user": 1}}, {"model": "source.accesspoint", "pk": "719cf243-2f59-4765-ad81-7b695273e05f", "fields": {"page_number": null, "accessed_on": null, "archive_url": null, "source": "c001550b-f784-4e58-a849-fc303f767aae", "user": 1}}, {"model": "source.accesspoint", "pk": "c9bb716c-6014-437e-91ed-ec1ff3b54fa8", "fields": {"page_number": null, "accessed_on": null, "archive_url": null, "source": "53f129c6-5de5-45c3-ab91-91e356122ef4", "user": 1}}, {"model": "source.accesspoint", "pk": "d7926474-f506-4835-8f1f-f0d8e06ef053", "fields": {"page_number": null, "accessed_on": null, "archive_url": null, "source": "7ece118e-27ce-4b34-9a1b-58687d1f3726", "user": 1}}, {"model": "source.source", "pk": "57096c0a-be9f-4c7a-a076-167e199e92cb", "fields": {"title": "\"Major General Mohammed Tasiu Ibrahim\"", "publication": "Nigerian Army Properties Limited", "publication_country": null, "published_on": "2016-07-29", "source_url": "https://web.archive.org/web/20160729140706/https://napl.com.ng/management/maj-gen-mt-ibrahim/", "date_updated": "2016-12-15T15:54:25.017Z", "date_added": "2016-12-15T15:54:25.017Z", "user": 1}}, {"model": "source.source", "pk": "580591a8-1ccf-4f5b-aae2-4c6abbfff601", "fields": {"title": "Colonel under fire for invading church in Warri", "publication": "The Nation", "publication_country": null, "published_on": "2016-02-19", "source_url": "http://thenationonlineng.net/colonel-under-fire-for-invading-church-in-warri/", "date_updated": "2016-12-15T15:42:42.303Z", "date_added": "2016-12-15T15:42:42.303Z", "user": 1}}, {"model": "source.source", "pk": "b49ddbe6-4a59-4b11-b320-16d446bd3276", "fields": {"title": "Day Soldiers Dumped Guns for Brooms", "publication": "Daily Trust", "publication_country": null, "published_on": "2011-07-18", "source_url": "http://allafrica.com/stories/201107250940.html", "date_updated": "2016-12-15T15:40:09.875Z", "date_added": "2016-12-15T15:40:09.875Z", "user": 1}}, {"model": "source.accesspoint", "pk": "00974c24-9c1e-45ea-b353-7bb31d3bfcee", "fields": {"page_number": null, "accessed_on": null, "archive_url": null, "source": "57096c0a-be9f-4c7a-a076-167e199e92cb", "user": 1}}, {"model": "source.accesspoint", "pk": "ae553cf6-c672-473e-97d8-e804b37e0b55", "fields": {"page_number": null, "accessed_on": null, "archive_url": null, "source": "580591a8-1ccf-4f5b-aae2-4c6abbfff601", "user": 1}}, {"model": "source.accesspoint", "pk": "8536c432-49a8-482f-8eef-d7b6ddca037a", "fields": {"page_number": null, "accessed_on": null, "archive_url": null, "source": "b49ddbe6-4a59-4b11-b320-16d446bd3276", "user": 1}}, {"model": "source.source", "pk": "3546287f-ebd7-428e-b9fd-b32b02cc9b2e", "fields": {"title": "Troops Discover Another Boko Haram Bomb Factory, Foil Attack On Military Installations", "publication": "This Day", "publication_country": null, "published_on": "2016-05-02", "source_url": "http://allafrica.com/stories/201605021183.html", "date_updated": "2016-12-15T15:40:27.477Z", "date_added": "2016-12-15T15:40:27.477Z", "user": 1}}, {"model": "source.accesspoint", "pk": "b3057782-9f53-4b68-b670-dc3dd91b4b3e", "fields": {"page_number": null, "accessed_on": null, "archive_url": null, "source": "3546287f-ebd7-428e-b9fd-b32b02cc9b2e", "user": 1}}, {"model": "source.source", "pk": "189c24df-2db9-462a-ad97-c4a0dc5f49f4", "fields": {"title": "JTF Destroys 10,000 Drums of Illegal Product, Arrest Police Asp. Leadership (Nigeria). 27 December 2012. http://allafrica.com/stories/201212271497.html (accessed via AllAfrica.com) ", "publication": null, "publication_country": null, "published_on": "1900-01-01", "source_url": null, "date_updated": "2016-12-15T15:45:00.508Z", "date_added": "2016-12-15T15:45:00.508Z", "user": 1}}, {"model": "source.source", "pk": "a0a63b3b-f6d0-41cb-8d9c-ec17cb2c099b", "fields": {"title": "BAYELSA POLICE COMMAND", "publication": "Nigeria Police Force. http://www.npf.gov.ng/ZoneDetails?id=Bayelsa", "publication_country": null, "published_on": "2014-08-27", "source_url": "https://web.archive.org/web/20150316004705/http://npf.gov.ng/ZoneDetails?id=Bayelsa", "date_updated": "2016-12-15T15:44:12.623Z", "date_added": "2016-12-15T15:44:12.623Z", "user": 1}}, {"model": "source.accesspoint", "pk": "905cd64d-d550-4b6e-a9da-57ad662144b3", "fields": {"page_number": null, "accessed_on": null, "archive_url": null, "source": "189c24df-2db9-462a-ad97-c4a0dc5f49f4", "user": 1}}, {"model": "source.accesspoint", "pk": "6541360d-cabb-4cdc-bcc5-8b2534709328", "fields": {"page_number": null, "accessed_on": null, "archive_url": null, "source": "a0a63b3b-f6d0-41cb-8d9c-ec17cb2c099b", "user": 1}}, {"model": "source.source", "pk": "f45c9561-7769-4826-9286-a69007894249", "fields": {"title": "JTF destroys illegal refineries in Bayelsa", "publication": "Vanguard", "publication_country": null, "published_on": "2013-07-25", "source_url": "http://www.vanguardngr.com/2013/07/jtf-destroys-illegal-refineries-in-bayelsa/", "date_updated": "2016-12-15T15:39:49.249Z", "date_added": "2016-12-15T15:39:49.249Z", "user": 1}}, {"model": "source.source", "pk": "06f4d4a3-9791-4a76-a11b-3632c90e4b23", "fields": {"title": "Five Killed By Own Bomb in Biu", "publication": "Daily Trust", "publication_country": null, "published_on": "2012-04-23", "source_url": "http://allafrica.com/stories/201204231082.html", "date_updated": "2016-12-15T15:55:09.994Z", "date_added": "2016-12-15T15:55:09.994Z", "user": 1}}, {"model": "source.accesspoint", "pk": "a0e2c178-8727-4ae4-8285-103241700e5f", "fields": {"page_number": null, "accessed_on": null, "archive_url": null, "source": "06f4d4a3-9791-4a76-a11b-3632c90e4b23", "user": 1}}, {"model": "source.accesspoint", "pk": "ac1dd519-f594-44f6-bda6-7f6ed54d5ee8", "fields": {"page_number": null, "accessed_on": null, "archive_url": null, "source": "f45c9561-7769-4826-9286-a69007894249", "user": 1}}, {"model": "source.source", "pk": "4f732a14-68ea-447c-bfde-24599481c1c0", "fields": {"title": "Boko Haram terrorists now hide in foxholes \u2013 Army spokesman", "publication": "Premium Times", "publication_country": null, "published_on": "2016-05-02", "source_url": "http://www.premiumtimesng.com/news/more-news/202774-boko-haram-terrorists-now-hide-foxholes-army-spokesman.html", "date_updated": "2016-12-15T15:45:33.139Z", "date_added": "2016-12-15T15:45:33.139Z", "user": 1}}, {"model": "source.source", "pk": "4a2ed2ab-3285-4b24-b433-ea97307b9987", "fields": {"title": " because of note HQ JOINT TASK FORCE, WARRI - Foreign Military Training and DoD Engagement Activities of Interest, 2010-2011 ", "publication": null, "publication_country": null, "published_on": "1900-01-01", "source_url": null, "date_updated": "2016-12-15T15:43:07.770Z", "date_added": "2016-12-15T15:43:07.770Z", "user": 1}}, {"model": "source.accesspoint", "pk": "3bf65b76-1287-46b6-bf3c-52fa31402081", "fields": {"page_number": null, "accessed_on": null, "archive_url": null, "source": "4f732a14-68ea-447c-bfde-24599481c1c0", "user": 1}}, {"model": "source.accesspoint", "pk": "cb92c4a7-9ec7-4197-9233-7b43dd8fe737", "fields": {"page_number": null, "accessed_on": null, "archive_url": null, "source": "4a2ed2ab-3285-4b24-b433-ea97307b9987", "user": 1}}, {"model": "source.source", "pk": "0ce2f0a2-9c32-45f5-9d2c-cc48a33ea7b0", "fields": {"title": " \"NIGERIAN ARMY 1 DIVISION\". Nigerian Army. http://army.mil.ng/Nigerian%20Army%20-%201%20Division.htm Internet Archive link: https://web.archive.org/web/20140307233938/http://army.mil.ng/Nigerian%20Army%20-%201%20Division.htm ", "publication": null, "publication_country": null, "published_on": "1900-01-01", "source_url": null, "date_updated": "2016-12-15T15:54:57.496Z", "date_added": "2016-12-15T15:54:57.496Z", "user": 1}}, {"model": "source.source", "pk": "22f6162e-5578-470c-8e07-27b86a3fc2aa", "fields": {"title": "Boko Haram in Four-Hour Reign of Terror, Kills 35 in Yobe", "publication": "Vanguard", "publication_country": null, "published_on": "2014-05-28", "source_url": "http://www.vanguardngr.com/2014/05/boko-haram-four-hour-reign-terror-kills-35-yobe/", "date_updated": "2016-12-15T15:51:15.323Z", "date_added": "2016-12-15T15:51:15.323Z", "user": 1}}, {"model": "source.source", "pk": "9b4eeda7-1ae5-416e-919b-94d901ee932d", "fields": {"title": "Goc 81 Division Commends Pioneer Teachers, Ex-Pupils As School Turns 50", "publication": "Leadership", "publication_country": null, "published_on": "2016-01-27", "source_url": "http://allafrica.com/stories/201601270826.html", "date_updated": "2016-12-15T15:43:29.327Z", "date_added": "2016-12-15T15:43:29.327Z", "user": 1}}, {"model": "source.source", "pk": "a97221bc-7beb-45df-97fd-8c58f4b93d68", "fields": {"title": "Enugu Community, Army, Police On Warpath Over Death of Youth", "publication": "Daily Trust", "publication_country": null, "published_on": "2014-07-20", "source_url": "http://www.dailytrust.com.ng/sunday/index.php/news/17568-enugu-community-army-police-on-warpath-over-death-of-youth", "date_updated": "2016-12-15T15:54:33.765Z", "date_added": "2016-12-15T15:54:33.765Z", "user": 1}}, {"model": "source.accesspoint", "pk": "f1d03bee-4996-4964-a92f-18417c7b633e", "fields": {"page_number": null, "accessed_on": null, "archive_url": null, "source": "0ce2f0a2-9c32-45f5-9d2c-cc48a33ea7b0", "user": 1}}, {"model": "source.accesspoint", "pk": "ec8bc0aa-3733-4fd9-a542-472859aa8315", "fields": {"page_number": null, "accessed_on": null, "archive_url": null, "source": "22f6162e-5578-470c-8e07-27b86a3fc2aa", "user": 1}}, {"model": "source.accesspoint", "pk": "4265fccc-7d27-4b6a-8e50-174739a227ea", "fields": {"page_number": null, "accessed_on": null, "archive_url": null, "source": "9b4eeda7-1ae5-416e-919b-94d901ee932d", "user": 1}}, {"model": "source.accesspoint", "pk": "932fb8da-1a10-4b3b-a0dc-b188c0c052cb", "fields": {"page_number": null, "accessed_on": null, "archive_url": null, "source": "a97221bc-7beb-45df-97fd-8c58f4b93d68", "user": 1}}, {"model": "source.source", "pk": "047aed01-ad5f-491b-9332-00984697e5ad", "fields": {"title": "JTF Destroys 110 Illegal Refineries. Daily Trust (Nigeria). 11 July 2014. http://www.dailytrust.com.ng/daily/news/28967-jtf-destroys-110-illegal-refineries Internet Archive link: https://web.archive.org/web/20161104194729/http://www.dailytrust.com.ng/daily/news/28967-jtf-destroys-110-illegal-refineries ", "publication": null, "publication_country": null, "published_on": "1900-01-01", "source_url": null, "date_updated": "2016-12-15T15:40:44.912Z", "date_added": "2016-12-15T15:40:44.912Z", "user": 1}}, {"model": "source.source", "pk": "5565e71d-bb95-4ad4-b16b-fec3135167ee", "fields": {"title": "Military Intensifies Campaign Against Insurgents' Stronghold", "publication": "This Day", "publication_country": null, "published_on": "2013-05-18", "source_url": "http://allafrica.com/stories/201305200283.html", "date_updated": "2016-12-15T15:39:27.515Z", "date_added": "2016-12-15T15:39:27.515Z", "user": 1}}, {"model": "source.source", "pk": "6eb93401-24c1-4758-a800-19188513c131", "fields": {"title": "Gen", "publication": "Effiong Was a Great Patriot - - Obasanjo. Daily Champion", "publication_country": null, "published_on": "2004-03-01", "source_url": "http://allafrica.com/stories/200403010909.html", "date_updated": "2016-12-15T15:55:11.287Z", "date_added": "2016-12-15T15:55:11.287Z", "user": 1}}, {"model": "source.source", "pk": "ee624389-b5d3-4c15-b448-87d40567f197", "fields": {"title": "Security Operative Killed in Plateau", "publication": "Daily Trust", "publication_country": null, "published_on": "2014-11-18", "source_url": "http://allafrica.com/stories/201411181157.html", "date_updated": "2016-12-15T15:51:10.469Z", "date_added": "2016-12-15T15:51:10.469Z", "user": 1}}, {"model": "source.accesspoint", "pk": "f0bc503d-8345-485a-b0d4-2a94bcfc31e6", "fields": {"page_number": null, "accessed_on": null, "archive_url": null, "source": "047aed01-ad5f-491b-9332-00984697e5ad", "user": 1}}, {"model": "source.accesspoint", "pk": "dd26f8bf-6a7e-4694-a93b-5536d4d364c5", "fields": {"page_number": null, "accessed_on": null, "archive_url": null, "source": "5565e71d-bb95-4ad4-b16b-fec3135167ee", "user": 1}}, {"model": "source.accesspoint", "pk": "bda4564c-1ea0-4e14-b360-01ca3063a5cb", "fields": {"page_number": null, "accessed_on": null, "archive_url": null, "source": "6eb93401-24c1-4758-a800-19188513c131", "user": 1}}, {"model": "source.accesspoint", "pk": "3f6d58da-3c46-4be7-9ab6-74fc81b3736c", "fields": {"page_number": null, "accessed_on": null, "archive_url": null, "source": "ee624389-b5d3-4c15-b448-87d40567f197", "user": 1}}, {"model": "source.source", "pk": "091b8160-4f86-4dfb-bff0-1c8821f9cdd0", "fields": {"title": "\"Protecting civilians and consolidating peace in the Democratic Republic of the Congo\". United Nations Organization Stabilization Mission in the Democratic Republic of the Congo. http://www.un.org/en/peacekeeping/missions/monusco/ Internet Archive link: https://web.archive.org/web/20160324193045/http://www.un.org/en/peacekeeping/missions/monusco/", "publication": null, "publication_country": null, "published_on": "1900-01-01", "source_url": null, "date_updated": "2016-12-15T15:49:34.403Z", "date_added": "2016-12-15T15:49:34.403Z", "user": 1}}, {"model": "source.source", "pk": "17a7faca-fd61-44b3-a3ea-4859b0f83d07", "fields": {"title": "Fire Razes Potiskum Police Signal Barrack", "publication": "Daily Independent", "publication_country": null, "published_on": "2011-05-05", "source_url": "http://allafrica.com/stories/201105090527.html", "date_updated": "2016-12-15T15:51:14.079Z", "date_added": "2016-12-15T15:51:14.079Z", "user": 1}}, {"model": "source.source", "pk": "28778088-4005-4ba5-b1fc-f0b942fe274f", "fields": {"title": "Katsina Barristers Threaten Boycott Over Member Arrest", "publication": "Cajnews Africa", "publication_country": null, "published_on": "2014-04-09", "source_url": "http://allafrica.com/stories/201404091302.html", "date_updated": "2016-12-15T15:49:23.854Z", "date_added": "2016-12-15T15:49:23.854Z", "user": 1}}, {"model": "source.source", "pk": "84dc0948-0411-4924-a7ed-8c9f134af7fe", "fields": {"title": "Another Chibok Girl Found - Army Claims", "publication": "Daily Trust", "publication_country": null, "published_on": "2016-05-20", "source_url": "http://allafrica.com/stories/201605200097.html", "date_updated": "2016-12-15T15:45:33.319Z", "date_added": "2016-12-15T15:45:33.319Z", "user": 1}}, {"model": "source.source", "pk": "bca93104-9f0e-47bf-9345-f9984ad9912e", "fields": {"title": "Nine pregnant girls rescued from \u2018baby factory\u2019 in Enugu", "publication": "Vanguard", "publication_country": null, "published_on": "2015-06-14", "source_url": "http://www.vanguardngr.com/2015/06/nine-pregnant-girls-rescued-from-baby-factory-in-enugu/", "date_updated": "2016-12-15T15:50:24.057Z", "date_added": "2016-12-15T15:50:24.057Z", "user": 1}}, {"model": "source.accesspoint", "pk": "03f27b35-94a7-495a-abb4-f4481e3e822e", "fields": {"page_number": null, "accessed_on": null, "archive_url": null, "source": "091b8160-4f86-4dfb-bff0-1c8821f9cdd0", "user": 1}}, {"model": "source.accesspoint", "pk": "3860252c-a37f-42f3-94de-b809197520a7", "fields": {"page_number": null, "accessed_on": null, "archive_url": null, "source": "17a7faca-fd61-44b3-a3ea-4859b0f83d07", "user": 1}}, {"model": "source.accesspoint", "pk": "62e01f4b-2f7b-4e23-86b6-41f4e9f1b444", "fields": {"page_number": null, "accessed_on": null, "archive_url": null, "source": "28778088-4005-4ba5-b1fc-f0b942fe274f", "user": 1}}, {"model": "source.accesspoint", "pk": "91dedb3c-33d2-4464-a6ed-fb23be004d2e", "fields": {"page_number": null, "accessed_on": null, "archive_url": null, "source": "84dc0948-0411-4924-a7ed-8c9f134af7fe", "user": 1}}, {"model": "source.accesspoint", "pk": "e0b27d1a-b516-44fc-ae0e-d53a1abda761", "fields": {"page_number": null, "accessed_on": null, "archive_url": null, "source": "bca93104-9f0e-47bf-9345-f9984ad9912e", "user": 1}}, {"model": "auth.user", "pk": 1, "fields": {"password": "pbkdf2_sha256$24000$nvfChJtqoS6u$aF4nk3G6uoE4DVpp5In86ouZOse+5DrJ/xGBdq59yqE=", "last_login": "2018-07-06T20:46:17.765Z", "is_superuser": true, "username": "eric", "first_name": "", "last_name": "", "email": "evz@datamade.us", "is_staff": true, "is_active": true, "date_joined": "2018-05-31T20:53:34.180Z", "groups": [], "user_permissions": []}}]