[{"model": "organization.organization", "pk": 624, "fields": {"uuid": "075eb446-4a43-42b7-a508-e280fc379423"}}, {"model": "organization.organization", "pk": 102, "fields": {"uuid": "b43f7a39-ed4c-46cd-928e-d56d71f80c03"}}, {"model": "organization.organization", "pk": 611, "fields": {"uuid": "4de14072-30c4-4e12-9dcb-da82d3c1c532"}}, {"model": "organization.organization", "pk": 204, "fields": {"uuid": "4baf200a-83b9-4241-a2ef-6a1dd5afb061"}}, {"model": "organization.organization", "pk": 652, "fields": {"uuid": "ac3acb2e-d617-48d2-82cc-77c32494fefb"}}, {"model": "organization.organization", "pk": 15, "fields": {"uuid": "955cea6a-ae87-4202-91ce-1fc20a33e7eb"}}, {"model": "organization.organization", "pk": 430, "fields": {"uuid": "b3508952-45cb-4f38-a605-9432307679bf"}}, {"model": "organization.organization", "pk": 762, "fields": {"uuid": "c388eb5a-8301-4390-87ac-e1d1af4f845f"}}, {"model": "organization.organization", "pk": 137, "fields": {"uuid": "9d7469a3-480f-4920-8ac6-d15ce7546449"}}, {"model": "organization.organization", "pk": 45, "fields": {"uuid": "f6ba23ae-421c-4637-99a4-cbe261bc1599"}}, {"model": "organization.organizationalias", "pk": 390, "fields": {"lang": "en", "confidence": "1", "object_ref": 624, "value": "Mandawari Police Station", "sources": ["e86a0a8e-cb8c-41e4-a532-4cd5cba98571"], "accesspoints": []}}, {"model": "organization.organizationclassification", "pk": 538, "fields": {"lang": "en", "confidence": "1", "object_ref": 624, "value": "Police", "sources": ["e86a0a8e-cb8c-41e4-a532-4cd5cba98571", "a67bfd35-65e2-4d73-8e6b-0d1d5e86a9e8"], "accesspoints": []}}, {"model": "organization.organizationdivisionid", "pk": 624, "fields": {"lang": null, "confidence": "1", "object_ref": 624, "value": "ocd-division/country:ng", "sources": ["a67bfd35-65e2-4d73-8e6b-0d1d5e86a9e8", "e86a0a8e-cb8c-41e4-a532-4cd5cba98571"], "accesspoints": []}}, {"model": "organization.organizationfirstciteddate", "pk": 537, "fields": {"lang": "en", "confidence": "1", "object_ref": 624, "value": "2012-03-12", "sources": ["e86a0a8e-cb8c-41e4-a532-4cd5cba98571"], "accesspoints": []}}, {"model": "organization.organizationname", "pk": 624, "fields": {"lang": "en", "confidence": "1", "object_ref": 624, "value": "Mandawari Police Division", "sources": ["a67bfd35-65e2-4d73-8e6b-0d1d5e86a9e8", "e86a0a8e-cb8c-41e4-a532-4cd5cba98571"], "accesspoints": []}}, {"model": "organization.organizationopenended", "pk": 537, "fields": {"lang": "en", "confidence": "1", "object_ref": 624, "value": "Y", "sources": [], "accesspoints": []}}, {"model": "organization.organizationrealstart", "pk": 537, "fields": {"lang": null, "confidence": "1", "object_ref": 624, "value": false, "sources": [], "accesspoints": []}}, {"model": "organization.organizationalias", "pk": 49, "fields": {"lang": "en", "confidence": "2", "object_ref": 102, "value": "23 Brigade;23 Armored Bigade;23 Bde;23rd Armoured Brigade;23rd Army Brigade;23rd Armored Brigade;23 Amoured Brigade;23rd Amour Brigade", "sources": ["42787f7c-4e2d-44c8-91a1-846be63daade", "1f6ae567-b76c-4a32-a03b-c6794028d5a0", "5426e31f-7337-49f7-b896-7562d44153fd", "35ea21a5-cefc-4878-87e8-4cdb0cf2779e", "57cb0383-c76e-4d8d-a900-236ab9d37517", "e7624061-1fee-47c0-b3ff-d0d5a8800e9b", "3a591df4-3b1d-4c7c-9cfe-03b9c5c05962", "24ad030d-abe7-462d-9fb1-829df7df5c68", "a3a3fbe6-ddc5-451c-a1db-78fe410df04e", "b1d3e47f-866d-46d4-8644-a0402ade1aaa", "e6fe5fa5-4cbb-4b19-8ad7-4c47769b745b", "0d12b749-2640-414a-bda6-7b4c9f46ffaa", "045e152d-513a-4757-986b-185919f98326", "fb5b60cc-ac5d-4bce-80d3-ab0e8579af04", "f90ec2c0-c685-475c-9dc8-e1464c7d775a", "7902117a-610f-4b80-bf43-95c464c95c4b", "480293bc-27aa-4aaa-8b16-ad2895d1eb05", "53decf2e-bb4a-4ad9-aa33-fd567d0e5770", "f22167e9-0586-44c4-9690-d3a46fd769d0", "cd2518d9-5399-4a89-aca4-cade1f015461"], "accesspoints": []}}, {"model": "organization.organizationclassification", "pk": 70, "fields": {"lang": "en", "confidence": "3", "object_ref": 102, "value": "Army;Military", "sources": ["1f6ae567-b76c-4a32-a03b-c6794028d5a0", "5426e31f-7337-49f7-b896-7562d44153fd", "35ea21a5-cefc-4878-87e8-4cdb0cf2779e", "57cb0383-c76e-4d8d-a900-236ab9d37517", "e7624061-1fee-47c0-b3ff-d0d5a8800e9b", "3a591df4-3b1d-4c7c-9cfe-03b9c5c05962", "24ad030d-abe7-462d-9fb1-829df7df5c68", "bfb1a7a3-9d8e-4cdb-ba10-feef25da2947", "a3a3fbe6-ddc5-451c-a1db-78fe410df04e", "b1d3e47f-866d-46d4-8644-a0402ade1aaa", "e6fe5fa5-4cbb-4b19-8ad7-4c47769b745b", "0d12b749-2640-414a-bda6-7b4c9f46ffaa", "045e152d-513a-4757-986b-185919f98326", "fb5b60cc-ac5d-4bce-80d3-ab0e8579af04", "f90ec2c0-c685-475c-9dc8-e1464c7d775a", "7902117a-610f-4b80-bf43-95c464c95c4b", "480293bc-27aa-4aaa-8b16-ad2895d1eb05", "53decf2e-bb4a-4ad9-aa33-fd567d0e5770", "f22167e9-0586-44c4-9690-d3a46fd769d0", "cd2518d9-5399-4a89-aca4-cade1f015461", "2e620027-244c-4562-8fd4-316399876418", "6d13ca9b-7246-4a0a-a12b-a8db3fb84169", "967b4f26-dbe6-462a-abd7-d7f1b5d95f17", "20bd4b91-0fc3-4fbf-bde0-4e1428a99143", "04c474a4-6f48-4623-be48-f936acf8adda", "c340eed2-80e3-4910-8d95-a49d30bc23c1", "6be6f196-d164-4859-ad6d-32c4aef590d1", "03f5339a-246a-4db4-b49c-5cf8d3f4dcd3"], "accesspoints": []}}, {"model": "organization.organizationdivisionid", "pk": 102, "fields": {"lang": null, "confidence": "1", "object_ref": 102, "value": "ocd-division/country:ng", "sources": ["0d2c023c-a961-42fd-87d2-48db22517f17", "1b0468c5-0cfb-421d-aed1-68df862cb613", "967b4f26-dbe6-462a-abd7-d7f1b5d95f17", "a6cdf2d5-9e1c-434e-a9a3-a0d08e54595e", "40e996bb-3f68-41d6-8d7d-07a1886137d0", "57cb0383-c76e-4d8d-a900-236ab9d37517", "2c4ee719-2278-42d1-9e2b-3991c2737982", "7df7db45-577f-45de-8e61-8e9e92054988", "ca4dd04d-be21-4a35-b114-129ba3b28340", "60a5bb54-36d0-4eb4-8c8f-878374b1a1e9", "b4fa4a6b-0560-42e7-a2b4-d56856b0d53e", "efdd2a74-48b9-4d68-90c0-bc1f2c40477b", "a93bb4c9-8863-4b6c-9a56-d4b68ba8209f", "b724dc6d-6706-4de8-ac9f-ecc0ce8caa3b", "42787f7c-4e2d-44c8-91a1-846be63daade", "8765405d-9970-4ce0-9d20-0ed4a74a200e", "fb5b60cc-ac5d-4bce-80d3-ab0e8579af04", "2e620027-244c-4562-8fd4-316399876418", "6be6f196-d164-4859-ad6d-32c4aef590d1", "f8c4d412-7a10-441f-9e23-f768ca31ae86", "f03b5693-a11c-45a8-aa32-2778736b9ec0", "0cf43bcc-6564-4dd0-bf7a-3779e82b393c", "25af78d0-58de-4799-b426-d4bff069a7f2", "20bd4b91-0fc3-4fbf-bde0-4e1428a99143", "96b4be35-d114-4d2e-a6f2-b02f0fa7532f", "5426e31f-7337-49f7-b896-7562d44153fd", "d13c203d-33ed-425a-aba6-4f53ed199fc7", "6ef71e36-2385-4b1a-90ce-cac1634959e3", "bfb1a7a3-9d8e-4cdb-ba10-feef25da2947", "3a591df4-3b1d-4c7c-9cfe-03b9c5c05962", "04c474a4-6f48-4623-be48-f936acf8adda", "6e7b46fa-7011-465e-8f3f-b1c6ab744247", "6d13ca9b-7246-4a0a-a12b-a8db3fb84169", "e4496cac-2e7f-4001-a1cb-cef9f9c7dd93", "a3a3fbe6-ddc5-451c-a1db-78fe410df04e", "24ad030d-abe7-462d-9fb1-829df7df5c68", "e6fe5fa5-4cbb-4b19-8ad7-4c47769b745b", "36a978f0-e1ef-4e88-ac3c-1e1e2bdbdd9a", "7902117a-610f-4b80-bf43-95c464c95c4b", "ff391644-b8ff-4c7b-b14e-76bd9d1f4ed8", "c340eed2-80e3-4910-8d95-a49d30bc23c1", "03f5339a-246a-4db4-b49c-5cf8d3f4dcd3", "9a8bbd32-7d10-470b-b21d-ee24fe5bd277", "f90ec2c0-c685-475c-9dc8-e1464c7d775a", "4c62ab1f-a9d7-40fa-9d12-01175af21f17"], "accesspoints": []}}, {"model": "organization.organizationfirstciteddate", "pk": 70, "fields": {"lang": "en", "confidence": "2", "object_ref": 102, "value": "2002-05-06", "sources": ["c340eed2-80e3-4910-8d95-a49d30bc23c1"], "accesspoints": []}}, {"model": "organization.organizationlastciteddate", "pk": 53, "fields": {"lang": "en", "confidence": "3", "object_ref": 102, "value": "2018-03-28", "sources": ["1f6ae567-b76c-4a32-a03b-c6794028d5a0", "35ea21a5-cefc-4878-87e8-4cdb0cf2779e"], "accesspoints": []}}, {"model": "organization.organizationname", "pk": 102, "fields": {"lang": "en", "confidence": "1", "object_ref": 102, "value": "23 Armoured Brigade", "sources": ["0d2c023c-a961-42fd-87d2-48db22517f17", "1b0468c5-0cfb-421d-aed1-68df862cb613", "967b4f26-dbe6-462a-abd7-d7f1b5d95f17", "a6cdf2d5-9e1c-434e-a9a3-a0d08e54595e", "40e996bb-3f68-41d6-8d7d-07a1886137d0", "57cb0383-c76e-4d8d-a900-236ab9d37517", "2c4ee719-2278-42d1-9e2b-3991c2737982", "7df7db45-577f-45de-8e61-8e9e92054988", "ca4dd04d-be21-4a35-b114-129ba3b28340", "60a5bb54-36d0-4eb4-8c8f-878374b1a1e9", "b4fa4a6b-0560-42e7-a2b4-d56856b0d53e", "efdd2a74-48b9-4d68-90c0-bc1f2c40477b", "a93bb4c9-8863-4b6c-9a56-d4b68ba8209f", "b724dc6d-6706-4de8-ac9f-ecc0ce8caa3b", "42787f7c-4e2d-44c8-91a1-846be63daade", "8765405d-9970-4ce0-9d20-0ed4a74a200e", "fb5b60cc-ac5d-4bce-80d3-ab0e8579af04", "2e620027-244c-4562-8fd4-316399876418", "6be6f196-d164-4859-ad6d-32c4aef590d1", "f8c4d412-7a10-441f-9e23-f768ca31ae86", "f03b5693-a11c-45a8-aa32-2778736b9ec0", "0cf43bcc-6564-4dd0-bf7a-3779e82b393c", "25af78d0-58de-4799-b426-d4bff069a7f2", "20bd4b91-0fc3-4fbf-bde0-4e1428a99143", "96b4be35-d114-4d2e-a6f2-b02f0fa7532f", "5426e31f-7337-49f7-b896-7562d44153fd", "d13c203d-33ed-425a-aba6-4f53ed199fc7", "6ef71e36-2385-4b1a-90ce-cac1634959e3", "bfb1a7a3-9d8e-4cdb-ba10-feef25da2947", "3a591df4-3b1d-4c7c-9cfe-03b9c5c05962", "04c474a4-6f48-4623-be48-f936acf8adda", "6e7b46fa-7011-465e-8f3f-b1c6ab744247", "6d13ca9b-7246-4a0a-a12b-a8db3fb84169", "e4496cac-2e7f-4001-a1cb-cef9f9c7dd93", "a3a3fbe6-ddc5-451c-a1db-78fe410df04e", "24ad030d-abe7-462d-9fb1-829df7df5c68", "e6fe5fa5-4cbb-4b19-8ad7-4c47769b745b", "36a978f0-e1ef-4e88-ac3c-1e1e2bdbdd9a", "7902117a-610f-4b80-bf43-95c464c95c4b", "ff391644-b8ff-4c7b-b14e-76bd9d1f4ed8", "c340eed2-80e3-4910-8d95-a49d30bc23c1", "03f5339a-246a-4db4-b49c-5cf8d3f4dcd3", "9a8bbd32-7d10-470b-b21d-ee24fe5bd277", "f90ec2c0-c685-475c-9dc8-e1464c7d775a", "4c62ab1f-a9d7-40fa-9d12-01175af21f17"], "accesspoints": []}}, {"model": "organization.organizationopenended", "pk": 70, "fields": {"lang": "en", "confidence": "3", "object_ref": 102, "value": "Y", "sources": [], "accesspoints": []}}, {"model": "organization.organizationrealstart", "pk": 70, "fields": {"lang": null, "confidence": "1", "object_ref": 102, "value": false, "sources": [], "accesspoints": []}}, {"model": "organization.organizationalias", "pk": 376, "fields": {"lang": "en", "confidence": "1", "object_ref": 611, "value": "Lamisula Police Station;Divisional Police Station at Lamisula", "sources": ["6f908146-fff9-4c85-9d7c-6a342cc6fcf3", "08a8e6c0-78b6-4ee2-96e0-917fc53e4e07"], "accesspoints": []}}, {"model": "organization.organizationclassification", "pk": 523, "fields": {"lang": "en", "confidence": "1", "object_ref": 611, "value": "Police", "sources": ["6f908146-fff9-4c85-9d7c-6a342cc6fcf3", "08a8e6c0-78b6-4ee2-96e0-917fc53e4e07", "6dea3e5a-60f2-4205-91c3-4c631cadfebc"], "accesspoints": []}}, {"model": "organization.organizationdivisionid", "pk": 611, "fields": {"lang": null, "confidence": "1", "object_ref": 611, "value": "ocd-division/country:ng", "sources": ["6dea3e5a-60f2-4205-91c3-4c631cadfebc"], "accesspoints": []}}, {"model": "organization.organizationfirstciteddate", "pk": 522, "fields": {"lang": "en", "confidence": "1", "object_ref": 611, "value": "2010-08-08", "sources": ["6f908146-fff9-4c85-9d7c-6a342cc6fcf3"], "accesspoints": []}}, {"model": "organization.organizationlastciteddate", "pk": 294, "fields": {"lang": "en", "confidence": "1", "object_ref": 611, "value": "2012-03-25", "sources": ["08a8e6c0-78b6-4ee2-96e0-917fc53e4e07", "6dea3e5a-60f2-4205-91c3-4c631cadfebc"], "accesspoints": []}}, {"model": "organization.organizationname", "pk": 611, "fields": {"lang": "en", "confidence": "1", "object_ref": 611, "value": "Lamisula Police Division", "sources": ["6dea3e5a-60f2-4205-91c3-4c631cadfebc"], "accesspoints": []}}, {"model": "organization.organizationopenended", "pk": 522, "fields": {"lang": "en", "confidence": "1", "object_ref": 611, "value": "Y", "sources": [], "accesspoints": []}}, {"model": "organization.organizationrealstart", "pk": 522, "fields": {"lang": null, "confidence": "1", "object_ref": 611, "value": false, "sources": [], "accesspoints": []}}, {"model": "organization.organizationalias", "pk": 119, "fields": {"lang": "en", "confidence": "2", "object_ref": 204, "value": "82 Battalion ; 82 BN", "sources": ["cfb127cc-526c-4311-89d3-c9b813ad6e2e", "a8bdb394-44de-45d8-a71a-3e6abbb4a211", "e48764f9-b89b-4ac8-b2a4-6b5d37ffb07d", "acb6c72c-6d82-4987-945f-c40169dc3a67"], "accesspoints": []}}, {"model": "organization.organizationclassification", "pk": 163, "fields": {"lang": "en", "confidence": "3", "object_ref": 204, "value": "Army;Military", "sources": ["d72f48ab-eef0-4843-9769-97fafb774914", "e48764f9-b89b-4ac8-b2a4-6b5d37ffb07d", "acb6c72c-6d82-4987-945f-c40169dc3a67"], "accesspoints": []}}, {"model": "organization.organizationdivisionid", "pk": 204, "fields": {"lang": null, "confidence": "1", "object_ref": 204, "value": "ocd-division/country:ng", "sources": ["1abd3280-e475-4047-89ab-6f3ed1066106"], "accesspoints": []}}, {"model": "organization.organizationfirstciteddate", "pk": 163, "fields": {"lang": "en", "confidence": "1", "object_ref": 204, "value": "2006-03-17", "sources": ["d72f48ab-eef0-4843-9769-97fafb774914"], "accesspoints": []}}, {"model": "organization.organizationlastciteddate", "pk": 123, "fields": {"lang": "en", "confidence": "2", "object_ref": 204, "value": "2013-05-17", "sources": ["e48764f9-b89b-4ac8-b2a4-6b5d37ffb07d"], "accesspoints": []}}, {"model": "organization.organizationname", "pk": 204, "fields": {"lang": "en", "confidence": "1", "object_ref": 204, "value": "82 Mechanised Battalion", "sources": ["1abd3280-e475-4047-89ab-6f3ed1066106"], "accesspoints": []}}, {"model": "organization.organizationopenended", "pk": 163, "fields": {"lang": "en", "confidence": "2", "object_ref": 204, "value": "Y", "sources": [], "accesspoints": []}}, {"model": "organization.organizationrealstart", "pk": 163, "fields": {"lang": null, "confidence": "1", "object_ref": 204, "value": false, "sources": [], "accesspoints": []}}, {"model": "organization.organizationclassification", "pk": 567, "fields": {"lang": "en", "confidence": "1", "object_ref": 652, "value": "Navy;Military", "sources": ["fc72fea5-d1d9-475a-8ffc-a4bfca52a002"], "accesspoints": []}}, {"model": "organization.organizationdivisionid", "pk": 652, "fields": {"lang": null, "confidence": "1", "object_ref": 652, "value": "ocd-division/country:ng", "sources": ["fc72fea5-d1d9-475a-8ffc-a4bfca52a002"], "accesspoints": []}}, {"model": "organization.organizationfirstciteddate", "pk": 566, "fields": {"lang": "en", "confidence": "1", "object_ref": 652, "value": "2015-03-14", "sources": ["fc72fea5-d1d9-475a-8ffc-a4bfca52a002"], "accesspoints": []}}, {"model": "organization.organizationname", "pk": 652, "fields": {"lang": "en", "confidence": "1", "object_ref": 652, "value": "Naval Engineering", "sources": ["fc72fea5-d1d9-475a-8ffc-a4bfca52a002"], "accesspoints": []}}, {"model": "organization.organizationopenended", "pk": 566, "fields": {"lang": "en", "confidence": "1", "object_ref": 652, "value": "Y", "sources": [], "accesspoints": []}}, {"model": "organization.organizationrealstart", "pk": 566, "fields": {"lang": null, "confidence": "1", "object_ref": 652, "value": false, "sources": [], "accesspoints": []}}, {"model": "organization.organizationalias", "pk": 465, "fields": {"lang": "en", "confidence": "1", "object_ref": 15, "value": "operation code-named `Sharan Daji\u2019", "sources": ["d76f4d12-8c45-4724-9912-9f698b2929dc"], "accesspoints": []}}, {"model": "organization.organizationclassification", "pk": 646, "fields": {"lang": "en", "confidence": "1", "object_ref": 15, "value": "Joint Task Force;Army;Military", "sources": ["d76f4d12-8c45-4724-9912-9f698b2929dc"], "accesspoints": []}}, {"model": "organization.organizationdivisionid", "pk": 15, "fields": {"lang": null, "confidence": "1", "object_ref": 15, "value": "ocd-division/country:ng", "sources": ["d76f4d12-8c45-4724-9912-9f698b2929dc"], "accesspoints": []}}, {"model": "organization.organizationfirstciteddate", "pk": 645, "fields": {"lang": "en", "confidence": "1", "object_ref": 15, "value": "2016-01-00", "sources": ["d76f4d12-8c45-4724-9912-9f698b2929dc"], "accesspoints": []}}, {"model": "organization.organizationlastciteddate", "pk": 355, "fields": {"lang": "en", "confidence": "1", "object_ref": 15, "value": "2016-03-18", "sources": ["d76f4d12-8c45-4724-9912-9f698b2929dc"], "accesspoints": []}}, {"model": "organization.organizationname", "pk": 15, "fields": {"lang": "en", "confidence": "1", "object_ref": 15, "value": "Operation Sharan Daji", "sources": ["d76f4d12-8c45-4724-9912-9f698b2929dc"], "accesspoints": []}}, {"model": "organization.organizationopenended", "pk": 645, "fields": {"lang": "en", "confidence": "1", "object_ref": 15, "value": "N", "sources": [], "accesspoints": []}}, {"model": "organization.organizationrealstart", "pk": 645, "fields": {"lang": null, "confidence": "1", "object_ref": 15, "value": false, "sources": [], "accesspoints": []}}, {"model": "organization.organizationclassification", "pk": 931, "fields": {"lang": "en", "confidence": "2", "object_ref": 430, "value": "Police", "sources": ["6f8582c2-d4da-4f17-8e7b-a08d0c51c8b9", "e9e158f8-b91b-469b-844e-c7ad27e97db5", "858dc578-b296-46c5-be4d-cb5ce3154079", "797c92b7-e6f1-4c8b-97b1-72a3815bdab6"], "accesspoints": []}}, {"model": "organization.organizationdivisionid", "pk": 430, "fields": {"lang": null, "confidence": "1", "object_ref": 430, "value": "ocd-division/country:ng", "sources": ["07e16094-b14c-42d3-999e-699bc1ebfe9f", "3ab55795-0289-4258-ad26-992612cfdd38", "e9e158f8-b91b-469b-844e-c7ad27e97db5", "2f31c163-f11f-45ba-8d3a-7d644ef631bc", "858dc578-b296-46c5-be4d-cb5ce3154079", "797c92b7-e6f1-4c8b-97b1-72a3815bdab6", "6f8582c2-d4da-4f17-8e7b-a08d0c51c8b9"], "accesspoints": []}}, {"model": "organization.organizationfirstciteddate", "pk": 930, "fields": {"lang": "en", "confidence": "2", "object_ref": 430, "value": "1996-00-00", "sources": ["142cb0fd-62d3-4a50-b1a7-b4c7eb4d930e", "797c92b7-e6f1-4c8b-97b1-72a3815bdab6"], "accesspoints": []}}, {"model": "organization.organizationlastciteddate", "pk": 545, "fields": {"lang": "en", "confidence": "2", "object_ref": 430, "value": "2018-05-22", "sources": ["d94cd7bf-bee9-4da7-99a6-bf8c1091d688"], "accesspoints": []}}, {"model": "organization.organizationname", "pk": 430, "fields": {"lang": "en", "confidence": "1", "object_ref": 430, "value": "Zamfara State Police Command", "sources": ["07e16094-b14c-42d3-999e-699bc1ebfe9f", "3ab55795-0289-4258-ad26-992612cfdd38", "e9e158f8-b91b-469b-844e-c7ad27e97db5", "2f31c163-f11f-45ba-8d3a-7d644ef631bc", "858dc578-b296-46c5-be4d-cb5ce3154079", "797c92b7-e6f1-4c8b-97b1-72a3815bdab6", "6f8582c2-d4da-4f17-8e7b-a08d0c51c8b9"], "accesspoints": []}}, {"model": "organization.organizationopenended", "pk": 930, "fields": {"lang": "en", "confidence": "2", "object_ref": 430, "value": "Y", "sources": [], "accesspoints": []}}, {"model": "organization.organizationrealstart", "pk": 930, "fields": {"lang": null, "confidence": "1", "object_ref": 430, "value": true, "sources": [], "accesspoints": []}}, {"model": "organization.organizationalias", "pk": 505, "fields": {"lang": "en", "confidence": "1", "object_ref": 762, "value": "MOPOL 24 ; Presidential Escort ; Guard Squadron", "sources": ["9fd5a650-fed6-4d55-9b87-757da9166d58", "57129369-f630-4a52-9ccc-4e6bd6cbce1f"], "accesspoints": []}}, {"model": "organization.organizationclassification", "pk": 695, "fields": {"lang": "en", "confidence": "1", "object_ref": 762, "value": "Police Mobile Force (Riot Police);Police", "sources": ["9fd5a650-fed6-4d55-9b87-757da9166d58", "57129369-f630-4a52-9ccc-4e6bd6cbce1f"], "accesspoints": []}}, {"model": "organization.organizationdivisionid", "pk": 762, "fields": {"lang": null, "confidence": "1", "object_ref": 762, "value": "ocd-division/country:ng", "sources": ["50a65841-b429-4e77-b7e4-ac937dd2ae72"], "accesspoints": []}}, {"model": "organization.organizationfirstciteddate", "pk": 694, "fields": {"lang": "en", "confidence": "1", "object_ref": 762, "value": "1986-00-00", "sources": ["9fd5a650-fed6-4d55-9b87-757da9166d58"], "accesspoints": []}}, {"model": "organization.organizationlastciteddate", "pk": 381, "fields": {"lang": "en", "confidence": "1", "object_ref": 762, "value": "2013-12-24", "sources": ["57129369-f630-4a52-9ccc-4e6bd6cbce1f"], "accesspoints": []}}, {"model": "organization.organizationname", "pk": 762, "fields": {"lang": "en", "confidence": "1", "object_ref": 762, "value": "Police Mobile Force Squadron 24", "sources": ["50a65841-b429-4e77-b7e4-ac937dd2ae72"], "accesspoints": []}}, {"model": "organization.organizationopenended", "pk": 694, "fields": {"lang": "en", "confidence": "1", "object_ref": 762, "value": "Y", "sources": [], "accesspoints": []}}, {"model": "organization.organizationrealstart", "pk": 694, "fields": {"lang": null, "confidence": "1", "object_ref": 762, "value": false, "sources": [], "accesspoints": []}}, {"model": "organization.organizationalias", "pk": 65, "fields": {"lang": "en", "confidence": "1", "object_ref": 137, "value": "29 BN", "sources": ["cfb127cc-526c-4311-89d3-c9b813ad6e2e", "480293bc-27aa-4aaa-8b16-ad2895d1eb05"], "accesspoints": []}}, {"model": "organization.organizationclassification", "pk": 89, "fields": {"lang": "en", "confidence": "2", "object_ref": 137, "value": "Army;Military", "sources": ["7549284d-25d3-4b77-b5a8-f7da5fb3a09e", "392a0df6-5fec-4c5f-8d86-15745d6f98ff", "99170342-6d38-4fca-96c5-857fb5335cee", "2fc7b634-375c-4cad-a662-e18ce2e6d533"], "accesspoints": []}}, {"model": "organization.organizationdivisionid", "pk": 137, "fields": {"lang": null, "confidence": "1", "object_ref": 137, "value": "ocd-division/country:ng", "sources": ["d9882294-a0b1-4f58-b450-33cd02009a20", "0f86e21c-4942-49b5-9524-f5cc8213cfaa", "7549284d-25d3-4b77-b5a8-f7da5fb3a09e", "d587322c-9276-4818-bf46-5d6838b7c61c", "6c0e9ae4-a736-4285-aeda-ca774f64308a", "bd950efd-cdb9-4fe0-b942-d31c8bd91b79", "2fc7b634-375c-4cad-a662-e18ce2e6d533", "bb14def4-5cb6-4a87-be94-35615806c13e", "392a0df6-5fec-4c5f-8d86-15745d6f98ff", "99170342-6d38-4fca-96c5-857fb5335cee", "358c43bc-a056-4313-8c8c-203386ab105a"], "accesspoints": []}}, {"model": "organization.organizationfirstciteddate", "pk": 89, "fields": {"lang": "en", "confidence": "2", "object_ref": 137, "value": "2005-07-01", "sources": ["358c43bc-a056-4313-8c8c-203386ab105a"], "accesspoints": []}}, {"model": "organization.organizationheadquarters", "pk": 38, "fields": {"lang": "en", "confidence": "1", "object_ref": 137, "value": "Bori Camp", "sources": ["d587322c-9276-4818-bf46-5d6838b7c61c"], "accesspoints": []}}, {"model": "organization.organizationlastciteddate", "pk": 69, "fields": {"lang": "en", "confidence": "2", "object_ref": 137, "value": "2017-09-06", "sources": ["99170342-6d38-4fca-96c5-857fb5335cee"], "accesspoints": []}}, {"model": "organization.organizationname", "pk": 137, "fields": {"lang": "en", "confidence": "1", "object_ref": 137, "value": "29 Battalion", "sources": ["d9882294-a0b1-4f58-b450-33cd02009a20", "0f86e21c-4942-49b5-9524-f5cc8213cfaa", "7549284d-25d3-4b77-b5a8-f7da5fb3a09e", "d587322c-9276-4818-bf46-5d6838b7c61c", "6c0e9ae4-a736-4285-aeda-ca774f64308a", "bd950efd-cdb9-4fe0-b942-d31c8bd91b79", "2fc7b634-375c-4cad-a662-e18ce2e6d533", "bb14def4-5cb6-4a87-be94-35615806c13e", "392a0df6-5fec-4c5f-8d86-15745d6f98ff", "99170342-6d38-4fca-96c5-857fb5335cee", "358c43bc-a056-4313-8c8c-203386ab105a"], "accesspoints": []}}, {"model": "organization.organizationopenended", "pk": 89, "fields": {"lang": "en", "confidence": "2", "object_ref": 137, "value": "Y", "sources": [], "accesspoints": []}}, {"model": "organization.organizationrealstart", "pk": 89, "fields": {"lang": null, "confidence": "1", "object_ref": 137, "value": false, "sources": [], "accesspoints": []}}, {"model": "organization.organizationclassification", "pk": 87, "fields": {"lang": "en", "confidence": "2", "object_ref": 45, "value": "Army;Military", "sources": ["b6cf16e7-151c-4b9f-bd1f-6dd3ef055294", "f1f26a4f-10e2-4ce4-a00d-bf614c1efefb", "b72d18f7-71fa-42be-b6ab-7fc83fd8027f", "05abf88d-da3e-4bc4-9378-c17c4d45f789", "e7624061-1fee-47c0-b3ff-d0d5a8800e9b"], "accesspoints": []}}, {"model": "organization.organizationdivisionid", "pk": 45, "fields": {"lang": null, "confidence": "1", "object_ref": 45, "value": "ocd-division/country:ng", "sources": ["b6cf16e7-151c-4b9f-bd1f-6dd3ef055294", "20964bcf-51b2-4a03-9ea0-c514d4662918", "f1f26a4f-10e2-4ce4-a00d-bf614c1efefb", "e7624061-1fee-47c0-b3ff-d0d5a8800e9b", "b94bcb3b-b832-4a2f-8618-9e85d191c6ee", "226ece66-1e47-4fce-941f-f338ac558179", "05abf88d-da3e-4bc4-9378-c17c4d45f789", "a185eaac-b1d0-406d-81d2-1de5d4875d86", "6d9a5a30-4887-4aa6-b710-e325dad53a12", "b72d18f7-71fa-42be-b6ab-7fc83fd8027f"], "accesspoints": []}}, {"model": "organization.organizationfirstciteddate", "pk": 87, "fields": {"lang": "en", "confidence": "1", "object_ref": 45, "value": "2016-01-05", "sources": ["05abf88d-da3e-4bc4-9378-c17c4d45f789"], "accesspoints": []}}, {"model": "organization.organizationlastciteddate", "pk": 67, "fields": {"lang": "en", "confidence": "1", "object_ref": 45, "value": "2018-04-22", "sources": ["f1f26a4f-10e2-4ce4-a00d-bf614c1efefb"], "accesspoints": []}}, {"model": "organization.organizationname", "pk": 45, "fields": {"lang": "en", "confidence": "1", "object_ref": 45, "value": "27 Task Force Brigade", "sources": ["b6cf16e7-151c-4b9f-bd1f-6dd3ef055294", "20964bcf-51b2-4a03-9ea0-c514d4662918", "f1f26a4f-10e2-4ce4-a00d-bf614c1efefb", "e7624061-1fee-47c0-b3ff-d0d5a8800e9b", "b94bcb3b-b832-4a2f-8618-9e85d191c6ee", "226ece66-1e47-4fce-941f-f338ac558179", "05abf88d-da3e-4bc4-9378-c17c4d45f789", "a185eaac-b1d0-406d-81d2-1de5d4875d86", "6d9a5a30-4887-4aa6-b710-e325dad53a12", "b72d18f7-71fa-42be-b6ab-7fc83fd8027f"], "accesspoints": []}}, {"model": "organization.organizationopenended", "pk": 87, "fields": {"lang": "en", "confidence": "1", "object_ref": 45, "value": "Y", "sources": [], "accesspoints": []}}, {"model": "organization.organizationrealstart", "pk": 87, "fields": {"lang": null, "confidence": "1", "object_ref": 45, "value": false, "sources": [], "accesspoints": []}}, {"model": "source.source", "pk": "e86a0a8e-cb8c-41e4-a532-4cd5cba98571", "fields": {"title": "Boko Haram Attack Mandawari Police Division in Kano", "publication": "This Day", "publication_country": "Nigeria", "published_on": "2012-03-12", "source_url": "http://allafrica.com/stories/201203130560.html", "date_updated": "2018-10-19T18:56:46.489Z", "date_added": "2018-10-19T18:56:46.489Z", "user": 1}}, {"model": "source.source", "pk": "a67bfd35-65e2-4d73-8e6b-0d1d5e86a9e8", "fields": {"title": "Kano, Maiduguri Attacked Again", "publication": "Vanguard", "publication_country": "Nigeria", "published_on": "2012-01-29", "source_url": "http://allafrica.com/stories/201201301226.html", "date_updated": "2018-10-19T18:56:57.214Z", "date_added": "2018-10-19T18:56:57.214Z", "user": 1}}, {"model": "source.source", "pk": "42787f7c-4e2d-44c8-91a1-846be63daade", "fields": {"title": "Fear of killer herdsmen rules Taraba communities after murder of 55 residents", "publication": "The Nation", "publication_country": "Nigeria", "published_on": "2018-01-13", "source_url": "http://thenationonlineng.net/fear-killer-herdsmen-rules-taraba-communities-murder-55-residents/", "date_updated": "2018-10-19T18:57:19.153Z", "date_added": "2018-10-19T18:57:19.154Z", "user": 1}}, {"model": "source.source", "pk": "1f6ae567-b76c-4a32-a03b-c6794028d5a0", "fields": {"title": "Army to Boko Haram: Surrender arms, embrace FG amnesty offer", "publication": "Vanguard", "publication_country": "Nigeria", "published_on": "2018-03-29", "source_url": "https://www.vanguardngr.com/2018/03/army-boko-haram-surrender-arms-embrace-fg-amnesty-offer/", "date_updated": "2018-10-19T18:57:19.121Z", "date_added": "2018-10-19T18:57:19.121Z", "user": 1}}, {"model": "source.source", "pk": "5426e31f-7337-49f7-b896-7562d44153fd", "fields": {"title": "Missing soldier: Army arrests 11 suspects in Adamawa", "publication": "Vanguard", "publication_country": "Nigeria", "published_on": "2018-01-25", "source_url": "https://www.vanguardngr.com/2018/01/missing-soldier-army-arrests-11-suspects-adamawa/", "date_updated": "2018-10-19T18:57:18.302Z", "date_added": "2018-10-19T18:57:18.302Z", "user": 1}}, {"model": "source.source", "pk": "35ea21a5-cefc-4878-87e8-4cdb0cf2779e", "fields": {"title": "Troops nab 3 Boko Haram terrorists in Borno", "publication": "Vanguard", "publication_country": "Nigeria", "published_on": "2018-03-29", "source_url": "https://www.vanguardngr.com/2018/03/troops-nab-3-boko-haram-terrorists-borno/", "date_updated": "2018-10-19T18:57:17.933Z", "date_added": "2018-10-19T18:57:17.933Z", "user": 1}}, {"model": "source.source", "pk": "57cb0383-c76e-4d8d-a900-236ab9d37517", "fields": {"title": "Troops arrest ex-police inspector for possessing arms", "publication": "Punch", "publication_country": "Nigeria", "published_on": "2017-03-13", "source_url": "http://punchng.com/troops-arrest-ex-police-inspector-for-possessing-arms/", "date_updated": "2018-10-19T18:57:09.184Z", "date_added": "2018-10-19T18:57:09.184Z", "user": 1}}, {"model": "source.source", "pk": "e7624061-1fee-47c0-b3ff-d0d5a8800e9b", "fields": {"title": "Security Challenges: GOC Organises Training for Army Formations", "publication": "This Day", "publication_country": "Nigeria", "published_on": "2017-02-21", "source_url": "https://www.thisdaylive.com/index.php/2017/02/21/security-challenges-goc-organises-training-for-army-formations/", "date_updated": "2018-10-19T18:57:06.490Z", "date_added": "2018-10-19T18:57:06.490Z", "user": 1}}, {"model": "source.source", "pk": "3a591df4-3b1d-4c7c-9cfe-03b9c5c05962", "fields": {"title": "Polls - Army, Police, Others Display Combat Readiness", "publication": "Vanguard", "publication_country": "Nigeria", "published_on": "2007-04-06", "source_url": "http://allafrica.com/stories/200704060005.html", "date_updated": "2018-10-19T18:57:04.871Z", "date_added": "2018-10-19T18:57:04.871Z", "user": 1}}, {"model": "source.source", "pk": "24ad030d-abe7-462d-9fb1-829df7df5c68", "fields": {"title": "Taraba violence: Nigerian Army blames politicians as Governor Ishaku denies ordering killing of Fulanis", "publication": "Premium Times", "publication_country": "Nigeria", "published_on": "2017-06-25", "source_url": "https://www.premiumtimesng.com/news/headlines/235043-taraba-violence-nigerian-army-blames-politicians-governor-ishaku-denies-ordering-killing-fulanis.html", "date_updated": "2018-10-19T18:57:08.318Z", "date_added": "2018-10-19T18:57:08.318Z", "user": 1}}, {"model": "source.source", "pk": "a3a3fbe6-ddc5-451c-a1db-78fe410df04e", "fields": {"title": "Four Gunmen, Not Soccer Fans, Killed in Mubi - Army", "publication": "Daily Trust", "publication_country": "Nigeria", "published_on": "2013-02-04", "source_url": "http://allafrica.com/stories/201302040657.html", "date_updated": "2018-10-19T18:56:52.493Z", "date_added": "2018-10-19T18:56:52.493Z", "user": 1}}, {"model": "source.source", "pk": "b1d3e47f-866d-46d4-8644-a0402ade1aaa", "fields": {"title": "35 dead as twin bomb blasts rock Maiduguri", "publication": "The Nation", "publication_country": "Nigeria", "published_on": "2014-03-02", "source_url": "http://thenationonlineng.net/35-dead-as-twin-bomb-blasts-rock-maiduguri/", "date_updated": "2018-10-19T18:56:41.224Z", "date_added": "2018-10-19T18:56:41.224Z", "user": 1}}, {"model": "source.source", "pk": "e6fe5fa5-4cbb-4b19-8ad7-4c47769b745b", "fields": {"title": "Boko Haram Kills 24 Soldiers, Injures Obasanjo's Son", "publication": "The Guardian", "publication_country": "Nigeria", "published_on": "2014-09-08", "source_url": "http://allafrica.com/stories/201409090167.html", "date_updated": "2018-10-19T18:56:46.618Z", "date_added": "2018-10-19T18:56:46.618Z", "user": 1}}, {"model": "source.source", "pk": "0d12b749-2640-414a-bda6-7b4c9f46ffaa", "fields": {"title": "Nigerian Army Updates Officers On Operations Planning", "publication": "Channels Television", "publication_country": "Nigeria", "published_on": "2013-04-28", "source_url": "http://www.channelstv.com/2013/04/28/nigerian-army-updates-officers-on-operations-planning/", "date_updated": "2018-10-19T18:57:00.459Z", "date_added": "2018-10-19T18:57:00.459Z", "user": 1}}, {"model": "source.source", "pk": "045e152d-513a-4757-986b-185919f98326", "fields": {"title": "Be Battle Ready At All Times, Ihejirika Tells Soldiers", "publication": "Daily Trust", "publication_country": "Nigeria", "published_on": "2012-08-31", "source_url": "http://allafrica.com/stories/201208310863.html", "date_updated": "2018-10-19T18:56:45.866Z", "date_added": "2018-10-19T18:56:45.866Z", "user": 1}}, {"model": "source.source", "pk": "fb5b60cc-ac5d-4bce-80d3-ab0e8579af04", "fields": {"title": "Herdsmen Menace: 3", "publication": "The Guardian", "publication_country": "Nigeria", "published_on": "2016-01-30", "source_url": "http://www.ngrguardiannews.com/2016/01/herdsmen-menace-3-7-million-lives-lost-in-16-years-in-adamawa/", "date_updated": "2018-10-19T18:56:53.962Z", "date_added": "2018-10-19T18:56:53.962Z", "user": 1}}, {"model": "source.source", "pk": "f90ec2c0-c685-475c-9dc8-e1464c7d775a", "fields": {"title": "Students Flee Campus for Fear of Boko Haram Attack", "publication": "This Day", "publication_country": "Nigeria", "published_on": "2014-02-14", "source_url": "http://www.thisdaylive.com/articles/students-flee-campus-for-fear-of-boko-haram-attack/171388/", "date_updated": "2018-10-19T18:57:07.997Z", "date_added": "2018-10-19T18:57:07.997Z", "user": 1}}, {"model": "source.source", "pk": "7902117a-610f-4b80-bf43-95c464c95c4b", "fields": {"title": "Haruna Lauds Nigerian Army", "publication": "This Day", "publication_country": "Nigeria", "published_on": "2005-03-17", "source_url": "http://allafrica.com/stories/200503180409.html", "date_updated": "2018-10-19T18:56:53.848Z", "date_added": "2018-10-19T18:56:53.848Z", "user": 1}}, {"model": "source.source", "pk": "480293bc-27aa-4aaa-8b16-ad2895d1eb05", "fields": {"title": "Military Healthcare Facilities under DHML.", "publication": "Defence Health Maintenance LTD", "publication_country": "Nigeria", "published_on": "", "source_url": "http://dhmlnigeria.com/index.php?option=com_content&view=article&id=8&Itemid=29", "date_updated": "2018-10-19T18:56:36.985Z", "date_added": "2018-10-19T18:56:36.985Z", "user": 1}}, {"model": "source.source", "pk": "53decf2e-bb4a-4ad9-aa33-fd567d0e5770", "fields": {"title": "Zaki Biam - Obasanjo Indicts Akume", "publication": "This Day", "publication_country": "Nigeria", "published_on": "2011-01-16", "source_url": "http://allafrica.com/stories/201101171402.html", "date_updated": "2018-10-19T18:56:49.833Z", "date_added": "2018-10-19T18:56:49.833Z", "user": 1}}, {"model": "source.source", "pk": "f22167e9-0586-44c4-9690-d3a46fd769d0", "fields": {"title": "Jonathan Sacks GOCs, Redeploys Others", "publication": "Daily Champion", "publication_country": "Nigeria", "published_on": "2010-09-25", "source_url": "http://allafrica.com/stories/201009270430.html", "date_updated": "2018-10-19T18:56:55.980Z", "date_added": "2018-10-19T18:56:55.980Z", "user": 1}}, {"model": "source.source", "pk": "cd2518d9-5399-4a89-aca4-cade1f015461", "fields": {"title": "Military Can Tackle Internal Security Challenges, Says GOC", "publication": "Vanguard", "publication_country": "Nigeria", "published_on": "2011-11-14", "source_url": "http://www.vanguardngr.com/2011/11/military-can-tackle-internal-security-challenges-says-goc/", "date_updated": "2018-10-19T18:56:58.971Z", "date_added": "2018-10-19T18:56:58.971Z", "user": 1}}, {"model": "source.source", "pk": "bfb1a7a3-9d8e-4cdb-ba10-feef25da2947", "fields": {"title": "Suicide bomber blows self up in Adamawa, 20 others", "publication": "The Guardian", "publication_country": "Nigeria", "published_on": "2016-01-29", "source_url": "http://guardian.ng/news/breaking-news-suicide-bomber-blows-self-in-adamawa-others/", "date_updated": "2018-10-19T18:57:08.021Z", "date_added": "2018-10-19T18:57:08.021Z", "user": 1}}, {"model": "source.source", "pk": "2e620027-244c-4562-8fd4-316399876418", "fields": {"title": "Army Sends More Troops to Darfur", "publication": "Daily Trust", "publication_country": "Nigeria", "published_on": "2007-10-15", "source_url": "http://allafrica.com/stories/200710151623.html", "date_updated": "2018-10-19T18:56:44.688Z", "date_added": "2018-10-19T18:56:44.688Z", "user": 1}}, {"model": "source.source", "pk": "6d13ca9b-7246-4a0a-a12b-a8db3fb84169", "fields": {"title": "Boko Haram - 600 Soldiers Face Court Martial in Lagos, Abuja", "publication": "Leadership", "publication_country": "Nigeria", "published_on": "2015-05-21", "source_url": "http://allafrica.com/stories/201505210097.html", "date_updated": "2018-10-19T18:56:46.188Z", "date_added": "2018-10-19T18:56:46.188Z", "user": 1}}, {"model": "source.source", "pk": "967b4f26-dbe6-462a-abd7-d7f1b5d95f17", "fields": {"title": "23 Brigade Commandant Promise to End Insurgency", "publication": "This Day", "publication_country": "Nigeria", "published_on": "2014-01-08", "source_url": "http://allafrica.com/stories/201401081434.html", "date_updated": "2018-10-19T18:56:41.030Z", "date_added": "2018-10-19T18:56:41.030Z", "user": 1}}, {"model": "source.source", "pk": "20bd4b91-0fc3-4fbf-bde0-4e1428a99143", "fields": {"title": "Television Viewing Centres in Adamawa, Yobe Shut Down", "publication": "This Day", "publication_country": "Nigeria", "published_on": "2014-06-12", "source_url": "http://allafrica.com/stories/201406121145.html", "date_updated": "2018-10-19T18:57:08.411Z", "date_added": "2018-10-19T18:57:08.411Z", "user": 1}}, {"model": "source.source", "pk": "04c474a4-6f48-4623-be48-f936acf8adda", "fields": {"title": "Suspected Insurgents Arrested in Adamawa", "publication": "Daily Trust", "publication_country": "Nigeria", "published_on": "2013-05-22", "source_url": "http://allafrica.com/stories/201305220363.html", "date_updated": "2018-10-19T18:57:08.110Z", "date_added": "2018-10-19T18:57:08.110Z", "user": 1}}, {"model": "source.source", "pk": "c340eed2-80e3-4910-8d95-a49d30bc23c1", "fields": {"title": "Brigade Commander Reiterates Commitment to Security", "publication": "This Day", "publication_country": "Nigeria", "published_on": "2002-05-06", "source_url": "http://allafrica.com/stories/200205060096.html", "date_updated": "2018-10-19T18:56:47.305Z", "date_added": "2018-10-19T18:56:47.305Z", "user": 1}}, {"model": "source.source", "pk": "6be6f196-d164-4859-ad6d-32c4aef590d1", "fields": {"title": "Cement Firm Attack - Anxiety As Boko Haram Carts Away Dynamite", "publication": "Leadership", "publication_country": "Nigeria", "published_on": "2014-11-06", "source_url": "http://leadership.ng/news/389486/cement-firm-attack-anxiety-boko-haram-carts-away-dynamite", "date_updated": "2018-10-19T18:56:47.910Z", "date_added": "2018-10-19T18:56:47.910Z", "user": 1}}, {"model": "source.source", "pk": "03f5339a-246a-4db4-b49c-5cf8d3f4dcd3", "fields": {"title": "Stars on their shoulders. Blood on their hands. War crimes committed by the Nigerian military", "publication": "Amnesty International", "publication_country": "United Kingdom", "published_on": "2015-06-02", "source_url": "https://www.amnesty.org/en/documents/afr44/1657/2015/en/", "date_updated": "2018-10-19T18:57:17.039Z", "date_added": "2018-10-19T18:57:17.039Z", "user": 1}}, {"model": "source.source", "pk": "0d2c023c-a961-42fd-87d2-48db22517f17", "fields": {"title": "Adamawa Church Attack - Death Toll Rises to 138", "publication": "Vanguard", "publication_country": "Nigeria", "published_on": "2014-01-29", "source_url": "http://www.vanguardngr.com/2014/01/adamawa-church-attack-death-toll-rises-138/", "date_updated": "2018-10-19T18:56:42.033Z", "date_added": "2018-10-19T18:56:42.033Z", "user": 1}}, {"model": "source.source", "pk": "1b0468c5-0cfb-421d-aed1-68df862cb613", "fields": {"title": "Four Soldiers Sanctioned in Adamawa for Torture", "publication": "Daily Trust", "publication_country": "Nigeria", "published_on": "2012-04-19", "source_url": "http://allafrica.com/stories/201204190240.html", "date_updated": "2018-10-19T18:56:52.586Z", "date_added": "2018-10-19T18:56:52.586Z", "user": 1}}, {"model": "source.source", "pk": "a6cdf2d5-9e1c-434e-a9a3-a0d08e54595e", "fields": {"title": "Army Pardons Akure 27 -Falana Lauds Decision", "publication": "This Day", "publication_country": "Nigeria", "published_on": "2010-12-03", "source_url": "http://allafrica.com/stories/201012070844.html", "date_updated": "2018-10-19T18:56:44.401Z", "date_added": "2018-10-19T18:56:44.401Z", "user": 1}}, {"model": "source.source", "pk": "40e996bb-3f68-41d6-8d7d-07a1886137d0", "fields": {"title": "FG Donates Food Items To Soldiers Fighting Insurgency", "publication": "Leadership", "publication_country": "Nigeria", "published_on": "2015-03-13", "source_url": "http://leadership.ng/news/417217/fg-donates-food-items-to-soldiers-fighting-insurgency", "date_updated": "2018-10-19T18:56:52.064Z", "date_added": "2018-10-19T18:56:52.064Z", "user": 1}}, {"model": "source.source", "pk": "2c4ee719-2278-42d1-9e2b-3991c2737982", "fields": {"title": "No Air Force Aircraft Crashed in Yola - DHQ", "publication": "Vanguard", "publication_country": "Nigeria", "published_on": "2014-11-22", "source_url": "http://www.vanguardngr.com/2014/11/air-force-aircraft-crashed-yola-dhq/", "date_updated": "2018-10-19T18:57:00.631Z", "date_added": "2018-10-19T18:57:00.631Z", "user": 1}}, {"model": "source.source", "pk": "7df7db45-577f-45de-8e61-8e9e92054988", "fields": {"title": "Two Hundred Troops Arrive Adamawa", "publication": "Daily Trust", "publication_country": "Nigeria", "published_on": "2013-05-21", "source_url": "http://allafrica.com/stories/201305220446.html", "date_updated": "2018-10-19T18:57:09.563Z", "date_added": "2018-10-19T18:57:09.563Z", "user": 1}}, {"model": "source.source", "pk": "ca4dd04d-be21-4a35-b114-129ba3b28340", "fields": {"title": "Army Promotes 150 Senior Officers", "publication": "This Day", "publication_country": "Nigeria", "published_on": "2012-12-20", "source_url": "http://www.thisdaylive.com/articles/army-promotes-150-senior-officers/134032/", "date_updated": "2018-10-19T18:56:44.438Z", "date_added": "2018-10-19T18:56:44.438Z", "user": 1}}, {"model": "source.source", "pk": "60a5bb54-36d0-4eb4-8c8f-878374b1a1e9", "fields": {"title": "Boko Haram - Nigerian Troops Launch Counter-Offensive to Retake Gwoza", "publication": "This Day", "publication_country": "Nigeria", "published_on": "2014-08-11", "source_url": "http://allafrica.com/stories/201408112695.html", "date_updated": "2018-10-19T18:56:46.412Z", "date_added": "2018-10-19T18:56:46.412Z", "user": 1}}, {"model": "source.source", "pk": "b4fa4a6b-0560-42e7-a2b4-d56856b0d53e", "fields": {"title": "Army Relaxes Curfew in Adamawa", "publication": "Daily Trust", "publication_country": "Nigeria", "published_on": "2013-06-16", "source_url": "http://allafrica.com/stories/201306160185.html", "date_updated": "2018-10-19T18:56:44.555Z", "date_added": "2018-10-19T18:56:44.555Z", "user": 1}}, {"model": "source.source", "pk": "efdd2a74-48b9-4d68-90c0-bc1f2c40477b", "fields": {"title": "Army Promotions: Minimah, Kwaji, Muraina, Marwa now Major-Generals", "publication": "Vanguard", "publication_country": "Nigeria", "published_on": "2010-12-04", "source_url": "http://www.vanguardngr.com/2010/12/army-promotions-minimah-kwaji-muraina-marwa-now-major-generals/", "date_updated": "2018-10-19T18:56:44.462Z", "date_added": "2018-10-19T18:56:44.462Z", "user": 1}}, {"model": "source.source", "pk": "a93bb4c9-8863-4b6c-9a56-d4b68ba8209f", "fields": {"title": "Borno - Nursing Mother Killed, Two Injured As Soldiers, Youths Clash", "publication": "Daily Trust", "publication_country": "Nigeria", "published_on": "2011-08-11", "source_url": "http://allafrica.com/stories/201108121084.html", "date_updated": "2018-10-19T18:56:47.136Z", "date_added": "2018-10-19T18:56:47.136Z", "user": 1}}, {"model": "source.source", "pk": "b724dc6d-6706-4de8-ac9f-ecc0ce8caa3b", "fields": {"title": "Massive Onslaught Against Boko Haram in Borno, Yobe", "publication": "This Day", "publication_country": "Nigeria", "published_on": "2013-10-26", "source_url": "http://allafrica.com/stories/201310280683.html", "date_updated": "2018-10-19T18:56:58.562Z", "date_added": "2018-10-19T18:56:58.562Z", "user": 1}}, {"model": "source.source", "pk": "8765405d-9970-4ce0-9d20-0ed4a74a200e", "fields": {"title": "Promotion - Army Gets 27 New Major Generals, 75 Brigadiers", "publication": "Daily Trust", "publication_country": "Nigeria", "published_on": "2013-12-12", "source_url": "http://www.dailytrust.com.ng/daily/news/12165-promotion-army-gets-27-new-major-generals-75-brigadiers", "date_updated": "2018-10-19T18:57:05.093Z", "date_added": "2018-10-19T18:57:05.093Z", "user": 1}}, {"model": "source.source", "pk": "f8c4d412-7a10-441f-9e23-f768ca31ae86", "fields": {"title": "Court Orders Army to Produce Suspected Gun Runner", "publication": "Daily Trust", "publication_country": "Nigeria", "published_on": "2012-06-15", "source_url": "http://allafrica.com/stories/201206150651.html", "date_updated": "2018-10-19T18:56:48.710Z", "date_added": "2018-10-19T18:56:48.710Z", "user": 1}}, {"model": "source.source", "pk": "f03b5693-a11c-45a8-aa32-2778736b9ec0", "fields": {"title": "Curfew Relaxed in Borno, Yobe as 200 Troops Storm Adamawa", "publication": "This Day", "publication_country": "Nigeria", "published_on": "2013-05-21", "source_url": "http://www.thisdaylive.com/articles/curfew-relaxed-in-borno-yobe-as-200-troops-storm-adamawa/148078/", "date_updated": "2018-10-19T18:56:49.108Z", "date_added": "2018-10-19T18:56:49.108Z", "user": 1}}, {"model": "source.source", "pk": "0cf43bcc-6564-4dd0-bf7a-3779e82b393c", "fields": {"title": "Former President Obasanjo's Son Shot In Mubi By Boko Haram", "publication": "Sahara Reporters", "publication_country": "United States of America", "published_on": "2014-09-08", "source_url": "http://saharareporters.com/2014/09/08/former-president-obasanjos-son-shot-mubi-boko-haram", "date_updated": "2018-10-19T18:56:52.324Z", "date_added": "2018-10-19T18:56:52.324Z", "user": 1}}, {"model": "source.source", "pk": "25af78d0-58de-4799-b426-d4bff069a7f2", "fields": {"title": "Army Promotes 59 Generals", "publication": "Daily Trust", "publication_country": "Nigeria", "published_on": "2012-12-20", "source_url": "http://allafrica.com/stories/201212200362.html", "date_updated": "2018-10-19T18:56:44.455Z", "date_added": "2018-10-19T18:56:44.455Z", "user": 1}}, {"model": "source.source", "pk": "96b4be35-d114-4d2e-a6f2-b02f0fa7532f", "fields": {"title": "Terrorism - Army Sends GOC to Office", "publication": "Vanguard", "publication_country": "Nigeria", "published_on": "2014-10-25", "source_url": "http://www.vanguardngr.com/2014/10/terrorism-army-sends-goc-office/", "date_updated": "2018-10-19T18:57:08.529Z", "date_added": "2018-10-19T18:57:08.529Z", "user": 1}}, {"model": "source.source", "pk": "d13c203d-33ed-425a-aba6-4f53ed199fc7", "fields": {"title": "Commander Seeks Collaboration With Traditional Rulers On Insurgency", "publication": "Daily Trust", "publication_country": "Nigeria", "published_on": "2015-09-18", "source_url": "http://allafrica.com/stories/201509180109.html", "date_updated": "2018-10-19T18:56:48.220Z", "date_added": "2018-10-19T18:56:48.220Z", "user": 1}}, {"model": "source.source", "pk": "6ef71e36-2385-4b1a-90ce-cac1634959e3", "fields": {"title": "From Freedom to Fear", "publication": "This Day", "publication_country": "Nigeria", "published_on": "2014-06-23", "source_url": "http://allafrica.com/stories/201406230709.html", "date_updated": "2018-10-19T18:56:52.651Z", "date_added": "2018-10-19T18:56:52.651Z", "user": 1}}, {"model": "source.source", "pk": "6e7b46fa-7011-465e-8f3f-b1c6ab744247", "fields": {"title": "Mass Sack - Panic Grips Army Barracks", "publication": "Daily Trust", "publication_country": "Nigeria", "published_on": "2015-01-18", "source_url": "http://www.dailytrust.com.ng/sunday/index.php/news/19380-mass-sack-panic-grips-army-barracks", "date_updated": "2018-10-19T18:56:58.545Z", "date_added": "2018-10-19T18:56:58.545Z", "user": 1}}, {"model": "source.source", "pk": "e4496cac-2e7f-4001-a1cb-cef9f9c7dd93", "fields": {"title": "In Major Shake-Up, Army Redeploys Senior Officers", "publication": "This Day", "publication_country": "Nigeria", "published_on": "2013-12-28", "source_url": "http://allafrica.com/stories/201312280010.html", "date_updated": "2018-10-19T18:56:55.242Z", "date_added": "2018-10-19T18:56:55.243Z", "user": 1}}, {"model": "source.source", "pk": "36a978f0-e1ef-4e88-ac3c-1e1e2bdbdd9a", "fields": {"title": "Govt Intensifies Security Measures", "publication": "This Day", "publication_country": "Nigeria", "published_on": "2011-12-30", "source_url": "http://www.thisdaylive.com/articles/govt-intensifies-security-measures/106096/", "date_updated": "2018-10-19T18:56:53.141Z", "date_added": "2018-10-19T18:56:53.141Z", "user": 1}}, {"model": "source.source", "pk": "ff391644-b8ff-4c7b-b14e-76bd9d1f4ed8", "fields": {"title": "Boko Haram's Capture of Mubi: Six Top Military Officers May Face Trial", "publication": "Premium Times", "publication_country": "Nigeria", "published_on": "2014-11-05", "source_url": "http://www.premiumtimesng.com/news/top-news/170634-boko-harams-capture-of-mubi-six-top-military-officers-may-face-trial.html", "date_updated": "2018-10-19T18:56:47.018Z", "date_added": "2018-10-19T18:56:47.018Z", "user": 1}}, {"model": "source.source", "pk": "9a8bbd32-7d10-470b-b21d-ee24fe5bd277", "fields": {"title": "The Impact Of Border Closure Between Nigeria And Cameroon", "publication": "Leadership", "publication_country": "Nigeria", "published_on": "2014-03-08", "source_url": "http://allafrica.com/stories/201403101356.html", "date_updated": "2018-10-19T18:57:08.608Z", "date_added": "2018-10-19T18:57:08.608Z", "user": 1}}, {"model": "source.source", "pk": "4c62ab1f-a9d7-40fa-9d12-01175af21f17", "fields": {"title": "Nigerian Military Court acquits Commander accused of failing to stop Boko Haram", "publication": "Premium Times", "publication_country": "Nigeria", "published_on": "2015-05-21", "source_url": "http://www.premiumtimesng.com/news/headlines/183412-nigerian-military-court-acquits-commander-accused-of-failing-to-stop-boko-haram.html", "date_updated": "2018-10-19T18:57:00.499Z", "date_added": "2018-10-19T18:57:00.499Z", "user": 1}}, {"model": "source.source", "pk": "6f908146-fff9-4c85-9d7c-6a342cc6fcf3", "fields": {"title": "One year after... the carnage of Boko Haram stands tall in Borno, Yobe", "publication": "Daily Trust", "publication_country": "Nigeria", "published_on": "2010-08-08", "source_url": "https://www.dailytrust.com.ng/news/general/one-year-after-the-carnage-of-boko-haram-stands-tall-in-borno-yobe/87477.html", "date_updated": "2018-10-19T18:57:17.354Z", "date_added": "2018-10-19T18:57:17.354Z", "user": 1}}, {"model": "source.source", "pk": "08a8e6c0-78b6-4ee2-96e0-917fc53e4e07", "fields": {"title": "Five Boko Haram Members Killed in Kano, Maiduguri", "publication": "This Day", "publication_country": "Nigeria", "published_on": "2012-03-25", "source_url": "http://allafrica.com/stories/201203250176.html", "date_updated": "2018-10-19T18:56:52.206Z", "date_added": "2018-10-19T18:56:52.207Z", "user": 1}}, {"model": "source.source", "pk": "6dea3e5a-60f2-4205-91c3-4c631cadfebc", "fields": {"title": "JTF Pounds Suspected Boko Haram Hideout in Kano", "publication": "Leadership", "publication_country": "Nigeria", "published_on": "2012-03-25", "source_url": "http://allafrica.com/stories/201203260793.html", "date_updated": "2018-10-19T18:56:56.624Z", "date_added": "2018-10-19T18:56:56.624Z", "user": 1}}, {"model": "source.source", "pk": "cfb127cc-526c-4311-89d3-c9b813ad6e2e", "fields": {"title": "Foreign Military Training and DoD Engagement Activities of Interest, 2013-2014", "publication": "United States Department of State", "publication_country": "United States of America", "published_on": "2014-00-00", "source_url": "http://www.state.gov/documents/organization/230209.pdf", "date_updated": "2018-10-19T18:56:57.369Z", "date_added": "2018-10-19T18:56:57.369Z", "user": 1}}, {"model": "source.source", "pk": "a8bdb394-44de-45d8-a71a-3e6abbb4a211", "fields": {"title": "Boko Haram: Buhari Calls for Limiting Sect\u2019s Access to Funds, Weapons, Others", "publication": "This Day", "publication_country": "Nigeria", "published_on": "2015-06-12", "source_url": "http://www.thisdaylive.com/articles/boko-haram-buhari-calls-for-limiting-sect-8217-s-access-to-funds-weapons-others/211792/", "date_updated": "2018-10-19T18:56:46.932Z", "date_added": "2018-10-19T18:56:46.932Z", "user": 1}}, {"model": "source.source", "pk": "e48764f9-b89b-4ac8-b2a4-6b5d37ffb07d", "fields": {"title": "Emergency Rule - Economic Activities Grounded in Three States", "publication": "Leadership", "publication_country": "Nigeria", "published_on": "2013-05-17", "source_url": "http://www.leadership.ng/news/170513/emergency-rule-economic-activities-grounded-3-states", "date_updated": "2018-10-19T18:56:51.284Z", "date_added": "2018-10-19T18:56:51.284Z", "user": 1}}, {"model": "source.source", "pk": "acb6c72c-6d82-4987-945f-c40169dc3a67", "fields": {"title": "Hundreds of troops deployed in Adamawa, Borno, Yobe", "publication": "Punch", "publication_country": "Nigeria", "published_on": "2013-05-16", "source_url": "http://www.punchng.com/news/hundreds-of-troops-deployed-in-adamawa-borno-yobe/", "date_updated": "2018-10-19T18:56:54.661Z", "date_added": "2018-10-19T18:56:54.661Z", "user": 1}}, {"model": "source.source", "pk": "d72f48ab-eef0-4843-9769-97fafb774914", "fields": {"title": "Dismissed Soldiers Appear in Court", "publication": "Vanguard", "publication_country": "Nigeria", "published_on": "2006-03-17", "source_url": "http://allafrica.com/stories/200603170109.html", "date_updated": "2018-10-19T18:56:50.258Z", "date_added": "2018-10-19T18:56:50.258Z", "user": 1}}, {"model": "source.source", "pk": "1abd3280-e475-4047-89ab-6f3ed1066106", "fields": {"title": "Sudan: Darfur Crisis: First Batch of Troops Airlifted to Sudan", "publication": "Daily Trust", "publication_country": "Nigeria", "published_on": "2006-03-28", "source_url": "http://allafrica.com/stories/200603280287.html", "date_updated": "2018-10-19T18:57:08.011Z", "date_added": "2018-10-19T18:57:08.011Z", "user": 1}}, {"model": "source.source", "pk": "fc72fea5-d1d9-475a-8ffc-a4bfca52a002", "fields": {"title": "Structure", "publication": "Nigerian Navy", "publication_country": "Nigeria", "published_on": "", "source_url": "http://navy.mil.ng/Structure", "date_updated": "2018-10-19T18:56:38.489Z", "date_added": "2018-10-19T18:56:38.490Z", "user": 1}}, {"model": "source.source", "pk": "d76f4d12-8c45-4724-9912-9f698b2929dc", "fields": {"title": "35 bandits killed, 39 others arrested in North-East \u2013 Nigerian Army", "publication": "Premium Times", "publication_country": "Nigeria", "published_on": "2016-03-19", "source_url": "http://www.premiumtimesng.com/news/top-news/200415-35-bandits-killed-39-others-arrested-north-east-nigerian-army.html", "date_updated": "2018-10-19T18:56:41.218Z", "date_added": "2018-10-19T18:56:41.218Z", "user": 1}}, {"model": "source.source", "pk": "6f8582c2-d4da-4f17-8e7b-a08d0c51c8b9", "fields": {"title": "8 Policemen Commended for Gallantry", "publication": "This Day", "publication_country": "Nigeria", "published_on": "2003-01-12", "source_url": "https://allafrica.com/stories/200301140092.html", "date_updated": "2018-10-19T18:57:18.000Z", "date_added": "2018-10-19T18:57:18.000Z", "user": 1}}, {"model": "source.source", "pk": "e9e158f8-b91b-469b-844e-c7ad27e97db5", "fields": {"title": "Kidnappers of Zamfara Emir Demand N10 Million", "publication": "Daily Trust", "publication_country": "Nigeria", "published_on": "2015-03-23", "source_url": "http://allafrica.com/stories/201503231497.html", "date_updated": "2018-10-19T18:56:57.533Z", "date_added": "2018-10-19T18:56:57.533Z", "user": 1}}, {"model": "source.source", "pk": "858dc578-b296-46c5-be4d-cb5ce3154079", "fields": {"title": "Army Officer Faces Charges of Brutality Over Girlfriend", "publication": "Daily Trust", "publication_country": "Nigeria", "published_on": "2007-11-17", "source_url": "http://allafrica.com/stories/200711180150.html", "date_updated": "2018-10-19T18:56:44.349Z", "date_added": "2018-10-19T18:56:44.349Z", "user": 1}}, {"model": "source.source", "pk": "797c92b7-e6f1-4c8b-97b1-72a3815bdab6", "fields": {"title": "ZAMFARA POLICE COMMAND", "publication": "Nigeria Police Force", "publication_country": "Nigeria", "published_on": "", "source_url": "http://www.npf.gov.ng/ZoneDetails?id=zamfara", "date_updated": "2018-10-19T18:56:50.018Z", "date_added": "2018-10-19T18:56:50.018Z", "user": 1}}, {"model": "source.source", "pk": "2f31c163-f11f-45ba-8d3a-7d644ef631bc", "fields": {"title": "Criminal Force \u2013 Torture, Abuse, and Extrajudicial Killings by the Nigeria Police Force", "publication": "Network on Police Reform in Nigeria et al", "publication_country": "Nigeria", "published_on": "2010-00-00", "source_url": "https://www.opensocietyfoundations.org/sites/default/files/criminal-force-20100519.pdf", "date_updated": "2018-10-19T18:56:36.209Z", "date_added": "2018-10-19T18:56:36.209Z", "user": 1}}, {"model": "source.source", "pk": "3ab55795-0289-4258-ad26-992612cfdd38", "fields": {"title": "\u201cAN ADDRESS BY THE INSPECTOR GENERAL OF POLICE, IGP IBRAHIM K", "publication": "Nigeria Police Force", "publication_country": "Nigeria", "published_on": "2017-12-22", "source_url": "https://www.facebook.com/ngpolice/posts/1820388998003151", "date_updated": "2018-10-19T18:56:36.334Z", "date_added": "2018-10-19T18:56:36.334Z", "user": 1}}, {"model": "source.source", "pk": "07e16094-b14c-42d3-999e-699bc1ebfe9f", "fields": {"title": "Motions Without Movement: Report of Presidential Committees On Police Reforms In Nigeria.", "publication": "CLEEN Foundation", "publication_country": "Nigeria", "published_on": "2008-00-00", "source_url": "http://www.cleen.org/Report%20of%20Presidential%20Committee%20on%20Police%20Reform.pdf", "date_updated": "2018-10-19T18:56:36.992Z", "date_added": "2018-10-19T18:56:36.992Z", "user": 1}}, {"model": "source.source", "pk": "142cb0fd-62d3-4a50-b1a7-b4c7eb4d930e", "fields": {"title": "Nigeria Police Regulations 1968 Part II S.8(1)", "publication": "Supreme Military Council of Nigeria", "publication_country": "Nigeria", "published_on": "1968-00-00", "source_url": "http://lawsofnigeria.placng.org/laws/P19.pdf", "date_updated": "2018-10-19T18:57:19.290Z", "date_added": "2018-10-19T18:57:19.290Z", "user": 1}}, {"model": "source.source", "pk": "d94cd7bf-bee9-4da7-99a6-bf8c1091d688", "fields": {"title": "Army kills 68 bandits, recover 17 motorcycles in Zamfara", "publication": "Vanguard", "publication_country": "Nigeria", "published_on": "2018-05-22", "source_url": "https://www.vanguardngr.com/2018/05/army-kills-68-bandits-recover-17-motorcycles-zamfara/", "date_updated": "2018-10-19T18:57:18.295Z", "date_added": "2018-10-19T18:57:18.295Z", "user": 1}}, {"model": "source.source", "pk": "9fd5a650-fed6-4d55-9b87-757da9166d58", "fields": {"title": "Policing Nigeria in the 21st Century. \"Police Mobile Force: How Far, How Well?\"", "publication": "Spectrum Books Limited", "publication_country": "Nigeria", "published_on": "2007-00-00", "source_url": "http://www.worldcat.org/title/policing-nigeria-in-the-21st-century/oclc/227814661", "date_updated": "2018-10-19T18:57:18.049Z", "date_added": "2018-10-19T18:57:18.049Z", "user": 1}}, {"model": "source.source", "pk": "57129369-f630-4a52-9ccc-4e6bd6cbce1f", "fields": {"title": "IGP\u2019s scorecard: How Abubakar\u2019s police shut out South", "publication": "The Sun", "publication_country": "Nigeria", "published_on": "2013-12-25", "source_url": "http://sunnewsonline.com/new/igps-scorecard-abubakars-police-shut-south/", "date_updated": "2018-10-19T18:56:55.046Z", "date_added": "2018-10-19T18:56:55.046Z", "user": 1}}, {"model": "source.source", "pk": "50a65841-b429-4e77-b7e4-ac937dd2ae72", "fields": {"title": "Name standardized in accordance with Security Force Monitor research", "publication": "Security Force Monitor", "publication_country": "United States of America", "published_on": "", "source_url": "", "date_updated": "2018-10-19T18:57:15.955Z", "date_added": "2018-10-19T18:57:15.955Z", "user": 1}}, {"model": "source.source", "pk": "7549284d-25d3-4b77-b5a8-f7da5fb3a09e", "fields": {"title": "Army denies killing eleven IPOB members, to focus on insurgents", "publication": "The Guardian", "publication_country": "Nigeria", "published_on": "2017-02-20", "source_url": "https://guardian.ng/news/army-denies-killing-eleven-ipob-members-to-focus-on-insurgents/", "date_updated": "2018-10-19T18:56:43.806Z", "date_added": "2018-10-19T18:56:43.806Z", "user": 1}}, {"model": "source.source", "pk": "392a0df6-5fec-4c5f-8d86-15745d6f98ff", "fields": {"title": "JTF Adopts New Strategy In Destroying Illegal Oil Refineries In Niger Delta", "publication": "Leadership", "publication_country": "Nigeria", "published_on": "2014-01-12", "source_url": "http://leadership.ng/news/311627/jtf-adopts-new-strategy-in-destroying-illegal-oil-refineries-in-niger-delta", "date_updated": "2018-10-19T18:56:56.256Z", "date_added": "2018-10-19T18:56:56.256Z", "user": 1}}, {"model": "source.source", "pk": "99170342-6d38-4fca-96c5-857fb5335cee", "fields": {"title": "Two soldiers wounded in gun battle with oil thieves in Rivers", "publication": "Premium Times", "publication_country": "Nigeria", "published_on": "2017-09-06", "source_url": "http://www.premiumtimesng.com/regional/south-south-regional/242589-two-soldiers-wounded-gun-battle-oil-thieves-rivers.html", "date_updated": "2018-10-19T18:57:09.648Z", "date_added": "2018-10-19T18:57:09.648Z", "user": 1}}, {"model": "source.source", "pk": "2fc7b634-375c-4cad-a662-e18ce2e6d533", "fields": {"title": "Army Goc Warns Soldiers Against Civilians", "publication": "Leadership", "publication_country": "Nigeria", "published_on": "2007-09-24", "source_url": "http://allafrica.com/stories/200709240888.html", "date_updated": "2018-10-19T18:56:44.182Z", "date_added": "2018-10-19T18:56:44.182Z", "user": 1}}, {"model": "source.source", "pk": "358c43bc-a056-4313-8c8c-203386ab105a", "fields": {"title": "Nigerian Soldiers Depart for Sudan", "publication": "This Day", "publication_country": "Nigeria", "published_on": "2005-07-01", "source_url": "http://allafrica.com/stories/200507010391.html", "date_updated": "2018-10-19T18:57:00.529Z", "date_added": "2018-10-19T18:57:00.529Z", "user": 1}}, {"model": "source.source", "pk": "bb14def4-5cb6-4a87-be94-35615806c13e", "fields": {"title": "Army Soon to Launch Offensive in North-East'", "publication": "Daily Trust", "publication_country": "Nigeria", "published_on": "2014-08-25", "source_url": "http://www.dailytrust.com.ng/daily/index.php/news-menu/news/32583-army-soon-to-launch-offensive-in-north-east", "date_updated": "2018-10-19T18:56:44.711Z", "date_added": "2018-10-19T18:56:44.711Z", "user": 1}}, {"model": "source.source", "pk": "bd950efd-cdb9-4fe0-b942-d31c8bd91b79", "fields": {"title": "JTF Destroys 110 Illegal Refineries", "publication": "Daily Trust", "publication_country": "Nigeria", "published_on": "2014-07-11", "source_url": "http://www.dailytrust.com.ng/daily/news/28967-jtf-destroys-110-illegal-refineries", "date_updated": "2018-10-19T18:56:56.376Z", "date_added": "2018-10-19T18:56:56.376Z", "user": 1}}, {"model": "source.source", "pk": "6c0e9ae4-a736-4285-aeda-ca774f64308a", "fields": {"title": "JTF Arrests 29 Oil Thieves, Destroys 127 Illegal Refineries", "publication": "Leadership", "publication_country": "Nigeria", "published_on": "2013-09-29", "source_url": "http://allafrica.com/stories/201309300110.html", "date_updated": "2018-10-19T18:56:56.281Z", "date_added": "2018-10-19T18:56:56.281Z", "user": 1}}, {"model": "source.source", "pk": "d587322c-9276-4818-bf46-5d6838b7c61c", "fields": {"title": "Day Soldiers Dumped Guns for Brooms", "publication": "Daily Trust", "publication_country": "Nigeria", "published_on": "2011-07-18", "source_url": "http://allafrica.com/stories/201107250940.html", "date_updated": "2018-10-19T18:56:49.263Z", "date_added": "2018-10-19T18:56:49.263Z", "user": 1}}, {"model": "source.source", "pk": "0f86e21c-4942-49b5-9524-f5cc8213cfaa", "fields": {"title": "Poor Information Flow Affecting Our Job, Says JTF Commander", "publication": "Daily Trust", "publication_country": "Nigeria", "published_on": "2013-09-16", "source_url": "http://allafrica.com/stories/201309161447.html", "date_updated": "2018-10-19T18:57:04.933Z", "date_added": "2018-10-19T18:57:04.933Z", "user": 1}}, {"model": "source.source", "pk": "d9882294-a0b1-4f58-b450-33cd02009a20", "fields": {"title": "SPECIAL REPORT: How Nigerian Army violated own rules, sacked officers for not helping APC", "publication": "Premium Times", "publication_country": "Nigeria", "published_on": "2016-08-11", "source_url": "https://www.premiumtimesng.com/news/headlines/208459-special-report-how-nigerian-army-violated-own-rules-sacked-officers-for-not-helping-apc.html", "date_updated": "2018-10-19T18:57:07.613Z", "date_added": "2018-10-19T18:57:07.613Z", "user": 1}}, {"model": "source.source", "pk": "b6cf16e7-151c-4b9f-bd1f-6dd3ef055294", "fields": {"title": "Soldiers celebrate Christmas in Gwoza, Buni Yadi", "publication": "Vanguard", "publication_country": "Nigeria", "published_on": "2017-12-26", "source_url": "https://www.vanguardngr.com/2017/12/soldiers-celebrate-christmas-gwoza-buni-yadi/", "date_updated": "2018-10-19T18:57:18.324Z", "date_added": "2018-10-19T18:57:18.324Z", "user": 1}}, {"model": "source.source", "pk": "f1f26a4f-10e2-4ce4-a00d-bf614c1efefb", "fields": {"title": "Troops destroys Boko Haram IED factory, rescues hostages in Borno", "publication": "Vanguard", "publication_country": "Nigeria", "published_on": "2018-04-24", "source_url": "https://www.vanguardngr.com/2018/04/troops-destroys-boko-haram-ied-factory-rescues-hostages-borno/", "date_updated": "2018-10-19T18:57:17.495Z", "date_added": "2018-10-19T18:57:17.495Z", "user": 1}}, {"model": "source.source", "pk": "b72d18f7-71fa-42be-b6ab-7fc83fd8027f", "fields": {"title": "Troops 'Arrest Boko Haram's Top Commanders' in Yobe", "publication": "Premium Times", "publication_country": "Nigeria", "published_on": "2016-06-17", "source_url": "http://www.premiumtimesng.com/news/top-news/205428-nigerian-troops-arrest-boko-harams-top-commanders-yobe.html", "date_updated": "2018-10-19T18:57:09.161Z", "date_added": "2018-10-19T18:57:09.161Z", "user": 1}}, {"model": "source.source", "pk": "05abf88d-da3e-4bc4-9378-c17c4d45f789", "fields": {"title": "Build on Col Bako\u2019s records, Gaidam charges new army commander", "publication": "Vanguard", "publication_country": "Nigeria", "published_on": "2016-01-05", "source_url": "http://www.vanguardngr.com/2016/01/build-on-col-bakos-records-gaidam-charges-new-army-commander/", "date_updated": "2018-10-19T18:56:47.382Z", "date_added": "2018-10-19T18:56:47.382Z", "user": 1}}, {"model": "source.source", "pk": "6d9a5a30-4887-4aa6-b710-e325dad53a12", "fields": {"title": "Army Discover, Destroy Boko Haram Administrative Base", "publication": "This Day", "publication_country": "Nigeria", "published_on": "2016-05-06", "source_url": "http://allafrica.com/stories/201605060033.html", "date_updated": "2018-10-19T18:56:43.932Z", "date_added": "2018-10-19T18:56:43.932Z", "user": 1}}, {"model": "source.source", "pk": "a185eaac-b1d0-406d-81d2-1de5d4875d86", "fields": {"title": "Boko Haram Kills 24 Mourners in Madagali As Troops, Police Capture Kingpins in Yobe", "publication": "This Day", "publication_country": "Nigeria", "published_on": "2016-06-18", "source_url": "http://allafrica.com/stories/201606180009.html", "date_updated": "2018-10-19T18:56:46.610Z", "date_added": "2018-10-19T18:56:46.610Z", "user": 1}}, {"model": "source.source", "pk": "226ece66-1e47-4fce-941f-f338ac558179", "fields": {"title": "Army carries out clearance operations against terrorists, criminals", "publication": "The Sun", "publication_country": "Nigeria", "published_on": "2017-03-13", "source_url": "http://sunnewsonline.com/army-carries-out-clearance-operations-against-terrorists-criminals/", "date_updated": "2018-10-19T18:56:43.506Z", "date_added": "2018-10-19T18:56:43.506Z", "user": 1}}, {"model": "source.source", "pk": "b94bcb3b-b832-4a2f-8618-9e85d191c6ee", "fields": {"title": "Gaidam Lauds Army's Effort As Two Get New Ranks", "publication": "Daily Trust", "publication_country": "Nigeria", "published_on": "2015-01-01", "source_url": "http://www.dailytrust.com.ng/daily/news/43380-gaidam-lauds-army-s-effort-as-2-get-new-ranks", "date_updated": "2018-10-19T18:56:52.754Z", "date_added": "2018-10-19T18:56:52.754Z", "user": 1}}, {"model": "source.source", "pk": "20964bcf-51b2-4a03-9ea0-c514d4662918", "fields": {"title": "COAS commends Gov. Gaidam for presentation of vehicles to army", "publication": "Vanguard", "publication_country": "Nigeria", "published_on": "2018-01-06", "source_url": "https://www.vanguardngr.com/2018/01/coas-commends-gov-gaidam-presentation-vehicles-army/", "date_updated": "2018-10-19T18:57:17.480Z", "date_added": "2018-10-19T18:57:17.480Z", "user": 1}}, {"model": "auth.user", "pk": 1, "fields": {"password": "pbkdf2_sha256$36000$jrNZ2gA4YgVB$yqs1s+oJX+zELKGaz4w8+ielBpAmusmf4f4phRSidk4=", "last_login": null, "is_superuser": false, "username": "importer", "first_name": "", "last_name": "", "email": "importer@importer.com", "is_staff": false, "is_active": true, "date_joined": "2018-10-19T18:56:26.509Z", "groups": [], "user_permissions": []}}]