[{"model": "organization.organization", "pk": 1, "fields": {"uuid": "e62ac439-57ed-4a8e-be34-d130ffefeaf0"}}, {"model": "organization.organization", "pk": 2, "fields": {"uuid": "5f03420b-64a4-4a92-90a5-009d2ab7f682"}}, {"model": "organization.organization", "pk": 3, "fields": {"uuid": "fbdee5e5-fc3c-406d-a051-6e26736cc6fd"}}, {"model": "organization.organization", "pk": 4, "fields": {"uuid": "22053e2a-0b61-4ecd-8183-9bcaa0426ccc"}}, {"model": "organization.organization", "pk": 5, "fields": {"uuid": "e43b094d-e949-4e91-87f8-8987b0fdb771"}}, {"model": "organization.organization", "pk": 6, "fields": {"uuid": "467551e9-9635-4b0d-a045-2c042eff6c7b"}}, {"model": "organization.organization", "pk": 7, "fields": {"uuid": "3e72f64f-e128-486a-bdca-5c0ff39ef3b8"}}, {"model": "organization.organization", "pk": 8, "fields": {"uuid": "85c662c9-b5a2-4dd3-acfb-0559d405178a"}}, {"model": "organization.organization", "pk": 9, "fields": {"uuid": "1f709aff-6030-4aba-aa54-3a4ba9608987"}}, {"model": "organization.organization", "pk": 10, "fields": {"uuid": "79152da2-f596-499c-9a51-51a47f3e9324"}}, {"model": "organization.organizationalias", "pk": 1, "fields": {"lang": "en", "confidence": "2", "object_ref": 1, "value": "ECOMOG", "sources": ["a7458668-73bf-4e92-bcd7-084d04d6377b", "a7458668-73bf-4e92-bcd7-084d04d6377b"], "accesspoints": ["cfdee662-350c-4aec-99f3-0c29b5ac6296"]}}, {"model": "organization.organizationclassification", "pk": 1, "fields": {"lang": "en", "confidence": "2", "object_ref": 1, "value": "Peacekeeping", "sources": ["a7458668-73bf-4e92-bcd7-084d04d6377b", "a7458668-73bf-4e92-bcd7-084d04d6377b"], "accesspoints": ["cfdee662-350c-4aec-99f3-0c29b5ac6296"]}}, {"model": "organization.organizationdivisionid", "pk": 1, "fields": {"lang": null, "confidence": "1", "object_ref": 1, "value": "ocd-division/country:lr", "sources": ["a7458668-73bf-4e92-bcd7-084d04d6377b", "abc90412-b1a0-4870-b15d-d78d35a0ba30", "e3cee8fc-64cc-45db-b8f1-eef072a0c13f", "a7458668-73bf-4e92-bcd7-084d04d6377b", "abc90412-b1a0-4870-b15d-d78d35a0ba30", "e3cee8fc-64cc-45db-b8f1-eef072a0c13f"], "accesspoints": ["cfdee662-350c-4aec-99f3-0c29b5ac6296", "c6aa9a37-6a7b-4299-9082-e3fd4bc8a682", "484eab74-9402-4e7e-921f-b05b16374845"]}}, {"model": "organization.organizationfirstciteddate", "pk": 1, "fields": {"lang": "en", "confidence": "2", "object_ref": 1, "value": "1990-00-00", "sources": ["a7458668-73bf-4e92-bcd7-084d04d6377b", "a7458668-73bf-4e92-bcd7-084d04d6377b"], "accesspoints": ["cfdee662-350c-4aec-99f3-0c29b5ac6296"]}}, {"model": "organization.organizationlastciteddate", "pk": 1, "fields": {"lang": "en", "confidence": "2", "object_ref": 1, "value": "2003-10-01", "sources": ["a7458668-73bf-4e92-bcd7-084d04d6377b", "a7458668-73bf-4e92-bcd7-084d04d6377b"], "accesspoints": ["cfdee662-350c-4aec-99f3-0c29b5ac6296"]}}, {"model": "organization.organizationname", "pk": 1, "fields": {"lang": "en", "confidence": "1", "object_ref": 1, "value": "Military Observer Group", "sources": ["a7458668-73bf-4e92-bcd7-084d04d6377b", "abc90412-b1a0-4870-b15d-d78d35a0ba30", "e3cee8fc-64cc-45db-b8f1-eef072a0c13f", "87d1552e-87ba-4120-9daa-ed8b3e995ca0", "e3cee8fc-64cc-45db-b8f1-eef072a0c13f", "abc90412-b1a0-4870-b15d-d78d35a0ba30", "a7458668-73bf-4e92-bcd7-084d04d6377b", "87d1552e-87ba-4120-9daa-ed8b3e995ca0"], "accesspoints": ["cfdee662-350c-4aec-99f3-0c29b5ac6296", "c6aa9a37-6a7b-4299-9082-e3fd4bc8a682", "484eab74-9402-4e7e-921f-b05b16374845", "64b45cc5-84c8-4dbf-bca8-60c25d4e3516"]}}, {"model": "organization.organizationopenended", "pk": 1, "fields": {"lang": "en", "confidence": "2", "object_ref": 1, "value": "E", "sources": [], "accesspoints": []}}, {"model": "organization.organizationrealstart", "pk": 1, "fields": {"lang": null, "confidence": "1", "object_ref": 1, "value": true, "sources": [], "accesspoints": []}}, {"model": "organization.organizationalias", "pk": 2, "fields": {"lang": "en", "confidence": "3", "object_ref": 2, "value": "UNMIL", "sources": ["7cc668a5-d32a-40d9-9849-4c99c6f2dbf1", "7cc668a5-d32a-40d9-9849-4c99c6f2dbf1"], "accesspoints": ["61edc777-a9ce-4bf8-8c57-d0bc6c789e73"]}}, {"model": "organization.organizationclassification", "pk": 2, "fields": {"lang": "en", "confidence": "3", "object_ref": 2, "value": "Peacekeeping", "sources": ["7cc668a5-d32a-40d9-9849-4c99c6f2dbf1", "7cc668a5-d32a-40d9-9849-4c99c6f2dbf1"], "accesspoints": ["61edc777-a9ce-4bf8-8c57-d0bc6c789e73"]}}, {"model": "organization.organizationdivisionid", "pk": 2, "fields": {"lang": null, "confidence": "3", "object_ref": 2, "value": "ocd-division/country:lr", "sources": ["7cc668a5-d32a-40d9-9849-4c99c6f2dbf1", "487c2abc-18a9-4ede-86c4-a511d5831c2e", "ae0aff1b-2119-4c34-9788-d11cfd0a9483", "c1c2044f-3220-4682-81d6-64eec0d1184c", "7cc668a5-d32a-40d9-9849-4c99c6f2dbf1", "487c2abc-18a9-4ede-86c4-a511d5831c2e", "ae0aff1b-2119-4c34-9788-d11cfd0a9483", "c1c2044f-3220-4682-81d6-64eec0d1184c"], "accesspoints": ["61edc777-a9ce-4bf8-8c57-d0bc6c789e73", "9eae4823-8bd3-4b63-a7e3-6f088085fb11", "fd8a5121-bcf0-4336-9f90-74baa03f23a5", "b84cfdee-83c4-4028-9752-114f85d17469"]}}, {"model": "organization.organizationfirstciteddate", "pk": 2, "fields": {"lang": "en", "confidence": "3", "object_ref": 2, "value": "2003-09-19", "sources": ["7cc668a5-d32a-40d9-9849-4c99c6f2dbf1", "7cc668a5-d32a-40d9-9849-4c99c6f2dbf1"], "accesspoints": ["61edc777-a9ce-4bf8-8c57-d0bc6c789e73"]}}, {"model": "organization.organizationname", "pk": 2, "fields": {"lang": "en", "confidence": "1", "object_ref": 2, "value": "United Nations Mission in Liberia", "sources": ["84db5f02-8238-4771-9767-f04c5c4f1da3", "7cc668a5-d32a-40d9-9849-4c99c6f2dbf1", "7d8d2b94-4b66-4bf4-a0e9-68ac1c5cb8a8", "f2b7110e-ec0b-43c2-b0b3-10a518dced13", "7f6c3b7d-a66f-4ad7-a8f4-d7877e88b0cc", "8516cfa9-eb46-4fd4-9a97-eeddf30dfaf1", "688e13d1-90e4-4126-bfd4-d1119da5e91b", "1f84a1c8-270f-46e1-90c0-c1fcddea9645", "ea03e660-3e29-4b5d-b4c1-d5c5afe2be10", "a08b82d5-6d0d-4fc9-9b0c-04beb8b17625", "7510d3b5-5c7d-4d7a-8906-1e1873bb89f2", "1a1a44fb-8603-494a-9726-8ca10ec12aeb", "f6166cac-f1f1-41f1-a5d0-fbd93eff6301", "1de7cafd-5110-46d4-8975-7000d10cfc46", "de546794-0d13-4613-abdd-ba1da4f6b98b", "487c2abc-18a9-4ede-86c4-a511d5831c2e", "ae0aff1b-2119-4c34-9788-d11cfd0a9483", "c1c2044f-3220-4682-81d6-64eec0d1184c", "487c2abc-18a9-4ede-86c4-a511d5831c2e", "ae0aff1b-2119-4c34-9788-d11cfd0a9483", "c1c2044f-3220-4682-81d6-64eec0d1184c", "7cc668a5-d32a-40d9-9849-4c99c6f2dbf1", "7510d3b5-5c7d-4d7a-8906-1e1873bb89f2", "8516cfa9-eb46-4fd4-9a97-eeddf30dfaf1", "84db5f02-8238-4771-9767-f04c5c4f1da3", "1a1a44fb-8603-494a-9726-8ca10ec12aeb", "f6166cac-f1f1-41f1-a5d0-fbd93eff6301", "7d8d2b94-4b66-4bf4-a0e9-68ac1c5cb8a8", "7f6c3b7d-a66f-4ad7-a8f4-d7877e88b0cc", "f2b7110e-ec0b-43c2-b0b3-10a518dced13", "ea03e660-3e29-4b5d-b4c1-d5c5afe2be10", "a08b82d5-6d0d-4fc9-9b0c-04beb8b17625", "de546794-0d13-4613-abdd-ba1da4f6b98b", "688e13d1-90e4-4126-bfd4-d1119da5e91b", "1f84a1c8-270f-46e1-90c0-c1fcddea9645", "1de7cafd-5110-46d4-8975-7000d10cfc46"], "accesspoints": ["d03f050c-a8b4-4805-854c-e15177725bd6", "61edc777-a9ce-4bf8-8c57-d0bc6c789e73", "67374e15-ffb1-408a-b734-b6d0de5fa358", "32852a02-bd0d-44ef-916e-1c282d5c8345", "ebce4225-67da-4796-b405-e4b1f754ed27", "32dc4da9-1cea-4766-b05d-628ca327b685", "8ee2dfdd-8251-4166-8247-749a2e737fcc", "6bede7e6-b2fb-4ba7-b350-2c7a1514c4ce", "5a009c4f-66f3-4503-80b1-52bea223a45b", "b1b39055-a1dc-4558-8216-abeac5189d0f", "e7fbb3b2-682a-4b95-8ada-8642ded238bd", "7f67b658-8c7a-49ad-b929-4438caea6dca", "0d9e7a49-060f-49b7-aaf5-383f2a806847", "e294c070-fb3d-46cc-92f1-20257e0cc680", "3328edb5-5985-4852-8467-26c2ce2bb0e4", "9eae4823-8bd3-4b63-a7e3-6f088085fb11", "fd8a5121-bcf0-4336-9f90-74baa03f23a5", "b84cfdee-83c4-4028-9752-114f85d17469"]}}, {"model": "organization.organizationopenended", "pk": 2, "fields": {"lang": "en", "confidence": "1", "object_ref": 2, "value": "Y", "sources": [], "accesspoints": []}}, {"model": "organization.organizationrealstart", "pk": 2, "fields": {"lang": null, "confidence": "1", "object_ref": 2, "value": true, "sources": [], "accesspoints": []}}, {"model": "organization.organizationalias", "pk": 3, "fields": {"lang": "en", "confidence": "1", "object_ref": 3, "value": "SCAF", "sources": ["eb7ad4af-e0bd-4383-8254-7d87c8cc7b40", "eb7ad4af-e0bd-4383-8254-7d87c8cc7b40"], "accesspoints": ["a0b618e5-ac6c-43e0-bd31-6e2241704e15"]}}, {"model": "organization.organizationclassification", "pk": 3, "fields": {"lang": "en", "confidence": "1", "object_ref": 3, "value": "Military", "sources": ["eb7ad4af-e0bd-4383-8254-7d87c8cc7b40", "eb7ad4af-e0bd-4383-8254-7d87c8cc7b40"], "accesspoints": ["a0b618e5-ac6c-43e0-bd31-6e2241704e15"]}}, {"model": "organization.organizationdivisionid", "pk": 3, "fields": {"lang": null, "confidence": "1", "object_ref": 3, "value": "ocd-division/country:eg", "sources": ["eb7ad4af-e0bd-4383-8254-7d87c8cc7b40", "eb7ad4af-e0bd-4383-8254-7d87c8cc7b40", "cfa00a95-706f-4c33-8d2d-222454807f5e", "57982238-ad4d-4446-8dbf-add52702292c", "cfa00a95-706f-4c33-8d2d-222454807f5e", "57982238-ad4d-4446-8dbf-add52702292c"], "accesspoints": ["a0b618e5-ac6c-43e0-bd31-6e2241704e15", "753590ce-3b35-42b7-b2b7-aeda172a4795", "a32b56bc-5a2e-4992-b63a-94e29975a5dd"]}}, {"model": "organization.organizationfirstciteddate", "pk": 3, "fields": {"lang": "en", "confidence": "1", "object_ref": 3, "value": "2011-03-30", "sources": ["eb7ad4af-e0bd-4383-8254-7d87c8cc7b40", "eb7ad4af-e0bd-4383-8254-7d87c8cc7b40"], "accesspoints": ["a0b618e5-ac6c-43e0-bd31-6e2241704e15"]}}, {"model": "organization.organizationfirstciteddate", "pk": 1669, "fields": {"lang": "en", "confidence": "1", "object_ref": 3, "value": "1968-00-00", "sources": ["57982238-ad4d-4446-8dbf-add52702292c", "57982238-ad4d-4446-8dbf-add52702292c"], "accesspoints": ["a32b56bc-5a2e-4992-b63a-94e29975a5dd"]}}, {"model": "organization.organizationlastciteddate", "pk": 707, "fields": {"lang": "en", "confidence": "1", "object_ref": 3, "value": "2015-02-23", "sources": ["57982238-ad4d-4446-8dbf-add52702292c", "57982238-ad4d-4446-8dbf-add52702292c"], "accesspoints": ["a32b56bc-5a2e-4992-b63a-94e29975a5dd"]}}, {"model": "organization.organizationname", "pk": 3, "fields": {"lang": "en", "confidence": "1", "object_ref": 3, "value": "Supreme Council of the Armed Forces", "sources": ["eb7ad4af-e0bd-4383-8254-7d87c8cc7b40", "cfa00a95-706f-4c33-8d2d-222454807f5e", "5168dfbe-4475-48f7-960c-65c909bf3836", "eb7ad4af-e0bd-4383-8254-7d87c8cc7b40", "57982238-ad4d-4446-8dbf-add52702292c", "cfa00a95-706f-4c33-8d2d-222454807f5e", "57982238-ad4d-4446-8dbf-add52702292c", "5168dfbe-4475-48f7-960c-65c909bf3836"], "accesspoints": ["a0b618e5-ac6c-43e0-bd31-6e2241704e15", "753590ce-3b35-42b7-b2b7-aeda172a4795", "31de9c8c-1da6-47af-9cf0-ad3d25b5357f", "a32b56bc-5a2e-4992-b63a-94e29975a5dd"]}}, {"model": "organization.organizationopenended", "pk": 3, "fields": {"lang": "en", "confidence": "1", "object_ref": 3, "value": "Y", "sources": [], "accesspoints": []}}, {"model": "organization.organizationrealstart", "pk": 3, "fields": {"lang": null, "confidence": "1", "object_ref": 3, "value": false, "sources": [], "accesspoints": []}}, {"model": "organization.organizationrealstart", "pk": 2026, "fields": {"lang": null, "confidence": "1", "object_ref": 3, "value": true, "sources": [], "accesspoints": []}}, {"model": "organization.organizationclassification", "pk": 4, "fields": {"lang": "en", "confidence": "1", "object_ref": 4, "value": "Government", "sources": ["eb7ad4af-e0bd-4383-8254-7d87c8cc7b40", "eb7ad4af-e0bd-4383-8254-7d87c8cc7b40"], "accesspoints": ["a0b618e5-ac6c-43e0-bd31-6e2241704e15"]}}, {"model": "organization.organizationdivisionid", "pk": 4, "fields": {"lang": null, "confidence": "1", "object_ref": 4, "value": "ocd-division/country:eg", "sources": ["2cacc028-a813-4a70-ade0-858f22b61e17", "788a90f0-42b3-4983-8a70-4cb662caaec3", "eb7ad4af-e0bd-4383-8254-7d87c8cc7b40", "eb7ad4af-e0bd-4383-8254-7d87c8cc7b40", "cfa00a95-706f-4c33-8d2d-222454807f5e", "7b70a344-479b-422e-bba9-fadc8da91f58", "57982238-ad4d-4446-8dbf-add52702292c", "c3851234-428f-4477-beb3-1f6fed9a69dc", "788a90f0-42b3-4983-8a70-4cb662caaec3", "2cacc028-a813-4a70-ade0-858f22b61e17", "5168dfbe-4475-48f7-960c-65c909bf3836", "afa03ac7-1e77-4adf-91da-2deeab73b363", "426e37c5-0180-49f5-9b6e-39447d4a3909", "5ed7074f-1f2e-4c06-b0bd-d7b5456c2083", "10fd14f5-839c-4329-abe3-ef8fce85f806", "cfa00a95-706f-4c33-8d2d-222454807f5e", "57982238-ad4d-4446-8dbf-add52702292c", "5168dfbe-4475-48f7-960c-65c909bf3836", "7b70a344-479b-422e-bba9-fadc8da91f58", "c3851234-428f-4477-beb3-1f6fed9a69dc", "afa03ac7-1e77-4adf-91da-2deeab73b363", "426e37c5-0180-49f5-9b6e-39447d4a3909", "5ed7074f-1f2e-4c06-b0bd-d7b5456c2083", "10fd14f5-839c-4329-abe3-ef8fce85f806"], "accesspoints": ["39d70cbe-d351-46bb-a518-aca411b39dc4", "ac48f19c-64a9-4e35-99c4-99b0f48f6563", "a0b618e5-ac6c-43e0-bd31-6e2241704e15", "753590ce-3b35-42b7-b2b7-aeda172a4795", "4eff31b2-449c-4fd3-bbc1-3fdbd8f96a26", "a32b56bc-5a2e-4992-b63a-94e29975a5dd", "19c77c37-af1d-46a7-aa14-29129cbd7634", "31de9c8c-1da6-47af-9cf0-ad3d25b5357f", "e955af88-4422-4952-8786-5bf6de592a58", "14f50ef7-49a7-4a07-9889-28a628182234", "10b2413f-70c5-4587-8d7e-4a44c42077cc", "7a9e5216-705e-4354-9e27-4ccda7e2ff2d"]}}, {"model": "organization.organizationfirstciteddate", "pk": 4, "fields": {"lang": "en", "confidence": "1", "object_ref": 4, "value": "1971-00-00", "sources": ["eb7ad4af-e0bd-4383-8254-7d87c8cc7b40", "eb7ad4af-e0bd-4383-8254-7d87c8cc7b40"], "accesspoints": ["a0b618e5-ac6c-43e0-bd31-6e2241704e15"]}}, {"model": "organization.organizationname", "pk": 4, "fields": {"lang": "en", "confidence": "1", "object_ref": 4, "value": "President of Egypt", "sources": ["2cacc028-a813-4a70-ade0-858f22b61e17", "788a90f0-42b3-4983-8a70-4cb662caaec3", "eb7ad4af-e0bd-4383-8254-7d87c8cc7b40", "5168dfbe-4475-48f7-960c-65c909bf3836", "788a90f0-42b3-4983-8a70-4cb662caaec3", "eb7ad4af-e0bd-4383-8254-7d87c8cc7b40", "c3851234-428f-4477-beb3-1f6fed9a69dc", "afa03ac7-1e77-4adf-91da-2deeab73b363", "426e37c5-0180-49f5-9b6e-39447d4a3909", "5ed7074f-1f2e-4c06-b0bd-d7b5456c2083", "10fd14f5-839c-4329-abe3-ef8fce85f806", "2cacc028-a813-4a70-ade0-858f22b61e17", "7b70a344-479b-422e-bba9-fadc8da91f58", "cfa00a95-706f-4c33-8d2d-222454807f5e", "57982238-ad4d-4446-8dbf-add52702292c", "cfa00a95-706f-4c33-8d2d-222454807f5e", "57982238-ad4d-4446-8dbf-add52702292c", "5168dfbe-4475-48f7-960c-65c909bf3836", "7b70a344-479b-422e-bba9-fadc8da91f58", "c3851234-428f-4477-beb3-1f6fed9a69dc", "afa03ac7-1e77-4adf-91da-2deeab73b363", "426e37c5-0180-49f5-9b6e-39447d4a3909", "5ed7074f-1f2e-4c06-b0bd-d7b5456c2083", "10fd14f5-839c-4329-abe3-ef8fce85f806"], "accesspoints": ["39d70cbe-d351-46bb-a518-aca411b39dc4", "ac48f19c-64a9-4e35-99c4-99b0f48f6563", "a0b618e5-ac6c-43e0-bd31-6e2241704e15", "31de9c8c-1da6-47af-9cf0-ad3d25b5357f", "19c77c37-af1d-46a7-aa14-29129cbd7634", "e955af88-4422-4952-8786-5bf6de592a58", "14f50ef7-49a7-4a07-9889-28a628182234", "10b2413f-70c5-4587-8d7e-4a44c42077cc", "7a9e5216-705e-4354-9e27-4ccda7e2ff2d", "4eff31b2-449c-4fd3-bbc1-3fdbd8f96a26", "753590ce-3b35-42b7-b2b7-aeda172a4795", "a32b56bc-5a2e-4992-b63a-94e29975a5dd"]}}, {"model": "organization.organizationopenended", "pk": 4, "fields": {"lang": "en", "confidence": "1", "object_ref": 4, "value": "Y", "sources": [], "accesspoints": []}}, {"model": "organization.organizationrealstart", "pk": 4, "fields": {"lang": null, "confidence": "1", "object_ref": 4, "value": false, "sources": [], "accesspoints": []}}, {"model": "organization.organizationalias", "pk": 1994, "fields": {"lang": "en", "confidence": "1", "object_ref": 5, "value": "Higher Police Council", "sources": ["5168dfbe-4475-48f7-960c-65c909bf3836", "cfa00a95-706f-4c33-8d2d-222454807f5e", "5168dfbe-4475-48f7-960c-65c909bf3836", "cfa00a95-706f-4c33-8d2d-222454807f5e"], "accesspoints": ["31de9c8c-1da6-47af-9cf0-ad3d25b5357f", "753590ce-3b35-42b7-b2b7-aeda172a4795"]}}, {"model": "organization.organizationalias", "pk": 5, "fields": {"lang": "en", "confidence": "1", "object_ref": 5, "value": "al-majles al-a\u2018la lil shorta", "sources": ["eb7ad4af-e0bd-4383-8254-7d87c8cc7b40", "eb7ad4af-e0bd-4383-8254-7d87c8cc7b40"], "accesspoints": ["a0b618e5-ac6c-43e0-bd31-6e2241704e15"]}}, {"model": "organization.organizationalias", "pk": 4, "fields": {"lang": "en", "confidence": "1", "object_ref": 5, "value": "SCP", "sources": ["eb7ad4af-e0bd-4383-8254-7d87c8cc7b40", "eb7ad4af-e0bd-4383-8254-7d87c8cc7b40"], "accesspoints": ["a0b618e5-ac6c-43e0-bd31-6e2241704e15"]}}, {"model": "organization.organizationclassification", "pk": 5, "fields": {"lang": "en", "confidence": "1", "object_ref": 5, "value": "Police", "sources": ["eb7ad4af-e0bd-4383-8254-7d87c8cc7b40", "eb7ad4af-e0bd-4383-8254-7d87c8cc7b40"], "accesspoints": ["a0b618e5-ac6c-43e0-bd31-6e2241704e15"]}}, {"model": "organization.organizationdivisionid", "pk": 5, "fields": {"lang": null, "confidence": "1", "object_ref": 5, "value": "ocd-division/country:eg", "sources": ["eb7ad4af-e0bd-4383-8254-7d87c8cc7b40", "eb7ad4af-e0bd-4383-8254-7d87c8cc7b40", "cfa00a95-706f-4c33-8d2d-222454807f5e", "cfa00a95-706f-4c33-8d2d-222454807f5e"], "accesspoints": ["a0b618e5-ac6c-43e0-bd31-6e2241704e15", "753590ce-3b35-42b7-b2b7-aeda172a4795"]}}, {"model": "organization.organizationfirstciteddate", "pk": 5, "fields": {"lang": "en", "confidence": "1", "object_ref": 5, "value": "1971-00-00", "sources": ["eb7ad4af-e0bd-4383-8254-7d87c8cc7b40", "eb7ad4af-e0bd-4383-8254-7d87c8cc7b40"], "accesspoints": ["a0b618e5-ac6c-43e0-bd31-6e2241704e15"]}}, {"model": "organization.organizationlastciteddate", "pk": 2, "fields": {"lang": "en", "confidence": "1", "object_ref": 5, "value": "2012-10-00", "sources": ["eb7ad4af-e0bd-4383-8254-7d87c8cc7b40", "eb7ad4af-e0bd-4383-8254-7d87c8cc7b40"], "accesspoints": ["a0b618e5-ac6c-43e0-bd31-6e2241704e15"]}}, {"model": "organization.organizationname", "pk": 5, "fields": {"lang": "en", "confidence": "1", "object_ref": 5, "value": "Supreme Council of the Police", "sources": ["eb7ad4af-e0bd-4383-8254-7d87c8cc7b40", "cfa00a95-706f-4c33-8d2d-222454807f5e", "eb7ad4af-e0bd-4383-8254-7d87c8cc7b40", "cfa00a95-706f-4c33-8d2d-222454807f5e"], "accesspoints": ["a0b618e5-ac6c-43e0-bd31-6e2241704e15", "753590ce-3b35-42b7-b2b7-aeda172a4795"]}}, {"model": "organization.organizationopenended", "pk": 5, "fields": {"lang": "en", "confidence": "1", "object_ref": 5, "value": "Y", "sources": [], "accesspoints": []}}, {"model": "organization.organizationrealstart", "pk": 6, "fields": {"lang": null, "confidence": "1", "object_ref": 5, "value": null, "sources": [], "accesspoints": []}}, {"model": "organization.organizationrealstart", "pk": 5, "fields": {"lang": null, "confidence": "1", "object_ref": 5, "value": true, "sources": [], "accesspoints": []}}, {"model": "organization.organizationalias", "pk": 6, "fields": {"lang": "en", "confidence": "1", "object_ref": 6, "value": "MoI", "sources": ["eb7ad4af-e0bd-4383-8254-7d87c8cc7b40", "eb7ad4af-e0bd-4383-8254-7d87c8cc7b40"], "accesspoints": ["a0b618e5-ac6c-43e0-bd31-6e2241704e15"]}}, {"model": "organization.organizationclassification", "pk": 7, "fields": {"lang": "en", "confidence": "1", "object_ref": 6, "value": "State Security Investigations Services (domestic intelligence)", "sources": ["eb7ad4af-e0bd-4383-8254-7d87c8cc7b40", "eb7ad4af-e0bd-4383-8254-7d87c8cc7b40"], "accesspoints": ["a0b618e5-ac6c-43e0-bd31-6e2241704e15"]}}, {"model": "organization.organizationclassification", "pk": 6, "fields": {"lang": "en", "confidence": "1", "object_ref": 6, "value": "Police", "sources": ["eb7ad4af-e0bd-4383-8254-7d87c8cc7b40", "eb7ad4af-e0bd-4383-8254-7d87c8cc7b40"], "accesspoints": ["a0b618e5-ac6c-43e0-bd31-6e2241704e15"]}}, {"model": "organization.organizationdivisionid", "pk": 6, "fields": {"lang": null, "confidence": "1", "object_ref": 6, "value": "ocd-division/country:eg", "sources": ["eb7ad4af-e0bd-4383-8254-7d87c8cc7b40", "56e488d4-b2e5-4fbd-b020-5879a82ec427", "eb7ad4af-e0bd-4383-8254-7d87c8cc7b40", "cfa00a95-706f-4c33-8d2d-222454807f5e", "9bc9745f-6cd3-4b3e-b5d7-7babc6ff6516", "e0203efd-c19d-47d5-a629-b40385082025", "56e488d4-b2e5-4fbd-b020-5879a82ec427", "bf4ae830-6d45-47f7-b4ea-eae5d173cada", "0f46e3e6-ea0f-4633-afd2-2cc49437015a", "6d93a5eb-0b14-446d-b7ae-fb5f3f7c6d0e", "5168dfbe-4475-48f7-960c-65c909bf3836", "cfa00a95-706f-4c33-8d2d-222454807f5e", "5168dfbe-4475-48f7-960c-65c909bf3836", "9bc9745f-6cd3-4b3e-b5d7-7babc6ff6516", "e0203efd-c19d-47d5-a629-b40385082025", "bf4ae830-6d45-47f7-b4ea-eae5d173cada", "0f46e3e6-ea0f-4633-afd2-2cc49437015a", "6d93a5eb-0b14-446d-b7ae-fb5f3f7c6d0e"], "accesspoints": ["a0b618e5-ac6c-43e0-bd31-6e2241704e15", "cc1f212a-b0da-4c4a-9dba-edcc4ce2a82c", "753590ce-3b35-42b7-b2b7-aeda172a4795", "d0b6d93f-375c-47a1-9cf3-ad112c4a9226", "93203115-2631-4a24-9f41-8353102de085", "355cea77-ce95-4b81-8ee1-111fa76f0900", "3b134d41-2437-45fc-8fcc-0c4f5eecba49", "9ee52c6c-297a-4843-9867-e29a1ee3edbb", "31de9c8c-1da6-47af-9cf0-ad3d25b5357f"]}}, {"model": "organization.organizationfirstciteddate", "pk": 6, "fields": {"lang": "en", "confidence": "1", "object_ref": 6, "value": "1971-00-00", "sources": ["eb7ad4af-e0bd-4383-8254-7d87c8cc7b40", "eb7ad4af-e0bd-4383-8254-7d87c8cc7b40"], "accesspoints": ["a0b618e5-ac6c-43e0-bd31-6e2241704e15"]}}, {"model": "organization.organizationname", "pk": 6, "fields": {"lang": "en", "confidence": "1", "object_ref": 6, "value": "Ministry of Interior", "sources": ["eb7ad4af-e0bd-4383-8254-7d87c8cc7b40", "56e488d4-b2e5-4fbd-b020-5879a82ec427", "5168dfbe-4475-48f7-960c-65c909bf3836", "eb7ad4af-e0bd-4383-8254-7d87c8cc7b40", "bf4ae830-6d45-47f7-b4ea-eae5d173cada", "56e488d4-b2e5-4fbd-b020-5879a82ec427", "0f46e3e6-ea0f-4633-afd2-2cc49437015a", "9bc9745f-6cd3-4b3e-b5d7-7babc6ff6516", "e0203efd-c19d-47d5-a629-b40385082025", "6d93a5eb-0b14-446d-b7ae-fb5f3f7c6d0e", "cfa00a95-706f-4c33-8d2d-222454807f5e", "cfa00a95-706f-4c33-8d2d-222454807f5e", "5168dfbe-4475-48f7-960c-65c909bf3836", "9bc9745f-6cd3-4b3e-b5d7-7babc6ff6516", "e0203efd-c19d-47d5-a629-b40385082025", "bf4ae830-6d45-47f7-b4ea-eae5d173cada", "0f46e3e6-ea0f-4633-afd2-2cc49437015a", "6d93a5eb-0b14-446d-b7ae-fb5f3f7c6d0e"], "accesspoints": ["a0b618e5-ac6c-43e0-bd31-6e2241704e15", "cc1f212a-b0da-4c4a-9dba-edcc4ce2a82c", "31de9c8c-1da6-47af-9cf0-ad3d25b5357f", "355cea77-ce95-4b81-8ee1-111fa76f0900", "3b134d41-2437-45fc-8fcc-0c4f5eecba49", "d0b6d93f-375c-47a1-9cf3-ad112c4a9226", "93203115-2631-4a24-9f41-8353102de085", "9ee52c6c-297a-4843-9867-e29a1ee3edbb", "753590ce-3b35-42b7-b2b7-aeda172a4795"]}}, {"model": "organization.organizationopenended", "pk": 1292, "fields": {"lang": "en", "confidence": "1", "object_ref": 6, "value": "Y", "sources": [], "accesspoints": []}}, {"model": "organization.organizationrealstart", "pk": 7, "fields": {"lang": null, "confidence": "1", "object_ref": 6, "value": false, "sources": [], "accesspoints": []}}, {"model": "organization.organizationclassification", "pk": 8, "fields": {"lang": "en", "confidence": "1", "object_ref": 7, "value": "Police", "sources": ["56e488d4-b2e5-4fbd-b020-5879a82ec427", "56e488d4-b2e5-4fbd-b020-5879a82ec427"], "accesspoints": ["cc1f212a-b0da-4c4a-9dba-edcc4ce2a82c"]}}, {"model": "organization.organizationdivisionid", "pk": 7, "fields": {"lang": null, "confidence": "1", "object_ref": 7, "value": "ocd-division/country:eg", "sources": ["56e488d4-b2e5-4fbd-b020-5879a82ec427", "56e488d4-b2e5-4fbd-b020-5879a82ec427"], "accesspoints": ["cc1f212a-b0da-4c4a-9dba-edcc4ce2a82c"]}}, {"model": "organization.organizationfirstciteddate", "pk": 7, "fields": {"lang": "en", "confidence": "1", "object_ref": 7, "value": "2011-02-02", "sources": ["56e488d4-b2e5-4fbd-b020-5879a82ec427", "56e488d4-b2e5-4fbd-b020-5879a82ec427"], "accesspoints": ["cc1f212a-b0da-4c4a-9dba-edcc4ce2a82c"]}}, {"model": "organization.organizationname", "pk": 7, "fields": {"lang": "en", "confidence": "1", "object_ref": 7, "value": "Al Sharqia Governorate Security Directorate", "sources": ["56e488d4-b2e5-4fbd-b020-5879a82ec427", "56e488d4-b2e5-4fbd-b020-5879a82ec427"], "accesspoints": ["cc1f212a-b0da-4c4a-9dba-edcc4ce2a82c"]}}, {"model": "organization.organizationopenended", "pk": 6, "fields": {"lang": "en", "confidence": "1", "object_ref": 7, "value": "Y", "sources": [], "accesspoints": []}}, {"model": "organization.organizationrealstart", "pk": 8, "fields": {"lang": null, "confidence": "1", "object_ref": 7, "value": false, "sources": [], "accesspoints": []}}, {"model": "organization.organizationclassification", "pk": 9, "fields": {"lang": "en", "confidence": "1", "object_ref": 8, "value": "Government", "sources": ["56e488d4-b2e5-4fbd-b020-5879a82ec427", "56e488d4-b2e5-4fbd-b020-5879a82ec427"], "accesspoints": ["cc1f212a-b0da-4c4a-9dba-edcc4ce2a82c"]}}, {"model": "organization.organizationdivisionid", "pk": 8, "fields": {"lang": null, "confidence": "1", "object_ref": 8, "value": "ocd-division/country:eg", "sources": ["56e488d4-b2e5-4fbd-b020-5879a82ec427", "56e488d4-b2e5-4fbd-b020-5879a82ec427"], "accesspoints": ["cc1f212a-b0da-4c4a-9dba-edcc4ce2a82c"]}}, {"model": "organization.organizationfirstciteddate", "pk": 8, "fields": {"lang": "en", "confidence": "1", "object_ref": 8, "value": "2011-02-02", "sources": ["56e488d4-b2e5-4fbd-b020-5879a82ec427", "56e488d4-b2e5-4fbd-b020-5879a82ec427"], "accesspoints": ["cc1f212a-b0da-4c4a-9dba-edcc4ce2a82c"]}}, {"model": "organization.organizationname", "pk": 8, "fields": {"lang": "en", "confidence": "1", "object_ref": 8, "value": "Al Sharqia Governorate", "sources": ["56e488d4-b2e5-4fbd-b020-5879a82ec427", "56e488d4-b2e5-4fbd-b020-5879a82ec427"], "accesspoints": ["cc1f212a-b0da-4c4a-9dba-edcc4ce2a82c"]}}, {"model": "organization.organizationopenended", "pk": 7, "fields": {"lang": "en", "confidence": "1", "object_ref": 8, "value": "Y", "sources": [], "accesspoints": []}}, {"model": "organization.organizationrealstart", "pk": 9, "fields": {"lang": null, "confidence": "1", "object_ref": 8, "value": false, "sources": [], "accesspoints": []}}, {"model": "organization.organizationclassification", "pk": 10, "fields": {"lang": "en", "confidence": "1", "object_ref": 9, "value": "Police", "sources": ["56e488d4-b2e5-4fbd-b020-5879a82ec427", "56e488d4-b2e5-4fbd-b020-5879a82ec427"], "accesspoints": ["cc1f212a-b0da-4c4a-9dba-edcc4ce2a82c"]}}, {"model": "organization.organizationdivisionid", "pk": 9, "fields": {"lang": null, "confidence": "1", "object_ref": 9, "value": "ocd-division/country:eg", "sources": ["56e488d4-b2e5-4fbd-b020-5879a82ec427", "56e488d4-b2e5-4fbd-b020-5879a82ec427"], "accesspoints": ["cc1f212a-b0da-4c4a-9dba-edcc4ce2a82c"]}}, {"model": "organization.organizationfirstciteddate", "pk": 9, "fields": {"lang": "en", "confidence": "1", "object_ref": 9, "value": "2011-02-02", "sources": ["56e488d4-b2e5-4fbd-b020-5879a82ec427", "56e488d4-b2e5-4fbd-b020-5879a82ec427"], "accesspoints": ["cc1f212a-b0da-4c4a-9dba-edcc4ce2a82c"]}}, {"model": "organization.organizationname", "pk": 9, "fields": {"lang": "en", "confidence": "1", "object_ref": 9, "value": "Alexandria Governorate Security Directorate", "sources": ["56e488d4-b2e5-4fbd-b020-5879a82ec427", "56e488d4-b2e5-4fbd-b020-5879a82ec427"], "accesspoints": ["cc1f212a-b0da-4c4a-9dba-edcc4ce2a82c"]}}, {"model": "organization.organizationopenended", "pk": 8, "fields": {"lang": "en", "confidence": "1", "object_ref": 9, "value": "Y", "sources": [], "accesspoints": []}}, {"model": "organization.organizationrealstart", "pk": 10, "fields": {"lang": null, "confidence": "1", "object_ref": 9, "value": false, "sources": [], "accesspoints": []}}, {"model": "organization.organizationclassification", "pk": 11, "fields": {"lang": "en", "confidence": "1", "object_ref": 10, "value": "Government", "sources": ["56e488d4-b2e5-4fbd-b020-5879a82ec427", "56e488d4-b2e5-4fbd-b020-5879a82ec427"], "accesspoints": ["cc1f212a-b0da-4c4a-9dba-edcc4ce2a82c"]}}, {"model": "organization.organizationdivisionid", "pk": 10, "fields": {"lang": null, "confidence": "1", "object_ref": 10, "value": "ocd-division/country:eg", "sources": ["56e488d4-b2e5-4fbd-b020-5879a82ec427", "56e488d4-b2e5-4fbd-b020-5879a82ec427"], "accesspoints": ["cc1f212a-b0da-4c4a-9dba-edcc4ce2a82c"]}}, {"model": "organization.organizationfirstciteddate", "pk": 10, "fields": {"lang": "en", "confidence": "1", "object_ref": 10, "value": "2011-02-02", "sources": ["56e488d4-b2e5-4fbd-b020-5879a82ec427", "56e488d4-b2e5-4fbd-b020-5879a82ec427"], "accesspoints": ["cc1f212a-b0da-4c4a-9dba-edcc4ce2a82c"]}}, {"model": "organization.organizationname", "pk": 10, "fields": {"lang": "en", "confidence": "1", "object_ref": 10, "value": "Alexandria Governorate", "sources": ["56e488d4-b2e5-4fbd-b020-5879a82ec427", "56e488d4-b2e5-4fbd-b020-5879a82ec427"], "accesspoints": ["cc1f212a-b0da-4c4a-9dba-edcc4ce2a82c"]}}, {"model": "organization.organizationopenended", "pk": 9, "fields": {"lang": "en", "confidence": "1", "object_ref": 10, "value": "Y", "sources": [], "accesspoints": []}}, {"model": "organization.organizationrealstart", "pk": 11, "fields": {"lang": null, "confidence": "1", "object_ref": 10, "value": false, "sources": [], "accesspoints": []}}, {"model": "source.source", "pk": "a7458668-73bf-4e92-bcd7-084d04d6377b", "fields": {"title": "\"UNMIL Background\"", "publication": "United Nations Mission in Liberia. http://www.un.org/en/peacekeeping/missions/unmil/background.shtml", "publication_country": null, "published_on": "2016-03-29", "source_url": "https://web.archive.org/web/20160314060912/http://www.un.org/en/peacekeeping/missions/unmil/background.shtml", "date_updated": "2017-10-28T01:28:48.265Z", "date_added": "2017-10-28T01:28:48.265Z", "user": 1}}, {"model": "source.accesspoint", "pk": "cfdee662-350c-4aec-99f3-0c29b5ac6296", "fields": {"page_number": null, "accessed_on": null, "archive_url": null, "source": "a7458668-73bf-4e92-bcd7-084d04d6377b", "user": 1}}, {"model": "source.source", "pk": "abc90412-b1a0-4870-b15d-d78d35a0ba30", "fields": {"title": "More Nigerian Soldiers Leave for Liberia", "publication": "Vanguard", "publication_country": "Nigeria", "published_on": "2003-08-13", "source_url": "http://allafrica.com/stories/200308130411.html", "date_updated": "2017-10-28T02:55:27.712Z", "date_added": "2017-10-28T02:55:27.712Z", "user": 1}}, {"model": "source.source", "pk": "e3cee8fc-64cc-45db-b8f1-eef072a0c13f", "fields": {"title": "Why We Are in Liberia - Agwai", "publication": "This Day", "publication_country": "Nigeria", "published_on": "2003-08-15", "source_url": "http://allafrica.com/stories/200308150166.html", "date_updated": "2017-10-28T02:51:59.628Z", "date_added": "2017-10-28T02:51:59.628Z", "user": 1}}, {"model": "source.accesspoint", "pk": "c6aa9a37-6a7b-4299-9082-e3fd4bc8a682", "fields": {"page_number": null, "accessed_on": null, "archive_url": null, "source": "abc90412-b1a0-4870-b15d-d78d35a0ba30", "user": 1}}, {"model": "source.accesspoint", "pk": "484eab74-9402-4e7e-921f-b05b16374845", "fields": {"page_number": null, "accessed_on": null, "archive_url": null, "source": "e3cee8fc-64cc-45db-b8f1-eef072a0c13f", "user": 1}}, {"model": "source.source", "pk": "87d1552e-87ba-4120-9daa-ed8b3e995ca0", "fields": {"title": "The Wasting Of Nigerian Soldiers", "publication": "Tempo", "publication_country": "Nigeria", "published_on": "1999-01-20", "source_url": "http://allafrica.com/stories/199901200152.html", "date_updated": "2017-10-28T02:53:46.564Z", "date_added": "2017-10-28T02:53:46.564Z", "user": 1}}, {"model": "source.accesspoint", "pk": "64b45cc5-84c8-4dbf-bca8-60c25d4e3516", "fields": {"page_number": null, "accessed_on": null, "archive_url": null, "source": "87d1552e-87ba-4120-9daa-ed8b3e995ca0", "user": 1}}, {"model": "source.source", "pk": "7cc668a5-d32a-40d9-9849-4c99c6f2dbf1", "fields": {"title": "\"Support for the implementation of the Peace Process\". United Nations Mission in Liberia. United Nations. http://www.un.org/en/peacekeeping/missions/unmil/ Internet Archive link: https://web.archive.org/web/20150905063641/http://www.un.org/en/peacekeeping/missions/unmil/", "publication": null, "publication_country": null, "published_on": "1900-01-01", "source_url": null, "date_updated": "2017-10-28T01:28:49.157Z", "date_added": "2017-10-28T01:28:49.157Z", "user": 1}}, {"model": "source.accesspoint", "pk": "61edc777-a9ce-4bf8-8c57-d0bc6c789e73", "fields": {"page_number": null, "accessed_on": null, "archive_url": null, "source": "7cc668a5-d32a-40d9-9849-4c99c6f2dbf1", "user": 1}}, {"model": "source.source", "pk": "487c2abc-18a9-4ede-86c4-a511d5831c2e", "fields": {"title": "Condemned 12 Soldiers - When Plea for Mercy Challenges Military Law", "publication": "Vanguard", "publication_country": "Nigeria", "published_on": "2014-10-08", "source_url": "http://www.vanguardngr.com/2014/10/condemned-12-soldiers-plea-mercy-challenges-military-law/", "date_updated": "2017-10-28T02:58:29.180Z", "date_added": "2017-10-28T02:58:29.180Z", "user": 1}}, {"model": "source.source", "pk": "ae0aff1b-2119-4c34-9788-d11cfd0a9483", "fields": {"title": "GOC, Officials in Akure to Pay Striking Soldiers", "publication": "Vanguard", "publication_country": "Nigeria", "published_on": "2008-07-08", "source_url": "http://allafrica.com/stories/200807080218.html", "date_updated": "2017-10-28T02:58:29.198Z", "date_added": "2017-10-28T02:58:29.199Z", "user": 1}}, {"model": "source.source", "pk": "c1c2044f-3220-4682-81d6-64eec0d1184c", "fields": {"title": "I Was Ordered to Pay N120 Million to Peacekeepers, Says Soldier", "publication": "Vanguard", "publication_country": "Nigeria", "published_on": "2008-10-29", "source_url": "http://allafrica.com/stories/200810290379.html", "date_updated": "2017-10-28T02:58:29.206Z", "date_added": "2017-10-28T02:58:29.206Z", "user": 1}}, {"model": "source.accesspoint", "pk": "9eae4823-8bd3-4b63-a7e3-6f088085fb11", "fields": {"page_number": null, "accessed_on": null, "archive_url": "https://web.archive.org/web/20141010051458/http://www.vanguardngr.com/2014/10/condemned-12-soldiers-plea-mercy-challenges-military-law/", "source": "487c2abc-18a9-4ede-86c4-a511d5831c2e", "user": 1}}, {"model": "source.accesspoint", "pk": "fd8a5121-bcf0-4336-9f90-74baa03f23a5", "fields": {"page_number": null, "accessed_on": null, "archive_url": null, "source": "ae0aff1b-2119-4c34-9788-d11cfd0a9483", "user": 1}}, {"model": "source.accesspoint", "pk": "b84cfdee-83c4-4028-9752-114f85d17469", "fields": {"page_number": null, "accessed_on": null, "archive_url": "https://web.archive.org/web/20161107181745/http://allafrica.com/stories/200810290379.html", "source": "c1c2044f-3220-4682-81d6-64eec0d1184c", "user": 1}}, {"model": "source.source", "pk": "84db5f02-8238-4771-9767-f04c5c4f1da3", "fields": {"title": "700 Soldiers Leave for Liberia", "publication": "Daily Trust", "publication_country": "Nigeria", "published_on": "2013-03-11", "source_url": "http://allafrica.com/stories/201303110659.html", "date_updated": "2017-10-28T02:55:24.704Z", "date_added": "2017-10-28T02:55:24.704Z", "user": 1}}, {"model": "source.source", "pk": "7d8d2b94-4b66-4bf4-a0e9-68ac1c5cb8a8", "fields": {"title": "COAS Commissions Project At Enugu 103 Battalion. Daily Trust (Nigeria). 26 August 2012. http://allafrica.com/stories/201208270730.html (accessed via AllAfrica.com)", "publication": null, "publication_country": null, "published_on": "1900-01-01", "source_url": null, "date_updated": "2017-10-28T02:52:26.026Z", "date_added": "2017-10-28T02:52:26.026Z", "user": 1}}, {"model": "source.source", "pk": "f2b7110e-ec0b-43c2-b0b3-10a518dced13", "fields": {"title": "\"Foreign Military Training and DoD Engagement Activities of Interest, 2011-2012\" (Section IV: Country Training Activities - Africa, Volume II). United States Department of State. http://www.state.gov/documents/organization/197643.pdf Internet Archive link: https://web.archive.org/web/20161020210205/http://www.state.gov/documents/organization/197643.pdf", "publication": null, "publication_country": null, "published_on": "1900-01-01", "source_url": null, "date_updated": "2017-10-28T02:52:27.731Z", "date_added": "2017-10-28T02:52:27.731Z", "user": 1}}, {"model": "source.source", "pk": "7f6c3b7d-a66f-4ad7-a8f4-d7877e88b0cc", "fields": {"title": "Nigeria sends 700 soldiers to maintain peace in Liberia. Vanguard (Nigeria). 20 March 2014. http://www.vanguardngr.com/2014/03/nigeria-sends-700-soldiers-maintain-peace-liberia/ Internet Archive Link: https://web.archive.org/web/20140423062529/http://www.vanguardngr.com/2014/03/nigeria-sends-700-soldiers-maintain-peace-liberia", "publication": null, "publication_country": null, "published_on": "1900-01-01", "source_url": null, "date_updated": "2017-10-28T02:53:57.902Z", "date_added": "2017-10-28T02:53:57.902Z", "user": 1}}, {"model": "source.source", "pk": "8516cfa9-eb46-4fd4-9a97-eeddf30dfaf1", "fields": {"title": "Nigeria to deploy 700 soldiers for Peace Keeping Operations in Liberia- Army. Premium Times (Nigeria). 6 September 2013. https://www.premiumtimesng.com/news/144259-nigerian-deploy-700-soldiers-peace-keeping-operations-liberia-army.html Internet Archive link: https://web.archive.org/web/20130910195411/https://www.premiumtimesng.com/news/144259-nigerian-deploy-700-soldiers-peace-keeping-operations-liberia-army.html", "publication": null, "publication_country": null, "published_on": "1900-01-01", "source_url": null, "date_updated": "2017-10-28T02:54:49.366Z", "date_added": "2017-10-28T02:54:49.366Z", "user": 1}}, {"model": "source.source", "pk": "688e13d1-90e4-4126-bfd4-d1119da5e91b", "fields": {"title": "Soldiers Reprimanded for Role in Liberia", "publication": "This Day", "publication_country": "Nigeria", "published_on": "2007-09-01", "source_url": "http://allafrica.com/stories/200709030381.html", "date_updated": "2017-10-28T02:51:58.321Z", "date_added": "2017-10-28T02:51:58.321Z", "user": 1}}, {"model": "source.source", "pk": "1f84a1c8-270f-46e1-90c0-c1fcddea9645", "fields": {"title": "Army denies killing Nasarawa students", "publication": "News Agency of Nigeria.", "publication_country": null, "published_on": "2013-02-28", "source_url": "http://m.news24.com/nigeria/National/News/Army-denies-killing-Nasarawa-students-20130228", "date_updated": "2017-10-28T02:53:27.803Z", "date_added": "2017-10-28T02:53:27.803Z", "user": 1}}, {"model": "source.source", "pk": "ea03e660-3e29-4b5d-b4c1-d5c5afe2be10", "fields": {"title": "Nigerian Troops Leave for Peace Keeping in Liberia", "publication": "Daily Trust", "publication_country": "Nigeria", "published_on": "2014-03-21", "source_url": "http://allafrica.com/stories/201403210259.html", "date_updated": "2017-10-28T02:53:59.432Z", "date_added": "2017-10-28T02:53:59.432Z", "user": 1}}, {"model": "source.source", "pk": "a08b82d5-6d0d-4fc9-9b0c-04beb8b17625", "fields": {"title": "Army Warns Soldiers on Peace Keeping Against Misconduct", "publication": "Leadership", "publication_country": "Nigeria", "published_on": "2012-08-10", "source_url": "http://allafrica.com/stories/201208110254.html", "date_updated": "2017-10-28T02:54:05.291Z", "date_added": "2017-10-28T02:54:05.291Z", "user": 1}}, {"model": "source.source", "pk": "7510d3b5-5c7d-4d7a-8906-1e1873bb89f2", "fields": {"title": "GOC, Officials in Akure to Pay Striking Soldiers", "publication": "Vanguard", "publication_country": "Nigeria", "published_on": "2008-07-08", "source_url": "http://allafrica.com/stories/200807080218.html", "date_updated": "2017-10-28T02:54:18.664Z", "date_added": "2017-10-28T02:54:18.664Z", "user": 1}}, {"model": "source.source", "pk": "1a1a44fb-8603-494a-9726-8ca10ec12aeb", "fields": {"title": "Troops Rotate in Liberia", "publication": "Daily Independent", "publication_country": "Nigeria", "published_on": "2009-03-16", "source_url": "http://allafrica.com/stories/200903161027.html", "date_updated": "2017-10-28T02:54:58.579Z", "date_added": "2017-10-28T02:54:58.579Z", "user": 1}}, {"model": "source.source", "pk": "f6166cac-f1f1-41f1-a5d0-fbd93eff6301", "fields": {"title": "\"Director of Administration\"", "publication": "Armed Forces Command and Staff College", "publication_country": "Nigeria", "published_on": "2015-07-06", "source_url": "http://www.nigerianafcsc.org/CV/directors/DOA%20.htm", "date_updated": "2017-10-28T02:55:12.480Z", "date_added": "2017-10-28T02:55:12.480Z", "user": 1}}, {"model": "source.source", "pk": "1de7cafd-5110-46d4-8975-7000d10cfc46", "fields": {"title": "Fight Back When You Come Under Any Form of Threat, Commandant Urges Soldiers", "publication": "Vanguard", "publication_country": "Nigeria", "published_on": "2013-06-12", "source_url": "http://www.vanguardngr.com/2013/06/fight-back-when-you-come-under-any-form-of-threat-commandant-urges-soldiers/", "date_updated": "2017-10-28T02:55:21.180Z", "date_added": "2017-10-28T02:55:21.180Z", "user": 1}}, {"model": "source.source", "pk": "de546794-0d13-4613-abdd-ba1da4f6b98b", "fields": {"title": "Army Pardons Akure 27 -Falana Lauds Decision", "publication": "This Day", "publication_country": "Nigeria", "published_on": "2010-12-03", "source_url": "http://allafrica.com/stories/201012070844.html", "date_updated": "2017-10-28T02:56:58.290Z", "date_added": "2017-10-28T02:56:58.290Z", "user": 1}}, {"model": "source.accesspoint", "pk": "d03f050c-a8b4-4805-854c-e15177725bd6", "fields": {"page_number": null, "accessed_on": null, "archive_url": null, "source": "84db5f02-8238-4771-9767-f04c5c4f1da3", "user": 1}}, {"model": "source.accesspoint", "pk": "67374e15-ffb1-408a-b734-b6d0de5fa358", "fields": {"page_number": null, "accessed_on": null, "archive_url": null, "source": "7d8d2b94-4b66-4bf4-a0e9-68ac1c5cb8a8", "user": 1}}, {"model": "source.accesspoint", "pk": "32852a02-bd0d-44ef-916e-1c282d5c8345", "fields": {"page_number": null, "accessed_on": null, "archive_url": null, "source": "f2b7110e-ec0b-43c2-b0b3-10a518dced13", "user": 1}}, {"model": "source.accesspoint", "pk": "ebce4225-67da-4796-b405-e4b1f754ed27", "fields": {"page_number": null, "accessed_on": null, "archive_url": null, "source": "7f6c3b7d-a66f-4ad7-a8f4-d7877e88b0cc", "user": 1}}, {"model": "source.accesspoint", "pk": "32dc4da9-1cea-4766-b05d-628ca327b685", "fields": {"page_number": null, "accessed_on": null, "archive_url": null, "source": "8516cfa9-eb46-4fd4-9a97-eeddf30dfaf1", "user": 1}}, {"model": "source.accesspoint", "pk": "8ee2dfdd-8251-4166-8247-749a2e737fcc", "fields": {"page_number": null, "accessed_on": null, "archive_url": null, "source": "688e13d1-90e4-4126-bfd4-d1119da5e91b", "user": 1}}, {"model": "source.accesspoint", "pk": "6bede7e6-b2fb-4ba7-b350-2c7a1514c4ce", "fields": {"page_number": null, "accessed_on": null, "archive_url": "https://web.archive.org/web/20161104202110/http://m.news24.com.ng/Nigeria/National/News/Army-denies-killing-Nasarawa-students-20130228", "source": "1f84a1c8-270f-46e1-90c0-c1fcddea9645", "user": 1}}, {"model": "source.accesspoint", "pk": "5a009c4f-66f3-4503-80b1-52bea223a45b", "fields": {"page_number": null, "accessed_on": null, "archive_url": null, "source": "ea03e660-3e29-4b5d-b4c1-d5c5afe2be10", "user": 1}}, {"model": "source.accesspoint", "pk": "b1b39055-a1dc-4558-8216-abeac5189d0f", "fields": {"page_number": null, "accessed_on": null, "archive_url": "https://web.archive.org/web/20161104171857/http://allafrica.com/stories/201208110254.html", "source": "a08b82d5-6d0d-4fc9-9b0c-04beb8b17625", "user": 1}}, {"model": "source.accesspoint", "pk": "e7fbb3b2-682a-4b95-8ada-8642ded238bd", "fields": {"page_number": null, "accessed_on": null, "archive_url": "https://web.archive.org/web/20161104170124/http://allafrica.com/stories/200807080218.html", "source": "7510d3b5-5c7d-4d7a-8906-1e1873bb89f2", "user": 1}}, {"model": "source.accesspoint", "pk": "7f67b658-8c7a-49ad-b929-4438caea6dca", "fields": {"page_number": null, "accessed_on": null, "archive_url": null, "source": "1a1a44fb-8603-494a-9726-8ca10ec12aeb", "user": 1}}, {"model": "source.accesspoint", "pk": "0d9e7a49-060f-49b7-aaf5-383f2a806847", "fields": {"page_number": null, "accessed_on": null, "archive_url": "https://web.archive.org/web/20150706190216/http://www.nigerianafcsc.org/CV/directors/DOA%20.htm", "source": "f6166cac-f1f1-41f1-a5d0-fbd93eff6301", "user": 1}}, {"model": "source.accesspoint", "pk": "e294c070-fb3d-46cc-92f1-20257e0cc680", "fields": {"page_number": null, "accessed_on": null, "archive_url": "http://web.archive.org/web/20130612200826/http://www.vanguardngr.com/2013/06/fight-back-when-you-come-under-any-form-of-threat-commandant-urges-soldiers/", "source": "1de7cafd-5110-46d4-8975-7000d10cfc46", "user": 1}}, {"model": "source.accesspoint", "pk": "3328edb5-5985-4852-8467-26c2ce2bb0e4", "fields": {"page_number": null, "accessed_on": null, "archive_url": "https://web.archive.org/web/20161107174734/http://allafrica.com/stories/201012070844.html", "source": "de546794-0d13-4613-abdd-ba1da4f6b98b", "user": 1}}, {"model": "source.source", "pk": "eb7ad4af-e0bd-4383-8254-7d87c8cc7b40", "fields": {"title": "\"The Politics of Security Sector Reform in Egypt\"", "publication": "United States Institute of Peace", "publication_country": null, "published_on": "2012-10-28", "source_url": "https://www.usip.org/sites/default/files/SR318_0.pdf", "date_updated": "2017-10-28T01:28:51.350Z", "date_added": "2017-10-28T01:28:51.350Z", "user": 1}}, {"model": "source.accesspoint", "pk": "a0b618e5-ac6c-43e0-bd31-6e2241704e15", "fields": {"page_number": null, "accessed_on": null, "archive_url": "https://web.archive.org/web/20151129015533/http://www.usip.org:80/sites/default/files/SR318_0.pdf", "source": "eb7ad4af-e0bd-4383-8254-7d87c8cc7b40", "user": 1}}, {"model": "source.source", "pk": "cfa00a95-706f-4c33-8d2d-222454807f5e", "fields": {"title": "\"The Politics of Security Sector Reform in Egypt\"", "publication": "United States Institute of Peace", "publication_country": null, "published_on": "2012-10-26", "source_url": "https://www.usip.org/sites/default/files/SR318_0.pdf", "date_updated": "2018-01-26T05:41:44.511Z", "date_added": "2018-01-26T05:41:44.511Z", "user": 1}}, {"model": "source.source", "pk": "57982238-ad4d-4446-8dbf-add52702292c", "fields": {"title": "\"Egypt's New Military Brass\"", "publication": "Washington Institute for Near East Policy", "publication_country": null, "published_on": "2015-02-23", "source_url": "http://www.washingtoninstitute.org/policy-analysis/view/egypts-new-military-brass", "date_updated": "2018-01-26T05:41:44.522Z", "date_added": "2018-01-26T05:41:44.522Z", "user": 1}}, {"model": "source.accesspoint", "pk": "753590ce-3b35-42b7-b2b7-aeda172a4795", "fields": {"page_number": null, "accessed_on": null, "archive_url": "https://web.archive.org/web/20151129015533/http://www.usip.org:80/sites/default/files/SR318_0.pdf", "source": "cfa00a95-706f-4c33-8d2d-222454807f5e", "user": 1}}, {"model": "source.accesspoint", "pk": "a32b56bc-5a2e-4992-b63a-94e29975a5dd", "fields": {"page_number": null, "accessed_on": null, "archive_url": "https://web.archive.org/web/20140327035151/http://www.washingtoninstitute.org/policy-analysis/view/egypts-new-military-brass", "source": "57982238-ad4d-4446-8dbf-add52702292c", "user": 1}}, {"model": "source.source", "pk": "5168dfbe-4475-48f7-960c-65c909bf3836", "fields": {"title": "\"Missed Opportunity: The Politics of Police Reform in Egypt and Tunisia\"", "publication": "Carnegie Endowment for International Peace", "publication_country": null, "published_on": "2015-03-26", "source_url": "http://carnegieendowment.org/files/missed_opportunity.pdf", "date_updated": "2018-01-26T05:41:44.768Z", "date_added": "2018-01-26T05:41:44.768Z", "user": 1}}, {"model": "source.accesspoint", "pk": "31de9c8c-1da6-47af-9cf0-ad3d25b5357f", "fields": {"page_number": null, "accessed_on": null, "archive_url": "https://web.archive.org/web/20150717031624/http://carnegieendowment.org/files/missed_opportunity.pdf", "source": "5168dfbe-4475-48f7-960c-65c909bf3836", "user": 1}}, {"model": "source.source", "pk": "2cacc028-a813-4a70-ade0-858f22b61e17", "fields": {"title": "\"Egypt : a country study\". Federal Research Division, Library of Congress (US). 1991. Page 306. https://cdn.loc.gov/master/frd/frdcstdy/eg/egyptcountrystud00metz/egyptcountrystud00metz.pdf Internet Archive link: https://web.archive.org/web/20150522205010/https://cdn.loc.gov/master/frd/frdcstdy/eg/egyptcountrystud00metz/egyptcountrystud00metz.pdf", "publication": null, "publication_country": null, "published_on": "1900-01-01", "source_url": null, "date_updated": "2018-01-26T11:30:51.726Z", "date_added": "2018-01-26T11:30:51.726Z", "user": 1}}, {"model": "source.source", "pk": "788a90f0-42b3-4983-8a70-4cb662caaec3", "fields": {"title": "\"Egypt : a country study\". Federal Research Division, Library of Congress (US). 1991. Page 305. https://cdn.loc.gov/master/frd/frdcstdy/eg/egyptcountrystud00metz/egyptcountrystud00metz.pdf Internet Archive link: https://web.archive.org/web/20150522205010/https://cdn.loc.gov/master/frd/frdcstdy/eg/egyptcountrystud00metz/egyptcountrystud00metz.pdf", "publication": null, "publication_country": null, "published_on": "1900-01-01", "source_url": null, "date_updated": "2018-01-26T11:31:12.150Z", "date_added": "2018-01-26T11:31:12.150Z", "user": 1}}, {"model": "source.source", "pk": "7b70a344-479b-422e-bba9-fadc8da91f58", "fields": {"title": "\u201cThe Egyptian Military and the Fate of the Regime\u201d", "publication": "The Washington Institute for Near East Policy.", "publication_country": null, "published_on": "2011-02-03", "source_url": "http://www.washingtoninstitute.org/policy-analysis/view/the-egyptian-military-and-the-fate-of-the-regime", "date_updated": "2018-01-26T11:30:48.690Z", "date_added": "2018-01-26T11:30:48.690Z", "user": 1}}, {"model": "source.source", "pk": "c3851234-428f-4477-beb3-1f6fed9a69dc", "fields": {"title": "Hosni Mubarak's rule and downfall \u2013 timeline", "publication": "The Guardian", "publication_country": null, "published_on": "2012-06-02", "source_url": "https://www.theguardian.com/world/2012/jun/02/hosni-mubarak-rule-downfall-timeline", "date_updated": "2018-01-26T15:19:30.350Z", "date_added": "2018-01-26T15:19:30.350Z", "user": 1}}, {"model": "source.source", "pk": "afa03ac7-1e77-4adf-91da-2deeab73b363", "fields": {"title": "Adly Mansour: first Egypt president to enjoy \u2018safe\u2019 exit", "publication": "Al Arabiya New", "publication_country": "Saudi Arabia", "published_on": "2014-06-04", "source_url": "https://english.alarabiya.net/en/perspective/profiles/2014/06/04/Egypt-interim-president-bids-farewell-.html", "date_updated": "2018-01-26T15:19:33.142Z", "date_added": "2018-01-26T15:19:33.143Z", "user": 1}}, {"model": "source.source", "pk": "426e37c5-0180-49f5-9b6e-39447d4a3909", "fields": {"title": "Profile: Interim Egyptian President Adly Mansour", "publication": "BBC News", "publication_country": null, "published_on": "2013-07-04", "source_url": "http://www.bbc.com/news/world-middle-east-23176293", "date_updated": "2018-01-26T15:19:33.199Z", "date_added": "2018-01-26T15:19:33.199Z", "user": 1}}, {"model": "source.source", "pk": "5ed7074f-1f2e-4c06-b0bd-d7b5456c2083", "fields": {"title": "Egypt's Sisi takes office to cool reception from West", "publication": "Reuters", "publication_country": null, "published_on": "2014-06-08", "source_url": "https://www.reuters.com/article/us-egypt-sisi-inauguration/egypts-sisi-takes-office-to-cool-reception-from-west-idUSKBN0EJ07P20140608", "date_updated": "2018-01-26T15:19:40.293Z", "date_added": "2018-01-26T15:19:40.293Z", "user": 1}}, {"model": "source.source", "pk": "10fd14f5-839c-4329-abe3-ef8fce85f806", "fields": {"title": "Shoukry holds bilateral talks with Ethiopian counterpart", "publication": "Daily News Egypt", "publication_country": "Egypt", "published_on": "2018-01-17", "source_url": "https://dailynewsegypt.com/2018/01/17/shoukry-holds-bilateral-talks-ethiopian-counterpart/", "date_updated": "2018-01-26T15:19:40.399Z", "date_added": "2018-01-26T15:19:40.399Z", "user": 1}}, {"model": "source.accesspoint", "pk": "39d70cbe-d351-46bb-a518-aca411b39dc4", "fields": {"page_number": null, "accessed_on": null, "archive_url": null, "source": "2cacc028-a813-4a70-ade0-858f22b61e17", "user": 1}}, {"model": "source.accesspoint", "pk": "ac48f19c-64a9-4e35-99c4-99b0f48f6563", "fields": {"page_number": null, "accessed_on": null, "archive_url": null, "source": "788a90f0-42b3-4983-8a70-4cb662caaec3", "user": 1}}, {"model": "source.accesspoint", "pk": "4eff31b2-449c-4fd3-bbc1-3fdbd8f96a26", "fields": {"page_number": null, "accessed_on": null, "archive_url": "https://web.archive.org/web/20161003170533/http://www.washingtoninstitute.org/policy-analysis/view/the-egyptian-military-and-the-fate-of-the-regime", "source": "7b70a344-479b-422e-bba9-fadc8da91f58", "user": 1}}, {"model": "source.accesspoint", "pk": "19c77c37-af1d-46a7-aa14-29129cbd7634", "fields": {"page_number": null, "accessed_on": null, "archive_url": "https://web.archive.org/web/20150428093354/https://www.theguardian.com/world/2012/jun/02/hosni-mubarak-rule-downfall-timeline", "source": "c3851234-428f-4477-beb3-1f6fed9a69dc", "user": 1}}, {"model": "source.accesspoint", "pk": "e955af88-4422-4952-8786-5bf6de592a58", "fields": {"page_number": null, "accessed_on": null, "archive_url": "https://web.archive.org/web/20140605150018/https://english.alarabiya.net/en/perspective/profiles/2014/06/04/Egypt-interim-president-bids-farewell-.html", "source": "afa03ac7-1e77-4adf-91da-2deeab73b363", "user": 1}}, {"model": "source.accesspoint", "pk": "14f50ef7-49a7-4a07-9889-28a628182234", "fields": {"page_number": null, "accessed_on": null, "archive_url": "https://web.archive.org/web/20140227081147/http://www.bbc.com/news/world-middle-east-23176293", "source": "426e37c5-0180-49f5-9b6e-39447d4a3909", "user": 1}}, {"model": "source.accesspoint", "pk": "10b2413f-70c5-4587-8d7e-4a44c42077cc", "fields": {"page_number": null, "accessed_on": null, "archive_url": "https://web.archive.org/article/us-egypt-sisi-inauguration/egypts-sisi-takes-office-to-cool-reception-from-west-idUSKBN0EJ07P20140608", "source": "5ed7074f-1f2e-4c06-b0bd-d7b5456c2083", "user": 1}}, {"model": "source.accesspoint", "pk": "7a9e5216-705e-4354-9e27-4ccda7e2ff2d", "fields": {"page_number": null, "accessed_on": null, "archive_url": "https://web.archive.org/web/20180119205627/https://dailynewsegypt.com/2018/01/17/shoukry-holds-bilateral-talks-ethiopian-counterpart/", "source": "10fd14f5-839c-4329-abe3-ef8fce85f806", "user": 1}}, {"model": "source.source", "pk": "56e488d4-b2e5-4fbd-b020-5879a82ec427", "fields": {"title": "\u0642\u0648\u0627\u062a \u0627\u0644\u0623\u0645\u0646 \u0627\u0644\u0645\u0635\u0631\u064a\u0629", "publication": "Al Jazeera Arabic", "publication_country": "Qatar", "published_on": "2011-02-02", "source_url": "http://www.aljazeera.net/news/arabic/2011/2/2/%D9%82%D9%88%D8%A7%D8%AA-%D8%A7%D9%84%D8%A3%D9%85%D9%86-%D8%A7%D9%84%D9%85%D8%B5%D8%B1%D9%8A%D8%A9", "date_updated": "2017-10-28T01:28:53.961Z", "date_added": "2017-10-28T01:28:53.961Z", "user": 1}}, {"model": "source.source", "pk": "9bc9745f-6cd3-4b3e-b5d7-7babc6ff6516", "fields": {"title": "\"Organizational Structure\"", "publication": "Ministry of Interior", "publication_country": "Egypt", "published_on": "2008-01-30", "source_url": "http://www.moiegypt.gov.eg:80/English/AboutMOI/OrganizationalStructure/OrganziationalStructure.htm", "date_updated": "2018-01-26T11:30:09.417Z", "date_added": "2018-01-26T11:30:09.417Z", "user": 1}}, {"model": "source.source", "pk": "e0203efd-c19d-47d5-a629-b40385082025", "fields": {"title": "\"Organizational Structure\"", "publication": "Ministry of Interior", "publication_country": "Egypt", "published_on": "2017-01-25", "source_url": "http://www.moiegypt.gov.eg:80/English/AboutMOI/OrganizationalStructure/OrganziationalStructure.htm", "date_updated": "2018-01-26T11:30:09.498Z", "date_added": "2018-01-26T11:30:09.498Z", "user": 1}}, {"model": "source.source", "pk": "bf4ae830-6d45-47f7-b4ea-eae5d173cada", "fields": {"title": "\"Who Are Egypt's New Ministers?\"", "publication": "Atlantic Council", "publication_country": null, "published_on": "2015-03-06", "source_url": "http://www.atlanticcouncil.org/blogs/menasource/who-are-egypt-s-new-ministers", "date_updated": "2018-01-26T11:34:04.209Z", "date_added": "2018-01-26T11:34:04.209Z", "user": 1}}, {"model": "source.source", "pk": "0f46e3e6-ea0f-4633-afd2-2cc49437015a", "fields": {"title": "Al-Sisi praises police efforts in countering extremism amid major nationwide ministry reshuffle", "publication": "Daily News Egypt", "publication_country": "Egypt", "published_on": "2017-07-30", "source_url": "https://dailynewsegypt.com/2017/07/30/al-sisi-praises-police-efforts-countering-extremism-amid-major-nationwide-ministry-reshuffle/", "date_updated": "2018-01-26T15:19:40.619Z", "date_added": "2018-01-26T15:19:40.619Z", "user": 1}}, {"model": "source.source", "pk": "6d93a5eb-0b14-446d-b7ae-fb5f3f7c6d0e", "fields": {"title": "Egypt interior minister reviews security plans ahead of Coptic Christmas", "publication": "Ahram Online", "publication_country": "Egypt", "published_on": "2018-01-04", "source_url": "http://english.ahram.org.eg/NewsContent/1/64/286592/Egypt/Politics-/Egypt-interior-minister-reviews-security-plans-ahe.aspx", "date_updated": "2018-01-26T15:21:58.107Z", "date_added": "2018-01-26T15:21:58.107Z", "user": 1}}, {"model": "source.accesspoint", "pk": "cc1f212a-b0da-4c4a-9dba-edcc4ce2a82c", "fields": {"page_number": null, "accessed_on": null, "archive_url": "https://web.archive.org/web/20160306053625/http://www.aljazeera.net/news/arabic/2011/2/2/%D9%82%D9%88%D8%A7%D8%AA-%D8%A7%D9%84%D8%A3%D9%85%D9%86-%D8%A7%D9%84%D9%85%D8%B5%D8%B1%D9%8A%D8%A9", "source": "56e488d4-b2e5-4fbd-b020-5879a82ec427", "user": 1}}, {"model": "source.accesspoint", "pk": "d0b6d93f-375c-47a1-9cf3-ad112c4a9226", "fields": {"page_number": null, "accessed_on": null, "archive_url": "https://web.archive.org/web/20080130121232/http://www.moiegypt.gov.eg:80/English/AboutMOI/OrganizationalStructure/OrganziationalStructure.htm", "source": "9bc9745f-6cd3-4b3e-b5d7-7babc6ff6516", "user": 1}}, {"model": "source.accesspoint", "pk": "93203115-2631-4a24-9f41-8353102de085", "fields": {"page_number": null, "accessed_on": null, "archive_url": "https://web.archive.org/web/20170125203123/http://www.moiegypt.gov.eg:80/English/AboutMOI/OrganizationalStructure/OrganziationalStructure.htm", "source": "e0203efd-c19d-47d5-a629-b40385082025", "user": 1}}, {"model": "source.accesspoint", "pk": "355cea77-ce95-4b81-8ee1-111fa76f0900", "fields": {"page_number": null, "accessed_on": null, "archive_url": "https://web.archive.org/web/20180119190915/http://www.atlanticcouncil.org/blogs/menasource/who-are-egypt-s-new-ministers", "source": "bf4ae830-6d45-47f7-b4ea-eae5d173cada", "user": 1}}, {"model": "source.accesspoint", "pk": "3b134d41-2437-45fc-8fcc-0c4f5eecba49", "fields": {"page_number": null, "accessed_on": null, "archive_url": "https://web.archive.org/web/20170804102512/https://dailynewsegypt.com/2017/07/30/al-sisi-praises-police-efforts-countering-extremism-amid-major-nationwide-ministry-reshuffle/", "source": "0f46e3e6-ea0f-4633-afd2-2cc49437015a", "user": 1}}, {"model": "source.accesspoint", "pk": "9ee52c6c-297a-4843-9867-e29a1ee3edbb", "fields": {"page_number": null, "accessed_on": null, "archive_url": "https://web.archive.org/web/20180104201852/http://english.ahram.org.eg/NewsContent/1/64/286592/Egypt/Politics-/Egypt-interior-minister-reviews-security-plans-ahe.aspx", "source": "6d93a5eb-0b14-446d-b7ae-fb5f3f7c6d0e", "user": 1}}, {"model": "auth.user", "pk": 1, "fields": {"password": "pbkdf2_sha256$24000$F3HbMtZ32JrG$eF1tT3GLlmREsYoFLgzDi++QDi5AhjL5frqWw9vWx9A=", "last_login": null, "is_superuser": false, "username": "importer", "first_name": "", "last_name": "", "email": "importer@importer.com", "is_staff": false, "is_active": true, "date_joined": "2017-10-10T23:42:13.494Z", "groups": [], "user_permissions": []}}]