[{"model": "person.person", "pk": 1, "fields": {"uuid": "a7330663-ae7f-4c8f-bbda-6b8d1502404b"}}, {"model": "person.person", "pk": 2, "fields": {"uuid": "22c32543-4371-4a2a-a192-7ffe6b544536"}}, {"model": "person.person", "pk": 3, "fields": {"uuid": "7afd9a5d-d9d0-4ce4-960e-8fcc8d57e769"}}, {"model": "person.person", "pk": 4, "fields": {"uuid": "12a3eca2-6d0b-4922-a625-301780eebd8c"}}, {"model": "person.person", "pk": 5, "fields": {"uuid": "df839f8d-1fe5-48cb-b24a-bc85efd1ac59"}}, {"model": "person.person", "pk": 6, "fields": {"uuid": "0f486c05-df22-4b22-a514-4943fdeea271"}}, {"model": "person.person", "pk": 7, "fields": {"uuid": "d2fe1202-fc48-418a-8cfe-37489d0600e0"}}, {"model": "person.person", "pk": 8, "fields": {"uuid": "b670af83-e34f-43ab-b7fe-e01d18094bf4"}}, {"model": "person.person", "pk": 9, "fields": {"uuid": "dd1040d8-6b40-4321-80d3-39d69ec71985"}}, {"model": "person.person", "pk": 10, "fields": {"uuid": "b91bcfaa-bf3c-4659-a842-3cc649c8f45a"}}, {"model": "person.persondivisionid", "pk": 1, "fields": {"lang": null, "confidence": "2", "object_ref": 1, "value": "ocd-division/country:mx", "sources": ["7e404077-88f4-429a-8221-8a6a539037bb", "02260a20-ca67-431b-a757-e4ba555b8a87", "daee5da2-00b5-4155-bd98-ff5e9d047420", "bdab1b6c-2a04-4b94-9165-8a39a4a3ccfa", "f0820218-89e8-49dd-a84b-49beb0591dce", "93412495-cf17-4890-a730-6a71575b7fbd", "d4dc2596-5338-4b20-ba69-1cc95d1b1fc6", "b0d0e2ff-fa8f-4b99-bfca-2650d25ae6c1", "b3b79fc0-9c0d-4193-91f9-3bbf6ecb8947", "e3f72512-1bec-4e18-871d-652ab8baf6ba", "8b4149ec-befe-4c65-9e80-1d85f863ed2a", "0734040d-8ce8-4503-ad96-8192929884c1", "a0cfb0c2-63ae-4132-90a8-14f376e281e1", "28e5b89b-17e3-4de4-a28f-cf82651aaf5d", "0f290f02-bb46-4e14-b035-83444e52aacb", "62e834d8-581e-40a5-b4db-23d1c4c53b9a", "bdab1b6c-2a04-4b94-9165-8a39a4a3ccfa", "f0820218-89e8-49dd-a84b-49beb0591dce", "93412495-cf17-4890-a730-6a71575b7fbd", "d4dc2596-5338-4b20-ba69-1cc95d1b1fc6", "02260a20-ca67-431b-a757-e4ba555b8a87", "daee5da2-00b5-4155-bd98-ff5e9d047420", "b0d0e2ff-fa8f-4b99-bfca-2650d25ae6c1", "b3b79fc0-9c0d-4193-91f9-3bbf6ecb8947", "e3f72512-1bec-4e18-871d-652ab8baf6ba", "8b4149ec-befe-4c65-9e80-1d85f863ed2a", "0734040d-8ce8-4503-ad96-8192929884c1", "a0cfb0c2-63ae-4132-90a8-14f376e281e1", "28e5b89b-17e3-4de4-a28f-cf82651aaf5d", "0f290f02-bb46-4e14-b035-83444e52aacb", "62e834d8-581e-40a5-b4db-23d1c4c53b9a", "7e404077-88f4-429a-8221-8a6a539037bb", "1100b4e9-dd35-4d97-b5f1-36cbbb2dc9f7", "1100b4e9-dd35-4d97-b5f1-36cbbb2dc9f7"], "accesspoints": ["96a15f7f-ccff-492c-bd67-b88e31daa2b9", "e975f09a-73c6-45d6-80b4-4d42cb1503e4", "bd17616d-8725-442b-9891-20ccb9ec4d19", "b6bcc7fe-8acd-4858-a75a-3f2041bfb0ba", "e2c290e3-ecf8-4a9e-a9c5-7b9840da075f", "e991b504-7f22-403c-9b6c-10a098bd4a68", "289a5d78-d7bf-4073-94a2-82c42f8a748d", "f06c1804-9e0e-40a2-a341-0efad4a6e0b5", "e243c427-a20e-4424-88a0-64268ffcad20", "54970a64-2bd0-4394-8847-1b0da67e2219", "4aafc94e-179b-427e-9aa5-03e23086b509", "dc2feadf-70ec-4676-8acd-6b83e66a4098", "58c7a2e5-2caa-4a3e-95c9-06f17b45fddd", "76f6f55e-9330-4784-9c76-d9dae5f4c976", "3c3ecbb8-3a39-4359-a275-5faa50ef29a8", "b902935b-4c53-48a8-8fc8-b061fc1dfced", "ab9f5213-8aac-43f6-af2c-6acd8d6f10cd"]}}, {"model": "person.personname", "pk": 1, "fields": {"lang": "en", "confidence": "2", "object_ref": 1, "value": "Guillermo Moreno Serrano", "sources": ["7e404077-88f4-429a-8221-8a6a539037bb", "02260a20-ca67-431b-a757-e4ba555b8a87", "daee5da2-00b5-4155-bd98-ff5e9d047420", "bdab1b6c-2a04-4b94-9165-8a39a4a3ccfa", "f0820218-89e8-49dd-a84b-49beb0591dce", "93412495-cf17-4890-a730-6a71575b7fbd", "d4dc2596-5338-4b20-ba69-1cc95d1b1fc6", "b0d0e2ff-fa8f-4b99-bfca-2650d25ae6c1", "b3b79fc0-9c0d-4193-91f9-3bbf6ecb8947", "e3f72512-1bec-4e18-871d-652ab8baf6ba", "8b4149ec-befe-4c65-9e80-1d85f863ed2a", "0734040d-8ce8-4503-ad96-8192929884c1", "a0cfb0c2-63ae-4132-90a8-14f376e281e1", "28e5b89b-17e3-4de4-a28f-cf82651aaf5d", "0f290f02-bb46-4e14-b035-83444e52aacb", "62e834d8-581e-40a5-b4db-23d1c4c53b9a", "bdab1b6c-2a04-4b94-9165-8a39a4a3ccfa", "f0820218-89e8-49dd-a84b-49beb0591dce", "93412495-cf17-4890-a730-6a71575b7fbd", "d4dc2596-5338-4b20-ba69-1cc95d1b1fc6", "02260a20-ca67-431b-a757-e4ba555b8a87", "daee5da2-00b5-4155-bd98-ff5e9d047420", "b0d0e2ff-fa8f-4b99-bfca-2650d25ae6c1", "b3b79fc0-9c0d-4193-91f9-3bbf6ecb8947", "e3f72512-1bec-4e18-871d-652ab8baf6ba", "8b4149ec-befe-4c65-9e80-1d85f863ed2a", "0734040d-8ce8-4503-ad96-8192929884c1", "a0cfb0c2-63ae-4132-90a8-14f376e281e1", "28e5b89b-17e3-4de4-a28f-cf82651aaf5d", "0f290f02-bb46-4e14-b035-83444e52aacb", "62e834d8-581e-40a5-b4db-23d1c4c53b9a", "7e404077-88f4-429a-8221-8a6a539037bb", "1100b4e9-dd35-4d97-b5f1-36cbbb2dc9f7", "1100b4e9-dd35-4d97-b5f1-36cbbb2dc9f7"], "accesspoints": ["96a15f7f-ccff-492c-bd67-b88e31daa2b9", "e975f09a-73c6-45d6-80b4-4d42cb1503e4", "bd17616d-8725-442b-9891-20ccb9ec4d19", "b6bcc7fe-8acd-4858-a75a-3f2041bfb0ba", "e2c290e3-ecf8-4a9e-a9c5-7b9840da075f", "e991b504-7f22-403c-9b6c-10a098bd4a68", "289a5d78-d7bf-4073-94a2-82c42f8a748d", "f06c1804-9e0e-40a2-a341-0efad4a6e0b5", "e243c427-a20e-4424-88a0-64268ffcad20", "54970a64-2bd0-4394-8847-1b0da67e2219", "4aafc94e-179b-427e-9aa5-03e23086b509", "dc2feadf-70ec-4676-8acd-6b83e66a4098", "58c7a2e5-2caa-4a3e-95c9-06f17b45fddd", "76f6f55e-9330-4784-9c76-d9dae5f4c976", "3c3ecbb8-3a39-4359-a275-5faa50ef29a8", "b902935b-4c53-48a8-8fc8-b061fc1dfced", "ab9f5213-8aac-43f6-af2c-6acd8d6f10cd"]}}, {"model": "person.persondivisionid", "pk": 2, "fields": {"lang": null, "confidence": "1", "object_ref": 2, "value": "ocd-division/country:ng", "sources": ["5dc8bc7d-c9b4-458b-b206-6d6ed8235f11", "5dc8bc7d-c9b4-458b-b206-6d6ed8235f11"], "accesspoints": ["7608ae71-21e3-4e5b-91ca-8fc800887feb"]}}, {"model": "person.personname", "pk": 2, "fields": {"lang": "en", "confidence": "1", "object_ref": 2, "value": "M.M Abu", "sources": ["5dc8bc7d-c9b4-458b-b206-6d6ed8235f11", "5dc8bc7d-c9b4-458b-b206-6d6ed8235f11"], "accesspoints": ["7608ae71-21e3-4e5b-91ca-8fc800887feb"]}}, {"model": "person.persondivisionid", "pk": 3, "fields": {"lang": null, "confidence": "1", "object_ref": 3, "value": "ocd-division/country:ng", "sources": ["55b8d84d-66e4-4796-81c5-44f4cd5d82aa", "55b8d84d-66e4-4796-81c5-44f4cd5d82aa"], "accesspoints": ["3416dfe8-247e-414c-b79e-62b376c81813"]}}, {"model": "person.personname", "pk": 3, "fields": {"lang": "en", "confidence": "1", "object_ref": 3, "value": "Nsikak Mende", "sources": ["55b8d84d-66e4-4796-81c5-44f4cd5d82aa", "55b8d84d-66e4-4796-81c5-44f4cd5d82aa"], "accesspoints": ["3416dfe8-247e-414c-b79e-62b376c81813"]}}, {"model": "person.persondivisionid", "pk": 4, "fields": {"lang": null, "confidence": "1", "object_ref": 4, "value": "ocd-division/country:ng", "sources": ["9c763984-b3bb-4ad0-9ee0-9379d252df68", "9c763984-b3bb-4ad0-9ee0-9379d252df68"], "accesspoints": ["0f9d953e-e511-417a-af18-8731c3925bdb"]}}, {"model": "person.personname", "pk": 4, "fields": {"lang": "en", "confidence": "1", "object_ref": 4, "value": "Saidu Balarabe", "sources": ["9c763984-b3bb-4ad0-9ee0-9379d252df68", "9c763984-b3bb-4ad0-9ee0-9379d252df68"], "accesspoints": ["0f9d953e-e511-417a-af18-8731c3925bdb"]}}, {"model": "person.personalias", "pk": 2, "fields": {"lang": "en", "confidence": "2", "object_ref": 5, "value": "Sunday Jimo", "sources": ["827f9ede-1d06-4c65-9a7c-31ecf45be8ae", "ae94b3d6-a064-497e-9773-3aaea1eb17de", "d6f92900-9eb5-4908-b51e-7e2f95288578", "ae94b3d6-a064-497e-9773-3aaea1eb17de", "827f9ede-1d06-4c65-9a7c-31ecf45be8ae", "d6f92900-9eb5-4908-b51e-7e2f95288578"], "accesspoints": ["5fe3f056-2c8c-4b30-b4ba-6fbb48f18893", "4b2478b2-538d-4681-8074-93f408a03ce8", "eb02f264-b0a2-4460-9acf-2ecaa181b3f9"]}}, {"model": "person.personalias", "pk": 1, "fields": {"lang": "en", "confidence": "2", "object_ref": 5, "value": "Sunday Ilori", "sources": ["827f9ede-1d06-4c65-9a7c-31ecf45be8ae", "ae94b3d6-a064-497e-9773-3aaea1eb17de", "d6f92900-9eb5-4908-b51e-7e2f95288578", "ae94b3d6-a064-497e-9773-3aaea1eb17de", "827f9ede-1d06-4c65-9a7c-31ecf45be8ae", "d6f92900-9eb5-4908-b51e-7e2f95288578"], "accesspoints": ["5fe3f056-2c8c-4b30-b4ba-6fbb48f18893", "4b2478b2-538d-4681-8074-93f408a03ce8", "eb02f264-b0a2-4460-9acf-2ecaa181b3f9"]}}, {"model": "person.persondivisionid", "pk": 5, "fields": {"lang": null, "confidence": "2", "object_ref": 5, "value": "ocd-division/country:ng", "sources": ["827f9ede-1d06-4c65-9a7c-31ecf45be8ae", "d6f92900-9eb5-4908-b51e-7e2f95288578", "827f9ede-1d06-4c65-9a7c-31ecf45be8ae", "d6f92900-9eb5-4908-b51e-7e2f95288578"], "accesspoints": ["5fe3f056-2c8c-4b30-b4ba-6fbb48f18893", "eb02f264-b0a2-4460-9acf-2ecaa181b3f9"]}}, {"model": "person.personname", "pk": 5, "fields": {"lang": "en", "confidence": "2", "object_ref": 5, "value": "Sunday Jimmi Ayorinde Ilori", "sources": ["827f9ede-1d06-4c65-9a7c-31ecf45be8ae", "d6f92900-9eb5-4908-b51e-7e2f95288578", "827f9ede-1d06-4c65-9a7c-31ecf45be8ae", "d6f92900-9eb5-4908-b51e-7e2f95288578"], "accesspoints": ["5fe3f056-2c8c-4b30-b4ba-6fbb48f18893", "eb02f264-b0a2-4460-9acf-2ecaa181b3f9"]}}, {"model": "person.persondivisionid", "pk": 6, "fields": {"lang": null, "confidence": "1", "object_ref": 6, "value": "ocd-division/country:ng", "sources": ["9bd17ccd-12af-4e39-af95-6c4e056c4c69", "9bd17ccd-12af-4e39-af95-6c4e056c4c69", "3904441c-ffc6-486a-8a8d-e1f662deeed8", "3904441c-ffc6-486a-8a8d-e1f662deeed8"], "accesspoints": ["4afd116b-b773-438f-b3e5-3d574ef242a0", "104812ad-49a3-406e-a5f7-8b105d53e21b"]}}, {"model": "person.personname", "pk": 6, "fields": {"lang": "en", "confidence": "1", "object_ref": 6, "value": "Adamu Aliyu", "sources": ["9bd17ccd-12af-4e39-af95-6c4e056c4c69", "3904441c-ffc6-486a-8a8d-e1f662deeed8", "9bd17ccd-12af-4e39-af95-6c4e056c4c69", "3904441c-ffc6-486a-8a8d-e1f662deeed8"], "accesspoints": ["4afd116b-b773-438f-b3e5-3d574ef242a0", "104812ad-49a3-406e-a5f7-8b105d53e21b"]}}, {"model": "person.persondivisionid", "pk": 7, "fields": {"lang": null, "confidence": "2", "object_ref": 7, "value": "ocd-division/country:mx", "sources": ["7e404077-88f4-429a-8221-8a6a539037bb", "daee5da2-00b5-4155-bd98-ff5e9d047420", "b0d0e2ff-fa8f-4b99-bfca-2650d25ae6c1", "b3b79fc0-9c0d-4193-91f9-3bbf6ecb8947", "e3f72512-1bec-4e18-871d-652ab8baf6ba", "8b4149ec-befe-4c65-9e80-1d85f863ed2a", "0734040d-8ce8-4503-ad96-8192929884c1", "a0cfb0c2-63ae-4132-90a8-14f376e281e1", "28e5b89b-17e3-4de4-a28f-cf82651aaf5d", "0f290f02-bb46-4e14-b035-83444e52aacb", "cb223128-0908-4646-8b8a-84d8f95b0c46", "1e0aed23-98ff-4cbf-ad14-2d53693cf1b3", "fd38d18b-dc28-421d-b1c7-34efb316ff27", "bf17cee6-96e0-4723-b957-65eaec528233", "cb223128-0908-4646-8b8a-84d8f95b0c46", "1e0aed23-98ff-4cbf-ad14-2d53693cf1b3", "fd38d18b-dc28-421d-b1c7-34efb316ff27", "bf17cee6-96e0-4723-b957-65eaec528233", "daee5da2-00b5-4155-bd98-ff5e9d047420", "b0d0e2ff-fa8f-4b99-bfca-2650d25ae6c1", "b3b79fc0-9c0d-4193-91f9-3bbf6ecb8947", "e3f72512-1bec-4e18-871d-652ab8baf6ba", "8b4149ec-befe-4c65-9e80-1d85f863ed2a", "0734040d-8ce8-4503-ad96-8192929884c1", "a0cfb0c2-63ae-4132-90a8-14f376e281e1", "28e5b89b-17e3-4de4-a28f-cf82651aaf5d", "0f290f02-bb46-4e14-b035-83444e52aacb", "7e404077-88f4-429a-8221-8a6a539037bb"], "accesspoints": ["96a15f7f-ccff-492c-bd67-b88e31daa2b9", "bd17616d-8725-442b-9891-20ccb9ec4d19", "f06c1804-9e0e-40a2-a341-0efad4a6e0b5", "e243c427-a20e-4424-88a0-64268ffcad20", "54970a64-2bd0-4394-8847-1b0da67e2219", "4aafc94e-179b-427e-9aa5-03e23086b509", "dc2feadf-70ec-4676-8acd-6b83e66a4098", "58c7a2e5-2caa-4a3e-95c9-06f17b45fddd", "76f6f55e-9330-4784-9c76-d9dae5f4c976", "3c3ecbb8-3a39-4359-a275-5faa50ef29a8", "bc225d62-f71f-4a86-b535-329bbea1e60d", "55797e79-a366-4890-86f6-d841d961a3be", "cc8820ba-874c-4b1f-be9f-d9c5e5096412", "bca425c7-3e12-44f2-97a6-6e42cda31655"]}}, {"model": "person.personname", "pk": 7, "fields": {"lang": "en", "confidence": "2", "object_ref": 7, "value": "Marco Armando Islas Garc\u00eda", "sources": ["7e404077-88f4-429a-8221-8a6a539037bb", "daee5da2-00b5-4155-bd98-ff5e9d047420", "b0d0e2ff-fa8f-4b99-bfca-2650d25ae6c1", "b3b79fc0-9c0d-4193-91f9-3bbf6ecb8947", "e3f72512-1bec-4e18-871d-652ab8baf6ba", "8b4149ec-befe-4c65-9e80-1d85f863ed2a", "0734040d-8ce8-4503-ad96-8192929884c1", "a0cfb0c2-63ae-4132-90a8-14f376e281e1", "28e5b89b-17e3-4de4-a28f-cf82651aaf5d", "0f290f02-bb46-4e14-b035-83444e52aacb", "cb223128-0908-4646-8b8a-84d8f95b0c46", "1e0aed23-98ff-4cbf-ad14-2d53693cf1b3", "fd38d18b-dc28-421d-b1c7-34efb316ff27", "bf17cee6-96e0-4723-b957-65eaec528233", "cb223128-0908-4646-8b8a-84d8f95b0c46", "1e0aed23-98ff-4cbf-ad14-2d53693cf1b3", "fd38d18b-dc28-421d-b1c7-34efb316ff27", "bf17cee6-96e0-4723-b957-65eaec528233", "daee5da2-00b5-4155-bd98-ff5e9d047420", "b0d0e2ff-fa8f-4b99-bfca-2650d25ae6c1", "b3b79fc0-9c0d-4193-91f9-3bbf6ecb8947", "e3f72512-1bec-4e18-871d-652ab8baf6ba", "8b4149ec-befe-4c65-9e80-1d85f863ed2a", "0734040d-8ce8-4503-ad96-8192929884c1", "a0cfb0c2-63ae-4132-90a8-14f376e281e1", "28e5b89b-17e3-4de4-a28f-cf82651aaf5d", "0f290f02-bb46-4e14-b035-83444e52aacb", "7e404077-88f4-429a-8221-8a6a539037bb"], "accesspoints": ["96a15f7f-ccff-492c-bd67-b88e31daa2b9", "bd17616d-8725-442b-9891-20ccb9ec4d19", "f06c1804-9e0e-40a2-a341-0efad4a6e0b5", "e243c427-a20e-4424-88a0-64268ffcad20", "54970a64-2bd0-4394-8847-1b0da67e2219", "4aafc94e-179b-427e-9aa5-03e23086b509", "dc2feadf-70ec-4676-8acd-6b83e66a4098", "58c7a2e5-2caa-4a3e-95c9-06f17b45fddd", "76f6f55e-9330-4784-9c76-d9dae5f4c976", "3c3ecbb8-3a39-4359-a275-5faa50ef29a8", "bc225d62-f71f-4a86-b535-329bbea1e60d", "55797e79-a366-4890-86f6-d841d961a3be", "cc8820ba-874c-4b1f-be9f-d9c5e5096412", "bca425c7-3e12-44f2-97a6-6e42cda31655"]}}, {"model": "person.persondivisionid", "pk": 8, "fields": {"lang": null, "confidence": "1", "object_ref": 8, "value": "ocd-division/country:ng", "sources": ["3368df69-0c66-48a6-9e40-97b0fec459c9", "3368df69-0c66-48a6-9e40-97b0fec459c9"], "accesspoints": ["a37152d1-aec0-4c6f-a019-d867a12f2885"]}}, {"model": "person.personname", "pk": 8, "fields": {"lang": "en", "confidence": "1", "object_ref": 8, "value": "Bright Ateke Fiboinumama", "sources": ["3368df69-0c66-48a6-9e40-97b0fec459c9", "3368df69-0c66-48a6-9e40-97b0fec459c9"], "accesspoints": ["a37152d1-aec0-4c6f-a019-d867a12f2885"]}}, {"model": "person.persondivisionid", "pk": 9, "fields": {"lang": null, "confidence": "1", "object_ref": 9, "value": "ocd-division/country:ng", "sources": ["05d2afba-78f9-46a8-a9ea-7c538276aa16", "05d2afba-78f9-46a8-a9ea-7c538276aa16"], "accesspoints": ["2d9b7c6a-827f-418f-a7e3-88e220af0801"]}}, {"model": "person.personname", "pk": 9, "fields": {"lang": "en", "confidence": "1", "object_ref": 9, "value": "Umar Jafaru Uwuigbe", "sources": ["05d2afba-78f9-46a8-a9ea-7c538276aa16", "05d2afba-78f9-46a8-a9ea-7c538276aa16"], "accesspoints": ["2d9b7c6a-827f-418f-a7e3-88e220af0801"]}}, {"model": "person.persondivisionid", "pk": 10, "fields": {"lang": null, "confidence": "1", "object_ref": 10, "value": "ocd-division/country:ng", "sources": ["688e13d1-90e4-4126-bfd4-d1119da5e91b", "d5b0268f-1857-4ffd-9b7a-16891e6ff877", "688e13d1-90e4-4126-bfd4-d1119da5e91b", "d5b0268f-1857-4ffd-9b7a-16891e6ff877"], "accesspoints": ["8ee2dfdd-8251-4166-8247-749a2e737fcc", "d6d72a42-40e8-446e-a124-b38878d3c777"]}}, {"model": "person.personname", "pk": 10, "fields": {"lang": "en", "confidence": "1", "object_ref": 10, "value": "Williams Obene", "sources": ["688e13d1-90e4-4126-bfd4-d1119da5e91b", "d5b0268f-1857-4ffd-9b7a-16891e6ff877", "688e13d1-90e4-4126-bfd4-d1119da5e91b", "d5b0268f-1857-4ffd-9b7a-16891e6ff877"], "accesspoints": ["8ee2dfdd-8251-4166-8247-749a2e737fcc", "d6d72a42-40e8-446e-a124-b38878d3c777"]}}, {"model": "source.source", "pk": "7e404077-88f4-429a-8221-8a6a539037bb", "fields": {"title": "\"Se informa a la opini\u00f3n p\u00fablica sobre la designaci\u00f3n de diferentes Mandos Territoriales\"", "publication": "Secretar\u00eda de la Defensa Nacional", "publication_country": "Mexico", "published_on": "2008-08-08", "source_url": "http://www.sedena.gob.mx/pdf/comunicados/2008/2008151.pdf", "date_updated": "2017-10-28T01:32:58.314Z", "date_added": "2017-10-28T01:32:58.314Z", "user": 1}}, {"model": "source.source", "pk": "02260a20-ca67-431b-a757-e4ba555b8a87", "fields": {"title": "Ej\u00e9rcito Mexicano \u2013 Regiones y Zonas Militares", "publication": "Secretar\u00eda de la Defensa Nacional", "publication_country": "Mexico", "published_on": "2007-05-13", "source_url": "http://sedena.gob.mx/index.php?id_art=629", "date_updated": "2017-10-28T03:14:59.402Z", "date_added": "2017-10-28T03:14:59.402Z", "user": 1}}, {"model": "source.source", "pk": "daee5da2-00b5-4155-bd98-ff5e9d047420", "fields": {"title": "Ej\u00e9rcito Mexicano \u2013 Regiones y Zonas Militares", "publication": "Secretar\u00eda de la Defensa Nacional", "publication_country": "Mexico", "published_on": "2009-01-07", "source_url": "http://sedena.gob.mx/index.php?id_art=629", "date_updated": "2017-10-28T03:14:59.410Z", "date_added": "2017-10-28T03:14:59.410Z", "user": 1}}, {"model": "source.source", "pk": "bdab1b6c-2a04-4b94-9165-8a39a4a3ccfa", "fields": {"title": "Ej\u00e9rcito Mexicano \u2013 Zonas Militares", "publication": "Secretar\u00eda de la Defensa Nacional", "publication_country": "Mexico", "published_on": "2006-08-21", "source_url": "http://www.sedena.gob.mx/ejercito/comandancias/zon_mil.htm", "date_updated": "2017-10-28T03:14:59.364Z", "date_added": "2017-10-28T03:14:59.364Z", "user": 1}}, {"model": "source.source", "pk": "f0820218-89e8-49dd-a84b-49beb0591dce", "fields": {"title": "Ej\u00e9rcito Mexicano \u2013 Zonas Militares", "publication": "Secretar\u00eda de la Defensa Nacional", "publication_country": "Mexico", "published_on": "2006-12-23", "source_url": "http://www.sedena.gob.mx/ejercito/comandancias/zon_mil.htm", "date_updated": "2017-10-28T03:14:59.371Z", "date_added": "2017-10-28T03:14:59.371Z", "user": 1}}, {"model": "source.source", "pk": "93412495-cf17-4890-a730-6a71575b7fbd", "fields": {"title": "Ej\u00e9rcito Mexicano \u2013 Zonas Militares", "publication": "Secretar\u00eda de la Defensa Nacional", "publication_country": "Mexico", "published_on": "2007-01-06", "source_url": "http://www.sedena.gob.mx/ejercito/comandancias/zon_mil.htm", "date_updated": "2017-10-28T03:14:59.379Z", "date_added": "2017-10-28T03:14:59.379Z", "user": 1}}, {"model": "source.source", "pk": "d4dc2596-5338-4b20-ba69-1cc95d1b1fc6", "fields": {"title": "Ej\u00e9rcito Mexicano \u2013 Zonas Militares", "publication": "Secretar\u00eda de la Defensa Nacional", "publication_country": "Mexico", "published_on": "2007-01-26", "source_url": "http://www.sedena.gob.mx/ejercito/comandancias/zon_mil.htm", "date_updated": "2017-10-28T03:14:59.387Z", "date_added": "2017-10-28T03:14:59.387Z", "user": 1}}, {"model": "source.source", "pk": "b0d0e2ff-fa8f-4b99-bfca-2650d25ae6c1", "fields": {"title": "Ej\u00e9rcito Mexicano \u2013 Regiones y Zonas Militares", "publication": "Secretar\u00eda de la Defensa Nacional", "publication_country": "Mexico", "published_on": "2009-01-07", "source_url": "http://sedena.gob.mx/index.php?id_art=629", "date_updated": "2017-10-28T03:14:59.423Z", "date_added": "2017-10-28T03:14:59.423Z", "user": 1}}, {"model": "source.source", "pk": "b3b79fc0-9c0d-4193-91f9-3bbf6ecb8947", "fields": {"title": "Ej\u00e9rcito Mexicano \u2013 Regiones y Zonas Militares", "publication": "Secretar\u00eda de la Defensa Nacional", "publication_country": "Mexico", "published_on": "2009-01-07", "source_url": "http://sedena.gob.mx/index.php?id_art=629", "date_updated": "2017-10-28T03:14:59.430Z", "date_added": "2017-10-28T03:14:59.430Z", "user": 1}}, {"model": "source.source", "pk": "e3f72512-1bec-4e18-871d-652ab8baf6ba", "fields": {"title": "Ej\u00e9rcito Mexicano \u2013 Regiones y Zonas Militares", "publication": "Secretar\u00eda de la Defensa Nacional", "publication_country": "Mexico", "published_on": "2009-01-07", "source_url": "http://sedena.gob.mx/index.php?id_art=629", "date_updated": "2017-10-28T03:14:59.438Z", "date_added": "2017-10-28T03:14:59.438Z", "user": 1}}, {"model": "source.source", "pk": "8b4149ec-befe-4c65-9e80-1d85f863ed2a", "fields": {"title": "Ej\u00e9rcito Mexicano \u2013 Regiones y Zonas Militares", "publication": "Secretar\u00eda de la Defensa Nacional", "publication_country": "Mexico", "published_on": "2009-01-07", "source_url": "http://sedena.gob.mx/index.php?id_art=629", "date_updated": "2017-10-28T03:14:59.445Z", "date_added": "2017-10-28T03:14:59.445Z", "user": 1}}, {"model": "source.source", "pk": "0734040d-8ce8-4503-ad96-8192929884c1", "fields": {"title": "Ej\u00e9rcito Mexicano \u2013 Regiones y Zonas Militares", "publication": "Secretar\u00eda de la Defensa Nacional", "publication_country": "Mexico", "published_on": "2009-01-07", "source_url": "http://sedena.gob.mx/index.php?id_art=629", "date_updated": "2017-10-28T03:14:59.453Z", "date_added": "2017-10-28T03:14:59.453Z", "user": 1}}, {"model": "source.source", "pk": "a0cfb0c2-63ae-4132-90a8-14f376e281e1", "fields": {"title": "Ej\u00e9rcito Mexicano \u2013 Regiones y Zonas Militares", "publication": "Secretar\u00eda de la Defensa Nacional", "publication_country": "Mexico", "published_on": "2009-10-30", "source_url": "http://sedena.gob.mx/index.php?id_art=629", "date_updated": "2017-10-28T03:14:59.460Z", "date_added": "2017-10-28T03:14:59.460Z", "user": 1}}, {"model": "source.source", "pk": "28e5b89b-17e3-4de4-a28f-cf82651aaf5d", "fields": {"title": "Ej\u00e9rcito Mexicano \u2013 Regiones y Zonas Militares", "publication": "Secretar\u00eda de la Defensa Nacional", "publication_country": "Mexico", "published_on": "2010-01-18", "source_url": "http://sedena.gob.mx/index.php?id_art=629", "date_updated": "2017-10-28T03:14:59.468Z", "date_added": "2017-10-28T03:14:59.468Z", "user": 1}}, {"model": "source.source", "pk": "0f290f02-bb46-4e14-b035-83444e52aacb", "fields": {"title": "Ej\u00e9rcito Mexicano \u2013 Regiones y Zonas Militares", "publication": "Secretar\u00eda de la Defensa Nacional", "publication_country": "Mexico", "published_on": "2010-02-04", "source_url": "http://sedena.gob.mx/index.php?id_art=629", "date_updated": "2017-10-28T03:14:59.475Z", "date_added": "2017-10-28T03:14:59.475Z", "user": 1}}, {"model": "source.source", "pk": "62e834d8-581e-40a5-b4db-23d1c4c53b9a", "fields": {"title": "Ej\u00e9rcito Mexicano \u2013 Regiones y Zonas Militares", "publication": "Secretar\u00eda de la Defensa Nacional", "publication_country": "Mexico", "published_on": "2012-10-10", "source_url": "http://sedena.gob.mx/index.php/conoce-la-sedena/funcionarios-y-comandantes/funcionarios-ejercito-mexicano/656-regiones-y-zonas-militares-del-ejercito?device=desktop", "date_updated": "2017-10-28T03:14:59.483Z", "date_added": "2017-10-28T03:14:59.483Z", "user": 1}}, {"model": "source.source", "pk": "1100b4e9-dd35-4d97-b5f1-36cbbb2dc9f7", "fields": {"title": "\u201cFallece contralor del Ej\u00e9rcito y Fuerza A\u00e9rea\u201d", "publication": "Milenio", "publication_country": "Mexico", "published_on": "2013-10-22", "source_url": "http://www.milenio.com/policia/Fallece-contralor-Ejercito-Fuerza-Aerea_0_176382509.html", "date_updated": "2018-01-26T11:59:16.503Z", "date_added": "2018-01-26T11:59:16.503Z", "user": 1}}, {"model": "source.accesspoint", "pk": "96a15f7f-ccff-492c-bd67-b88e31daa2b9", "fields": {"page_number": null, "accessed_on": null, "archive_url": "https://web.archive.org/web/20110804050351/http://www.sedena.gob.mx/pdf/comunicados/2008/2008151.pdf", "source": "7e404077-88f4-429a-8221-8a6a539037bb", "user": 1}}, {"model": "source.accesspoint", "pk": "e975f09a-73c6-45d6-80b4-4d42cb1503e4", "fields": {"page_number": null, "accessed_on": null, "archive_url": "https://web.archive.org/web/20070513123114/http://sedena.gob.mx/index.php?id_art=629", "source": "02260a20-ca67-431b-a757-e4ba555b8a87", "user": 1}}, {"model": "source.accesspoint", "pk": "bd17616d-8725-442b-9891-20ccb9ec4d19", "fields": {"page_number": null, "accessed_on": null, "archive_url": "https://web.archive.org/web/20090331093032/http://sedena.gob.mx/index.php?id_art=629", "source": "daee5da2-00b5-4155-bd98-ff5e9d047420", "user": 1}}, {"model": "source.accesspoint", "pk": "b6bcc7fe-8acd-4858-a75a-3f2041bfb0ba", "fields": {"page_number": null, "accessed_on": null, "archive_url": "https://web.archive.org/web/20060821201706/http://www.sedena.gob.mx/ejercito/comandancias/zon_mil.htm", "source": "bdab1b6c-2a04-4b94-9165-8a39a4a3ccfa", "user": 1}}, {"model": "source.accesspoint", "pk": "e2c290e3-ecf8-4a9e-a9c5-7b9840da075f", "fields": {"page_number": null, "accessed_on": null, "archive_url": "https://web.archive.org/web/20061223041924/http://www.sedena.gob.mx/ejercito/comandancias/zon_mil.htm", "source": "f0820218-89e8-49dd-a84b-49beb0591dce", "user": 1}}, {"model": "source.accesspoint", "pk": "e991b504-7f22-403c-9b6c-10a098bd4a68", "fields": {"page_number": null, "accessed_on": null, "archive_url": "https://web.archive.org/web/20070106004418/http://www.sedena.gob.mx/ejercito/comandancias/zon_mil.htm", "source": "93412495-cf17-4890-a730-6a71575b7fbd", "user": 1}}, {"model": "source.accesspoint", "pk": "289a5d78-d7bf-4073-94a2-82c42f8a748d", "fields": {"page_number": null, "accessed_on": null, "archive_url": "https://web.archive.org/web/20070126042216/http://www.sedena.gob.mx/ejercito/comandancias/zon_mil.htm", "source": "d4dc2596-5338-4b20-ba69-1cc95d1b1fc6", "user": 1}}, {"model": "source.accesspoint", "pk": "f06c1804-9e0e-40a2-a341-0efad4a6e0b5", "fields": {"page_number": null, "accessed_on": null, "archive_url": "https://web.archive.org/web/20090501205526/http://sedena.gob.mx/index.php?id_art=629", "source": "b0d0e2ff-fa8f-4b99-bfca-2650d25ae6c1", "user": 1}}, {"model": "source.accesspoint", "pk": "e243c427-a20e-4424-88a0-64268ffcad20", "fields": {"page_number": null, "accessed_on": null, "archive_url": "https://web.archive.org/web/20090620012741/http://sedena.gob.mx/index.php?id_art=629", "source": "b3b79fc0-9c0d-4193-91f9-3bbf6ecb8947", "user": 1}}, {"model": "source.accesspoint", "pk": "54970a64-2bd0-4394-8847-1b0da67e2219", "fields": {"page_number": null, "accessed_on": null, "archive_url": "https://web.archive.org/web/20090726031256/http://sedena.gob.mx/index.php?id_art=629", "source": "e3f72512-1bec-4e18-871d-652ab8baf6ba", "user": 1}}, {"model": "source.accesspoint", "pk": "4aafc94e-179b-427e-9aa5-03e23086b509", "fields": {"page_number": null, "accessed_on": null, "archive_url": "https://web.archive.org/web/20090826014933/http://sedena.gob.mx/index.php?id_art=629", "source": "8b4149ec-befe-4c65-9e80-1d85f863ed2a", "user": 1}}, {"model": "source.accesspoint", "pk": "dc2feadf-70ec-4676-8acd-6b83e66a4098", "fields": {"page_number": null, "accessed_on": null, "archive_url": "https://web.archive.org/web/20090920004138/http://sedena.gob.mx/index.php?id_art=629", "source": "0734040d-8ce8-4503-ad96-8192929884c1", "user": 1}}, {"model": "source.accesspoint", "pk": "58c7a2e5-2caa-4a3e-95c9-06f17b45fddd", "fields": {"page_number": null, "accessed_on": null, "archive_url": "https://web.archive.org/web/20091220015824/http://sedena.gob.mx/index.php?id_art=629", "source": "a0cfb0c2-63ae-4132-90a8-14f376e281e1", "user": 1}}, {"model": "source.accesspoint", "pk": "76f6f55e-9330-4784-9c76-d9dae5f4c976", "fields": {"page_number": null, "accessed_on": null, "archive_url": "https://web.archive.org/web/20100119024914/http://sedena.gob.mx/index.php?id_art=629", "source": "28e5b89b-17e3-4de4-a28f-cf82651aaf5d", "user": 1}}, {"model": "source.accesspoint", "pk": "3c3ecbb8-3a39-4359-a275-5faa50ef29a8", "fields": {"page_number": null, "accessed_on": null, "archive_url": "https://web.archive.org/web/20100219211753/http://sedena.gob.mx/index.php?id_art=629", "source": "0f290f02-bb46-4e14-b035-83444e52aacb", "user": 1}}, {"model": "source.accesspoint", "pk": "b902935b-4c53-48a8-8fc8-b061fc1dfced", "fields": {"page_number": null, "accessed_on": null, "archive_url": "https://web.archive.org/web/20121010010522/http://sedena.gob.mx/index.php/conoce-la-sedena/funcionarios-y-comandantes/funcionarios-ejercito-mexicano/656-regiones-y-zonas-militares-del-ejercito?device=desktop", "source": "62e834d8-581e-40a5-b4db-23d1c4c53b9a", "user": 1}}, {"model": "source.accesspoint", "pk": "ab9f5213-8aac-43f6-af2c-6acd8d6f10cd", "fields": {"page_number": null, "accessed_on": null, "archive_url": "https://web.archive.org/web/20171129181359/http://www.milenio.com/policia/Fallece-contralor-Ejercito-Fuerza-Aerea_0_176382509.html", "source": "1100b4e9-dd35-4d97-b5f1-36cbbb2dc9f7", "user": 1}}, {"model": "source.source", "pk": "5dc8bc7d-c9b4-458b-b206-6d6ed8235f11", "fields": {"title": "Soldiers teach Kebbi corps members how to use guns", "publication": "The Punch", "publication_country": "Nigeria", "published_on": "2015-03-21", "source_url": "http://www.punchng.com/feature/election-soldiers-teach-kebbi-corps-members-how-to-use-guns/", "date_updated": "2017-10-28T02:51:58.314Z", "date_added": "2017-10-28T02:51:58.314Z", "user": 1}}, {"model": "source.accesspoint", "pk": "7608ae71-21e3-4e5b-91ca-8fc800887feb", "fields": {"page_number": null, "accessed_on": null, "archive_url": "https://web.archive.org/web/20150422060240/http://www.punchng.com/feature/election-soldiers-teach-kebbi-corps-members-how-to-use-guns/", "source": "5dc8bc7d-c9b4-458b-b206-6d6ed8235f11", "user": 1}}, {"model": "source.source", "pk": "55b8d84d-66e4-4796-81c5-44f4cd5d82aa", "fields": {"title": "Army Chief Advices Trainees On Prudent Investment", "publication": "Leadership.", "publication_country": null, "published_on": "2013-01-25", "source_url": "http://allafrica.com/stories/201301280221.html", "date_updated": "2017-10-28T03:15:00.347Z", "date_added": "2017-10-28T03:15:00.347Z", "user": 1}}, {"model": "source.accesspoint", "pk": "3416dfe8-247e-414c-b79e-62b376c81813", "fields": {"page_number": null, "accessed_on": null, "archive_url": null, "source": "55b8d84d-66e4-4796-81c5-44f4cd5d82aa", "user": 1}}, {"model": "source.source", "pk": "9c763984-b3bb-4ad0-9ee0-9379d252df68", "fields": {"title": "Balarabe Commends Kebbi Govt", "publication": "Daily Independent", "publication_country": "Nigeria", "published_on": "2011-02-16", "source_url": "http://allafrica.com/stories/201102170741.html", "date_updated": "2017-10-28T03:15:00.517Z", "date_added": "2017-10-28T03:15:00.517Z", "user": 1}}, {"model": "source.accesspoint", "pk": "0f9d953e-e511-417a-af18-8731c3925bdb", "fields": {"page_number": null, "accessed_on": null, "archive_url": null, "source": "9c763984-b3bb-4ad0-9ee0-9379d252df68", "user": 1}}, {"model": "source.source", "pk": "827f9ede-1d06-4c65-9a7c-31ecf45be8ae", "fields": {"title": "How Security Personnel Foiled Supply of Weapons to Insurgents in Kebbi", "publication": "Leadership", "publication_country": "Nigeria", "published_on": "2013-07-21", "source_url": "http://leadership.ng/news/330992/how-security-personnel-foiled-supply-weapons-insurgents-kebbi", "date_updated": "2017-10-28T02:51:58.192Z", "date_added": "2017-10-28T02:51:58.192Z", "user": 1}}, {"model": "source.source", "pk": "ae94b3d6-a064-497e-9773-3aaea1eb17de", "fields": {"title": "Army, SSS Intercept Tanker With Arms, Ammunition", "publication": "Leadership", "publication_country": "Nigeria", "published_on": "2013-07-14", "source_url": "http://leadership.ng/news/331559/army-sss-intercept-tanker-arms-ammunition", "date_updated": "2017-10-28T02:51:58.200Z", "date_added": "2017-10-28T02:51:58.200Z", "user": 1}}, {"model": "source.source", "pk": "d6f92900-9eb5-4908-b51e-7e2f95288578", "fields": {"title": "Army intercepts arms-loaded petrol tanker vehicle in Kebbi", "publication": "News Agency of Nigeria.", "publication_country": null, "published_on": "2013-07-13", "source_url": "http://www.nanngronline.com/section/defencesecurity/army-intercepts-arms-loaded-petrol-tanker-vehicle-in-kebbi", "date_updated": "2017-10-28T03:15:00.707Z", "date_added": "2017-10-28T03:15:00.707Z", "user": 1}}, {"model": "source.accesspoint", "pk": "5fe3f056-2c8c-4b30-b4ba-6fbb48f18893", "fields": {"page_number": null, "accessed_on": null, "archive_url": "https://web.archive.org/web/20150620232729/http://leadership.ng/news/330992/how-security-personnel-foiled-supply-weapons-insurgents-kebbi", "source": "827f9ede-1d06-4c65-9a7c-31ecf45be8ae", "user": 1}}, {"model": "source.accesspoint", "pk": "4b2478b2-538d-4681-8074-93f408a03ce8", "fields": {"page_number": null, "accessed_on": null, "archive_url": "https://web.archive.org/web/20150620233334/http://leadership.ng/news/331559/army-sss-intercept-tanker-arms-ammunition", "source": "ae94b3d6-a064-497e-9773-3aaea1eb17de", "user": 1}}, {"model": "source.accesspoint", "pk": "eb02f264-b0a2-4460-9acf-2ecaa181b3f9", "fields": {"page_number": null, "accessed_on": null, "archive_url": null, "source": "d6f92900-9eb5-4908-b51e-7e2f95288578", "user": 1}}, {"model": "source.source", "pk": "9bd17ccd-12af-4e39-af95-6c4e056c4c69", "fields": {"title": "Kebbi gov", "publication": "donates cash to slain soldiers\u2019 wives. The", "publication_country": null, "published_on": "2017-10-22", "source_url": "http://sunnewsonline.com/kebbi-gov-donates-cash-to-slain-soldiers-wives/", "date_updated": "2017-10-28T02:51:58.242Z", "date_added": "2017-10-28T02:51:58.242Z", "user": 1}}, {"model": "source.source", "pk": "3904441c-ffc6-486a-8a8d-e1f662deeed8", "fields": {"title": "Kebbi gov", "publication": "donates cash to slain soldiers\u2019 wives. The", "publication_country": null, "published_on": "2018-01-21", "source_url": "http://sunnewsonline.com/kebbi-gov-donates-cash-to-slain-soldiers-wives/", "date_updated": "2018-01-26T09:37:42.117Z", "date_added": "2018-01-26T09:37:42.117Z", "user": 1}}, {"model": "source.accesspoint", "pk": "4afd116b-b773-438f-b3e5-3d574ef242a0", "fields": {"page_number": null, "accessed_on": null, "archive_url": "https://web.archive.org/web/20170831171939/http://sunnewsonline.com/kebbi-gov-donates-cash-to-slain-soldiers-wives/", "source": "9bd17ccd-12af-4e39-af95-6c4e056c4c69", "user": 1}}, {"model": "source.accesspoint", "pk": "104812ad-49a3-406e-a5f7-8b105d53e21b", "fields": {"page_number": null, "accessed_on": null, "archive_url": "https://web.archive.org/web/20170831171939/http://sunnewsonline.com/kebbi-gov-donates-cash-to-slain-soldiers-wives/", "source": "3904441c-ffc6-486a-8a8d-e1f662deeed8", "user": 1}}, {"model": "source.source", "pk": "cb223128-0908-4646-8b8a-84d8f95b0c46", "fields": {"title": "Ej\u00e9rcito Mexicano \u2013 Regiones y Zonas Militares", "publication": "Secretar\u00eda de la Defensa Nacional", "publication_country": "Mexico", "published_on": "2008-09-12", "source_url": "http://sedena.gob.mx/index.php?id_art=629", "date_updated": "2017-10-28T03:15:01.175Z", "date_added": "2017-10-28T03:15:01.175Z", "user": 1}}, {"model": "source.source", "pk": "1e0aed23-98ff-4cbf-ad14-2d53693cf1b3", "fields": {"title": "Ej\u00e9rcito Mexicano \u2013 Regiones y Zonas Militares", "publication": "Secretar\u00eda de la Defensa Nacional", "publication_country": "Mexico", "published_on": "2008-09-14", "source_url": "http://sedena.gob.mx/index.php?id_art=629", "date_updated": "2017-10-28T03:15:01.184Z", "date_added": "2017-10-28T03:15:01.184Z", "user": 1}}, {"model": "source.source", "pk": "fd38d18b-dc28-421d-b1c7-34efb316ff27", "fields": {"title": "Ej\u00e9rcito Mexicano \u2013 Regiones y Zonas Militares", "publication": "Secretar\u00eda de la Defensa Nacional", "publication_country": "Mexico", "published_on": "2008-11-04", "source_url": "http://sedena.gob.mx/index.php?id_art=629", "date_updated": "2017-10-28T03:15:01.192Z", "date_added": "2017-10-28T03:15:01.192Z", "user": 1}}, {"model": "source.source", "pk": "bf17cee6-96e0-4723-b957-65eaec528233", "fields": {"title": "Ej\u00e9rcito Mexicano \u2013 Regiones y Zonas Militares", "publication": "Secretar\u00eda de la Defensa Nacional", "publication_country": "Mexico", "published_on": "2008-12-09", "source_url": "http://sedena.gob.mx/index.php?id_art=629", "date_updated": "2017-10-28T03:15:01.201Z", "date_added": "2017-10-28T03:15:01.201Z", "user": 1}}, {"model": "source.accesspoint", "pk": "bc225d62-f71f-4a86-b535-329bbea1e60d", "fields": {"page_number": null, "accessed_on": null, "archive_url": "https://web.archive.org/web/20080912080534/http://sedena.gob.mx/index.php?id_art=629", "source": "cb223128-0908-4646-8b8a-84d8f95b0c46", "user": 1}}, {"model": "source.accesspoint", "pk": "55797e79-a366-4890-86f6-d841d961a3be", "fields": {"page_number": null, "accessed_on": null, "archive_url": "https://web.archive.org/web/20080914122420/http://sedena.gob.mx/index.php?id_art=629", "source": "1e0aed23-98ff-4cbf-ad14-2d53693cf1b3", "user": 1}}, {"model": "source.accesspoint", "pk": "cc8820ba-874c-4b1f-be9f-d9c5e5096412", "fields": {"page_number": null, "accessed_on": null, "archive_url": "https://web.archive.org/web/20081104123847/http://sedena.gob.mx/index.php?id_art=629", "source": "fd38d18b-dc28-421d-b1c7-34efb316ff27", "user": 1}}, {"model": "source.accesspoint", "pk": "bca425c7-3e12-44f2-97a6-6e42cda31655", "fields": {"page_number": null, "accessed_on": null, "archive_url": "https://web.archive.org/web/20081216074735/http://sedena.gob.mx/index.php?id_art=629", "source": "bf17cee6-96e0-4723-b957-65eaec528233", "user": 1}}, {"model": "source.source", "pk": "3368df69-0c66-48a6-9e40-97b0fec459c9", "fields": {"title": "\"BRIEF BIOGRAPHY OF BRIG GEN BA FIBOINUMAMA\"", "publication": "Training and Doctrine Command", "publication_country": "Nigeria", "published_on": "2016-04-20", "source_url": "https://web.archive.org/web/20160420192040/http://tradoc.mil.ng/aboutdot.php", "date_updated": "2017-10-28T02:51:59.658Z", "date_added": "2017-10-28T02:51:59.658Z", "user": 1}}, {"model": "source.accesspoint", "pk": "a37152d1-aec0-4c6f-a019-d867a12f2885", "fields": {"page_number": null, "accessed_on": null, "archive_url": null, "source": "3368df69-0c66-48a6-9e40-97b0fec459c9", "user": 1}}, {"model": "source.source", "pk": "05d2afba-78f9-46a8-a9ea-7c538276aa16", "fields": {"title": "Sokoto Goc to Soldiers: Marry Foreign Wives And Be Sacked", "publication": "This Day", "publication_country": "Nigeria", "published_on": "2002-02-17", "source_url": "http://allafrica.com/stories/200202170023.html", "date_updated": "2017-10-28T02:51:59.642Z", "date_added": "2017-10-28T02:51:59.643Z", "user": 1}}, {"model": "source.accesspoint", "pk": "2d9b7c6a-827f-418f-a7e3-88e220af0801", "fields": {"page_number": null, "accessed_on": null, "archive_url": null, "source": "05d2afba-78f9-46a8-a9ea-7c538276aa16", "user": 1}}, {"model": "source.source", "pk": "688e13d1-90e4-4126-bfd4-d1119da5e91b", "fields": {"title": "Soldiers Reprimanded for Role in Liberia", "publication": "This Day", "publication_country": "Nigeria", "published_on": "2007-09-01", "source_url": "http://allafrica.com/stories/200709030381.html", "date_updated": "2017-10-28T02:51:58.321Z", "date_added": "2017-10-28T02:51:58.321Z", "user": 1}}, {"model": "source.source", "pk": "d5b0268f-1857-4ffd-9b7a-16891e6ff877", "fields": {"title": "Military Committed to Democracy, Says Army Chief", "publication": "This Day", "publication_country": "Nigeria", "published_on": "2008-09-18", "source_url": "http://allafrica.com/stories/200809180542.html", "date_updated": "2017-10-28T03:15:02.031Z", "date_added": "2017-10-28T03:15:02.031Z", "user": 1}}, {"model": "source.accesspoint", "pk": "8ee2dfdd-8251-4166-8247-749a2e737fcc", "fields": {"page_number": null, "accessed_on": null, "archive_url": null, "source": "688e13d1-90e4-4126-bfd4-d1119da5e91b", "user": 1}}, {"model": "source.accesspoint", "pk": "d6d72a42-40e8-446e-a124-b38878d3c777", "fields": {"page_number": null, "accessed_on": null, "archive_url": null, "source": "d5b0268f-1857-4ffd-9b7a-16891e6ff877", "user": 1}}, {"model": "auth.user", "pk": 1, "fields": {"password": "pbkdf2_sha256$24000$F3HbMtZ32JrG$eF1tT3GLlmREsYoFLgzDi++QDi5AhjL5frqWw9vWx9A=", "last_login": null, "is_superuser": false, "username": "importer", "first_name": "", "last_name": "", "email": "importer@importer.com", "is_staff": false, "is_active": true, "date_joined": "2017-10-10T23:42:13.494Z", "groups": [], "user_permissions": []}}]