[{"model": "person.person", "pk": 325, "fields": {"uuid": "19e6ac5e-7156-42df-bd75-5c55e86ac471"}}, {"model": "person.person", "pk": 187, "fields": {"uuid": "49cd3d8b-0f09-4850-94bb-249c37a71a90"}}, {"model": "person.person", "pk": 321, "fields": {"uuid": "aa63958e-c676-4bcd-b4b8-bb6a84af3cf8"}}, {"model": "person.person", "pk": 178, "fields": {"uuid": "22553fc9-52e2-4dfe-807d-8d81a1230547"}}, {"model": "person.person", "pk": 314, "fields": {"uuid": "5cdec189-10de-41bd-adc8-635f75ce60ba"}}, {"model": "person.person", "pk": 417, "fields": {"uuid": "7ff68eee-9bc0-4bdb-af96-d16ee5347458"}}, {"model": "person.person", "pk": 452, "fields": {"uuid": "ffe19d9b-e5c3-4ee5-bc12-765b09a57d2c"}}, {"model": "person.person", "pk": 413, "fields": {"uuid": "5eba2a9f-b4a3-403b-b0c5-cc3889b79db3"}}, {"model": "person.person", "pk": 447, "fields": {"uuid": "91dcbac8-74c3-45f9-a54b-6a6492390141"}}, {"model": "person.person", "pk": 464, "fields": {"uuid": "24d5b3ba-5f83-4b28-b05f-75378ab2d541"}}, {"model": "person.persondivisionid", "pk": 325, "fields": {"lang": null, "confidence": "1", "object_ref": 325, "value": "ocd-division/country:ng", "sources": ["23a746b8-27a5-4d56-8ff3-53165a774e37", "2739f0e0-b593-4f5f-852b-d2007f107dd0", "4e30d8ae-26c9-440a-82f4-5c04503a78ff", "bd64d5c1-2c71-414c-ac1c-f800b790c94a", "642c06d9-0376-40f8-987b-30d7ac5fbbd0", "86445d36-47b3-402e-ac84-abbd39a288c8", "1cd67008-d0a8-4965-ae1a-f830c9f2e489"], "accesspoints": []}}, {"model": "person.personname", "pk": 325, "fields": {"lang": "en", "confidence": "1", "object_ref": 325, "value": "Lawal Shehu", "sources": ["23a746b8-27a5-4d56-8ff3-53165a774e37", "2739f0e0-b593-4f5f-852b-d2007f107dd0", "4e30d8ae-26c9-440a-82f4-5c04503a78ff", "bd64d5c1-2c71-414c-ac1c-f800b790c94a", "642c06d9-0376-40f8-987b-30d7ac5fbbd0", "86445d36-47b3-402e-ac84-abbd39a288c8", "1cd67008-d0a8-4965-ae1a-f830c9f2e489"], "accesspoints": []}}, {"model": "person.persondivisionid", "pk": 187, "fields": {"lang": null, "confidence": "1", "object_ref": 187, "value": "ocd-division/country:ng", "sources": ["1c9c49c9-e02f-4bb2-be3d-da22c2f2e7cb"], "accesspoints": []}}, {"model": "person.personname", "pk": 187, "fields": {"lang": "en", "confidence": "1", "object_ref": 187, "value": "Vincent O. Bello", "sources": ["1c9c49c9-e02f-4bb2-be3d-da22c2f2e7cb"], "accesspoints": []}}, {"model": "person.persondivisionid", "pk": 321, "fields": {"lang": null, "confidence": "1", "object_ref": 321, "value": "ocd-division/country:ng", "sources": ["e2725789-220b-4736-ae56-cd019c1639cd"], "accesspoints": []}}, {"model": "person.personname", "pk": 321, "fields": {"lang": "en", "confidence": "1", "object_ref": 321, "value": "Abdulmalik Sunmonu", "sources": ["e2725789-220b-4736-ae56-cd019c1639cd"], "accesspoints": []}}, {"model": "person.persondivisionid", "pk": 178, "fields": {"lang": null, "confidence": "1", "object_ref": 178, "value": "ocd-division/country:ng", "sources": ["1c9c49c9-e02f-4bb2-be3d-da22c2f2e7cb"], "accesspoints": []}}, {"model": "person.personname", "pk": 178, "fields": {"lang": "en", "confidence": "1", "object_ref": 178, "value": "Olorunfemi Gbenga", "sources": ["1c9c49c9-e02f-4bb2-be3d-da22c2f2e7cb"], "accesspoints": []}}, {"model": "person.persondivisionid", "pk": 314, "fields": {"lang": null, "confidence": "1", "object_ref": 314, "value": "ocd-division/country:ng", "sources": ["89f13795-bcae-4ac4-abb4-f84555250be8", "eb3a97e6-09ab-430a-891e-9c2b797740ee", "641ae6b6-0f01-4897-9f82-516b0c717c4f"], "accesspoints": []}}, {"model": "person.personname", "pk": 314, "fields": {"lang": "en", "confidence": "1", "object_ref": 314, "value": "Julian Okpaleke", "sources": ["89f13795-bcae-4ac4-abb4-f84555250be8", "eb3a97e6-09ab-430a-891e-9c2b797740ee", "641ae6b6-0f01-4897-9f82-516b0c717c4f"], "accesspoints": []}}, {"model": "person.personalias", "pk": 141, "fields": {"lang": "en", "confidence": "2", "object_ref": 417, "value": "Oluwaseun Oshinowo ; OO Oshinowo ; O.O Oshinowo ; O.O. Oshinowo ; Oluwaseun O. Oshinowo ; Oluwaseun Oshinowo ; Olayinka Oshinowo ; Oluwaseun O. Oshinowo", "sources": ["6d8d6c4d-317e-4f9f-bbf0-35e190c15374", "de9c1ef9-236d-49b7-8afc-b91dc45c018b", "3fe51622-986e-4ca6-9621-f367c588f752", "cfa136b7-3505-4b71-b476-e3fad765cc0e", "9765187c-ccfc-4ad5-8df2-13dd99a99a6a", "17a7a0b4-17d8-47bf-9a00-c2c1c99c5685", "a2922c4e-d151-4b62-b0e1-bfe41d1af48c"], "accesspoints": []}}, {"model": "person.personalias", "pk": 192, "fields": {"lang": "en", "confidence": "2", "object_ref": 417, "value": "Oluwaseun Oshinowo ; OO Oshinowo ; O.O Oshinowo ; O.O. Oshinowo ; Oluwaseun O. Oshinowo ; Oluwaseun Oshinowo ; Olayinka Oshinowo", "sources": ["6d8d6c4d-317e-4f9f-bbf0-35e190c15374", "de9c1ef9-236d-49b7-8afc-b91dc45c018b", "3fe51622-986e-4ca6-9621-f367c588f752", "cfa136b7-3505-4b71-b476-e3fad765cc0e", "9765187c-ccfc-4ad5-8df2-13dd99a99a6a", "17a7a0b4-17d8-47bf-9a00-c2c1c99c5685", "a2922c4e-d151-4b62-b0e1-bfe41d1af48c"], "accesspoints": []}}, {"model": "person.persondivisionid", "pk": 417, "fields": {"lang": null, "confidence": "1", "object_ref": 417, "value": "ocd-division/country:ng", "sources": ["11bca757-95bd-4a24-b1f4-321fee70e000"], "accesspoints": []}}, {"model": "person.personname", "pk": 417, "fields": {"lang": "en", "confidence": "1", "object_ref": 417, "value": "Oluwaseun Olayinka Oshinowo", "sources": ["11bca757-95bd-4a24-b1f4-321fee70e000"], "accesspoints": []}}, {"model": "person.persondivisionid", "pk": 452, "fields": {"lang": null, "confidence": "1", "object_ref": 452, "value": "ocd-division/country:ng", "sources": ["df8854f0-3dd7-4810-af4d-7348debef918"], "accesspoints": []}}, {"model": "person.personname", "pk": 452, "fields": {"lang": "en", "confidence": "1", "object_ref": 452, "value": "T. A. Adedoja", "sources": ["df8854f0-3dd7-4810-af4d-7348debef918"], "accesspoints": []}}, {"model": "person.personalias", "pk": 139, "fields": {"lang": "en", "confidence": "1", "object_ref": 413, "value": "BA Jinadu", "sources": ["cfa136b7-3505-4b71-b476-e3fad765cc0e"], "accesspoints": []}}, {"model": "person.persondivisionid", "pk": 413, "fields": {"lang": null, "confidence": "1", "object_ref": 413, "value": "ocd-division/country:ng", "sources": ["faaf7390-bc2f-468c-ae97-12f9d90586a6"], "accesspoints": []}}, {"model": "person.personname", "pk": 413, "fields": {"lang": "en", "confidence": "1", "object_ref": 413, "value": "Bashiru Jinadu", "sources": ["faaf7390-bc2f-468c-ae97-12f9d90586a6"], "accesspoints": []}}, {"model": "person.persondivisionid", "pk": 447, "fields": {"lang": null, "confidence": "1", "object_ref": 447, "value": "ocd-division/country:ng", "sources": ["928ba251-ecad-45de-810d-8770f5950295"], "accesspoints": []}}, {"model": "person.personname", "pk": 447, "fields": {"lang": "en", "confidence": "1", "object_ref": 447, "value": "Basil Adoke", "sources": ["928ba251-ecad-45de-810d-8770f5950295"], "accesspoints": []}}, {"model": "person.personalias", "pk": 161, "fields": {"lang": "en", "confidence": "1", "object_ref": 464, "value": "Muraina Raji", "sources": ["93601bd5-e894-4699-85d4-f6bebcf55ab8"], "accesspoints": []}}, {"model": "person.persondivisionid", "pk": 464, "fields": {"lang": null, "confidence": "1", "object_ref": 464, "value": "ocd-division/country:ng", "sources": ["6f908146-fff9-4c85-9d7c-6a342cc6fcf3"], "accesspoints": []}}, {"model": "person.personname", "pk": 464, "fields": {"lang": "en", "confidence": "1", "object_ref": 464, "value": "Muraina Lola Raji", "sources": ["6f908146-fff9-4c85-9d7c-6a342cc6fcf3"], "accesspoints": []}}, {"model": "source.source", "pk": "23a746b8-27a5-4d56-8ff3-53165a774e37", "fields": {"title": "Police Number", "publication": "Federal Capital Territory Administration", "publication_country": "Mexico", "published_on": "", "source_url": "http://fcta.gov.ng/index.php/resources/security/police-number", "date_updated": "2018-10-19T18:57:00.868Z", "date_added": "2018-10-19T18:57:00.868Z", "user": 1}}, {"model": "source.source", "pk": "2739f0e0-b593-4f5f-852b-d2007f107dd0", "fields": {"title": "IG Redeploys 14 Commissioners", "publication": "This Day", "publication_country": "Nigeria", "published_on": "2013-08-20", "source_url": "http://allafrica.com/stories/201308200847.html", "date_updated": "2018-10-19T18:56:40.767Z", "date_added": "2018-10-19T18:56:40.767Z", "user": 1}}, {"model": "source.source", "pk": "4e30d8ae-26c9-440a-82f4-5c04503a78ff", "fields": {"title": "Father Rapes 11-Year-Old Daughter in Bauchi", "publication": "Premium Times", "publication_country": "Nigeria", "published_on": "2015-02-06", "source_url": "http://allafrica.com/stories/201502060179.html", "date_updated": "2018-10-19T18:56:51.879Z", "date_added": "2018-10-19T18:56:51.879Z", "user": 1}}, {"model": "source.source", "pk": "bd64d5c1-2c71-414c-ac1c-f800b790c94a", "fields": {"title": "Bauchi CP calls on PCRC to promote security, safety in the state", "publication": "News Agency of Nigeria", "publication_country": "Nigeria", "published_on": "2014-12-24", "source_url": "http://nannewsnigeria.com/bauchi-cp-calls-pcrc-promote-securitysafety-state", "date_updated": "2018-10-19T18:56:45.683Z", "date_added": "2018-10-19T18:56:45.683Z", "user": 1}}, {"model": "source.source", "pk": "642c06d9-0376-40f8-987b-30d7ac5fbbd0", "fields": {"title": "Bomb attack: Survivor\u2019s tales of pain", "publication": "Vanguard", "publication_country": "Nigeria", "published_on": "2014-07-01", "source_url": "http://www.vanguardngr.com/2014/07/bomb-attack-survivors-tales-pain/", "date_updated": "2018-10-19T18:56:47.033Z", "date_added": "2018-10-19T18:56:47.033Z", "user": 1}}, {"model": "source.source", "pk": "86445d36-47b3-402e-ac84-abbd39a288c8", "fields": {"title": "IG of Police, Suleiman Abba, redeploys Commissioners of Police", "publication": "Premium Times", "publication_country": "Nigeria", "published_on": "2015-02-10", "source_url": "http://www.premiumtimesng.com/news/176573-ig-of-police-suleiman-abba-redeploys-commissioners-of-police.html", "date_updated": "2018-10-19T18:56:54.872Z", "date_added": "2018-10-19T18:56:54.872Z", "user": 1}}, {"model": "source.source", "pk": "1cd67008-d0a8-4965-ae1a-f830c9f2e489", "fields": {"title": "Coping With Rising Cases Of Rape In Nasarawa", "publication": "Leadership", "publication_country": "Nigeria", "published_on": "2016-02-21", "source_url": "http://leadership.ng/news/503165/coping-rising-cases-rape-nasarawa", "date_updated": "2018-10-19T18:56:48.658Z", "date_added": "2018-10-19T18:56:48.658Z", "user": 1}}, {"model": "source.source", "pk": "1c9c49c9-e02f-4bb2-be3d-da22c2f2e7cb", "fields": {"title": "TELEPHONE DIRECTORY OF KEY OFFICERS/AREA COMMANDERS AND DPOS IN L/STATE POLICE COMMAND", "publication": "Lagos State Government", "publication_country": "Nigeria", "published_on": "2014-00-00", "source_url": "http://www.lagosstate.gov.ng/lagos_security_numbers.pdf", "date_updated": "2018-10-19T18:56:38.504Z", "date_added": "2018-10-19T18:56:38.504Z", "user": 1}}, {"model": "source.source", "pk": "e2725789-220b-4736-ae56-cd019c1639cd", "fields": {"title": "Elections - NYSC Boss Tasks Bauchi Monarch On Corps Members' Safety", "publication": "Daily Independent", "publication_country": "Nigeria", "published_on": "2015-03-22", "source_url": "http://dailyindependentnig.com/2015/03/elections-nysc-boss-tasks-bauchi-monarch-corps-members-safety/", "date_updated": "2018-10-19T18:56:51.246Z", "date_added": "2018-10-19T18:56:51.246Z", "user": 1}}, {"model": "source.source", "pk": "641ae6b6-0f01-4897-9f82-516b0c717c4f", "fields": {"title": "Bayelsa Kidnap - Two Suspects in Police Net", "publication": "Vanguard", "publication_country": "Nigeria", "published_on": "2007-12-11", "source_url": "http://allafrica.com/stories/200712120272.html", "date_updated": "2018-10-19T18:56:45.794Z", "date_added": "2018-10-19T18:56:45.794Z", "user": 1}}, {"model": "source.source", "pk": "eb3a97e6-09ab-430a-891e-9c2b797740ee", "fields": {"title": "Journalist, Policeman Die in Bayelsa PDP Boat Mishap", "publication": "Vanguard", "publication_country": "Nigeria", "published_on": "2008-05-13", "source_url": "http://allafrica.com/stories/200805140011.html", "date_updated": "2018-10-19T18:56:56.191Z", "date_added": "2018-10-19T18:56:56.191Z", "user": 1}}, {"model": "source.source", "pk": "89f13795-bcae-4ac4-abb4-f84555250be8", "fields": {"title": "Police Arrest 28 Persons in Bayelsa Over Criminal Cases", "publication": "Leadership", "publication_country": "Nigeria", "published_on": "2008-06-30", "source_url": "http://allafrica.com/stories/200806301331.html", "date_updated": "2018-10-19T18:57:02.674Z", "date_added": "2018-10-19T18:57:02.674Z", "user": 1}}, {"model": "source.source", "pk": "6d8d6c4d-317e-4f9f-bbf0-35e190c15374", "fields": {"title": "72 Generals Redeployed in Army Shake-up", "publication": "This Day", "publication_country": "Nigeria", "published_on": "2012-02-16", "source_url": "http://www.thisdaylive.com/articles/72-generals-redeployed-in-army-shake-up/109414/", "date_updated": "2018-10-19T18:56:41.538Z", "date_added": "2018-10-19T18:56:41.538Z", "user": 1}}, {"model": "source.source", "pk": "de9c1ef9-236d-49b7-8afc-b91dc45c018b", "fields": {"title": "Another Carnage in Jos - New-Found Peace Shattered", "publication": "Vanguard", "publication_country": "Nigeria", "published_on": "2012-03-04", "source_url": "http://www.vanguardngr.com/2012/03/another-carnage-in-jos-new-found-peace-shattered/", "date_updated": "2018-10-19T18:57:11.570Z", "date_added": "2018-10-19T18:57:11.570Z", "user": 1}}, {"model": "source.source", "pk": "3fe51622-986e-4ca6-9621-f367c588f752", "fields": {"title": "Security Beef-up in Lagos, Jos, Delta", "publication": "Vanguard", "publication_country": "Nigeria", "published_on": "2011-09-23", "source_url": "http://www.vanguardngr.com/2011/09/security-beef-up-in-lagos-jos-delta/", "date_updated": "2018-10-19T18:57:06.468Z", "date_added": "2018-10-19T18:57:06.468Z", "user": 1}}, {"model": "source.source", "pk": "cfa136b7-3505-4b71-b476-e3fad765cc0e", "fields": {"title": "Nigerian Army | 82 Division", "publication": "Nigerian Army", "publication_country": "Nigeria", "published_on": "", "source_url": "http://army.mil.ng/Nigerian%20Army%20-%2082%20%20Division.html", "date_updated": "2018-10-19T18:57:00.819Z", "date_added": "2018-10-19T18:57:00.819Z", "user": 1}}, {"model": "source.source", "pk": "9765187c-ccfc-4ad5-8df2-13dd99a99a6a", "fields": {"title": "Coas Promises to Transform Army", "publication": "Vanguard", "publication_country": "Nigeria", "published_on": "2012-06-15", "source_url": "http://www.vanguardngr.com/2012/06/coas-promises-to-transform-army/", "date_updated": "2018-10-19T18:56:48.158Z", "date_added": "2018-10-19T18:56:48.158Z", "user": 1}}, {"model": "source.source", "pk": "17a7a0b4-17d8-47bf-9a00-c2c1c99c5685", "fields": {"title": "Boko Haram - Massive Shake-Up in the Army", "publication": "Vanguard", "publication_country": "Nigeria", "published_on": "2012-02-16", "source_url": "http://www.vanguardngr.com/2012/02/boko-haram-massive-shake-up-in-the-army/", "date_updated": "2018-10-19T18:56:46.303Z", "date_added": "2018-10-19T18:56:46.303Z", "user": 1}}, {"model": "source.source", "pk": "a2922c4e-d151-4b62-b0e1-bfe41d1af48c", "fields": {"title": "Shake-Up in Army", "publication": "Vanguard", "publication_country": "Nigeria", "published_on": "2009-01-10", "source_url": "http://allafrica.com/stories/200901120558.html", "date_updated": "2018-10-19T18:57:06.751Z", "date_added": "2018-10-19T18:57:06.751Z", "user": 1}}, {"model": "source.source", "pk": "11bca757-95bd-4a24-b1f4-321fee70e000", "fields": {"title": "Jang Presides Over Security Council Meeting", "publication": "Daily Trust", "publication_country": "Nigeria", "published_on": "2011-10-06", "source_url": "http://allafrica.com/stories/201110060454.html", "date_updated": "2018-10-19T18:56:55.790Z", "date_added": "2018-10-19T18:56:55.790Z", "user": 1}}, {"model": "source.source", "pk": "df8854f0-3dd7-4810-af4d-7348debef918", "fields": {"title": "Deputy Governor donates equipment to military hospital", "publication": "The Nation", "publication_country": "Nigeria", "published_on": "2014-10-16", "source_url": "http://thenationonlineng.net/deputy-governor-donates-equipment-to-military-hospital/", "date_updated": "2018-10-19T18:56:49.758Z", "date_added": "2018-10-19T18:56:49.758Z", "user": 1}}, {"model": "source.source", "pk": "faaf7390-bc2f-468c-ae97-12f9d90586a6", "fields": {"title": "Federalism: Ngige Tackles FG", "publication": "This Day", "publication_country": "Nigeria", "published_on": "2004-03-20", "source_url": "http://allafrica.com/stories/200403210037.html", "date_updated": "2018-10-19T18:56:51.969Z", "date_added": "2018-10-19T18:56:51.969Z", "user": 1}}, {"model": "source.source", "pk": "928ba251-ecad-45de-810d-8770f5950295", "fields": {"title": "We\u2019ll launch Crocodile Smile in Ogun soon \u2014 Army", "publication": "Vanguard", "publication_country": "Nigeria", "published_on": "2017-10-02", "source_url": "https://www.vanguardngr.com/2017/10/well-launch-crocodile-smile-ogun-soon-army/", "date_updated": "2018-10-19T18:57:17.176Z", "date_added": "2018-10-19T18:57:17.176Z", "user": 1}}, {"model": "source.source", "pk": "93601bd5-e894-4699-85d4-f6bebcf55ab8", "fields": {"title": "Brig-Gen. Raji - the Road to Court Marshal", "publication": "Daily Trust", "publication_country": "Nigeria", "published_on": "2011-08-25", "source_url": "http://allafrica.com/stories/201108250762.html", "date_updated": "2018-10-19T18:56:47.281Z", "date_added": "2018-10-19T18:56:47.281Z", "user": 1}}, {"model": "source.source", "pk": "6f908146-fff9-4c85-9d7c-6a342cc6fcf3", "fields": {"title": "One year after... the carnage of Boko Haram stands tall in Borno, Yobe", "publication": "Daily Trust", "publication_country": "Nigeria", "published_on": "2010-08-08", "source_url": "https://www.dailytrust.com.ng/news/general/one-year-after-the-carnage-of-boko-haram-stands-tall-in-borno-yobe/87477.html", "date_updated": "2018-10-19T18:57:17.354Z", "date_added": "2018-10-19T18:57:17.354Z", "user": 1}}, {"model": "auth.user", "pk": 1, "fields": {"password": "pbkdf2_sha256$36000$jrNZ2gA4YgVB$yqs1s+oJX+zELKGaz4w8+ielBpAmusmf4f4phRSidk4=", "last_login": null, "is_superuser": false, "username": "importer", "first_name": "", "last_name": "", "email": "importer@importer.com", "is_staff": false, "is_active": true, "date_joined": "2018-10-19T18:56:26.509Z", "groups": [], "user_permissions": []}}]