[{"model": "person.person", "pk": 1, "fields": {"uuid": "44f919fb-ea11-4158-ad4e-881899fffc97"}}, {"model": "person.person", "pk": 2, "fields": {"uuid": "de4956cd-dfd7-4ae1-91e1-ef8efce543e5"}}, {"model": "person.person", "pk": 3, "fields": {"uuid": "b6d1eafb-58d6-45ef-a0cd-de4b13986193"}}, {"model": "person.person", "pk": 4, "fields": {"uuid": "ad2f9169-df77-45e5-a83d-09905f69b1aa"}}, {"model": "person.person", "pk": 5, "fields": {"uuid": "bfa480e2-297a-4bcb-a24c-9f83ef65298e"}}, {"model": "person.person", "pk": 6, "fields": {"uuid": "f647d761-c128-48d6-ab5f-ac1d37af17fe"}}, {"model": "person.person", "pk": 7, "fields": {"uuid": "952b29cf-0263-4cf8-ad22-382d7a8ab8f5"}}, {"model": "person.person", "pk": 8, "fields": {"uuid": "6fa67328-ccd4-4e1f-a9c5-c60acf6eb7a8"}}, {"model": "person.person", "pk": 9, "fields": {"uuid": "f041f737-4e4e-458d-a7d4-af08b24d7b8e"}}, {"model": "person.person", "pk": 10, "fields": {"uuid": "00a17c1a-6ed3-4bb9-a4cd-d887232f720c"}}, {"model": "person.persondivisionid", "pk": 1, "fields": {"lang": null, "confidence": "2", "object_ref": 1, "value": "ocd-division/country:ng", "sources": ["2796f052-5351-408d-80d9-852d2b3d876d"], "accesspoints": ["6149b604-28a8-4640-a717-193915692a78"]}}, {"model": "person.personname", "pk": 1, "fields": {"lang": "en", "confidence": "2", "object_ref": 1, "value": "Muhammadu Buhari", "sources": ["84a5e45f-abfc-4c35-b811-287f8d5cbc63"], "accesspoints": ["fc8bfaa8-0f3a-4230-aee3-f3a0299f1c70"]}}, {"model": "person.personname", "pk": 211, "fields": {"lang": null, "confidence": "1", "object_ref": 1, "value": "nobody", "sources": [], "accesspoints": []}}, {"model": "person.personname", "pk": 213, "fields": {"lang": null, "confidence": "1", "object_ref": 1, "value": "nobody", "sources": [], "accesspoints": []}}, {"model": "person.personname", "pk": 214, "fields": {"lang": null, "confidence": "1", "object_ref": 1, "value": "nobody", "sources": [], "accesspoints": []}}, {"model": "person.persondivisionid", "pk": 2, "fields": {"lang": null, "confidence": "2", "object_ref": 2, "value": "ocd-division/country:ng", "sources": ["c322e9d8-4220-479a-9b26-e5d52f27c75f"], "accesspoints": ["9b52d872-83ed-4c25-99e6-5c995bd02326"]}}, {"model": "person.personname", "pk": 2, "fields": {"lang": "en", "confidence": "2", "object_ref": 2, "value": "Goodluck Ebele Jonathan", "sources": ["46987ba3-98ec-48b3-8d02-6fa642cdd166"], "accesspoints": ["3c93ee8b-93ae-4340-9059-e5b1530a62a9"]}}, {"model": "person.persondivisionid", "pk": 3, "fields": {"lang": null, "confidence": "2", "object_ref": 3, "value": "ocd-division/country:ng", "sources": ["aff4fd37-3bd2-4948-8e94-a1667b3029a4"], "accesspoints": ["c56f54f0-103c-40b5-b8b2-5e74735f2616"]}}, {"model": "person.personname", "pk": 3, "fields": {"lang": "en", "confidence": "2", "object_ref": 3, "value": "Umaru Musa Yar\u2019Adua", "sources": ["5e0c534a-0b38-4e52-b068-a2aa090c4300"], "accesspoints": ["310a130f-597b-4489-aca5-7812cd46a65b"]}}, {"model": "person.persondivisionid", "pk": 4, "fields": {"lang": null, "confidence": "2", "object_ref": 4, "value": "ocd-division/country:ng", "sources": ["6ba8a9f7-bc43-44c8-b1ca-b57370dc34db"], "accesspoints": ["780b89fa-054d-4444-b442-790bca8cb69e"]}}, {"model": "person.personname", "pk": 4, "fields": {"lang": "en", "confidence": "2", "object_ref": 4, "value": "Olusegun Obasanjo", "sources": ["46c6ac37-c54a-4abb-ac93-03c408b4b698"], "accesspoints": ["48b133f3-c006-467c-ab3a-d4c813c789aa"]}}, {"model": "person.persondivisionid", "pk": 5, "fields": {"lang": null, "confidence": "2", "object_ref": 5, "value": "ocd-division/country:ng", "sources": ["ddaa68c0-d70e-4838-a43e-42136286bc8c"], "accesspoints": ["e41ccfef-f4a3-4c16-8edc-567fdf5ededc"]}}, {"model": "person.personname", "pk": 5, "fields": {"lang": "en", "confidence": "2", "object_ref": 5, "value": "Abdulsalami Abubakar", "sources": ["aea7773c-abf6-4ac3-bbc2-de58f9ff866d"], "accesspoints": ["53b1138a-9d84-47c7-8ca2-e1b65d310d9d"]}}, {"model": "person.persondivisionid", "pk": 6, "fields": {"lang": null, "confidence": "2", "object_ref": 6, "value": "ocd-division/country:ng", "sources": ["fe330c04-6961-4b83-8869-91778f8eb9d5"], "accesspoints": ["37dfb5fa-b1fe-4783-89b4-ccddc2002651"]}}, {"model": "person.personname", "pk": 6, "fields": {"lang": "en", "confidence": "2", "object_ref": 6, "value": "Sani Abacha", "sources": ["0fdd05b3-bcfa-4386-a746-9b24f31d2c49"], "accesspoints": ["3820ab2d-f3e9-4f83-b95c-636316859840"]}}, {"model": "person.persondivisionid", "pk": 7, "fields": {"lang": null, "confidence": "1", "object_ref": 7, "value": "ocd-division/country:ng", "sources": ["7e9eb1fb-6579-40f3-b952-de1dc4be4687"], "accesspoints": ["fd9074ae-ef9b-4b41-adaa-549346562cba"]}}, {"model": "person.personname", "pk": 7, "fields": {"lang": "en", "confidence": "1", "object_ref": 7, "value": "Abayomi Onashile", "sources": ["089094fa-c7da-4e54-841d-5dd663aef537"], "accesspoints": ["ca1f4eb0-c602-41a5-9be2-13f1cfca4533"]}}, {"model": "person.personalias", "pk": 1, "fields": {"lang": "en", "confidence": "1", "object_ref": 8, "value": 1, "sources": ["7a726eaf-a4c6-43fe-8912-540b5037b5ad"], "accesspoints": ["a1b41e35-fda4-4452-85bc-8d4eea77859f"]}}, {"model": "person.persondivisionid", "pk": 8, "fields": {"lang": null, "confidence": "1", "object_ref": 8, "value": "ocd-division/country:ng", "sources": ["7f2a63da-e19f-4c5a-97ee-44326362879f", "47b233fa-0f8f-424d-a342-298d0a3cee0f"], "accesspoints": ["6928aa67-0917-4f08-ac11-2ae8bec62287", "af201bb4-1776-46fa-a255-e67d6edec032"]}}, {"model": "person.personname", "pk": 8, "fields": {"lang": "en", "confidence": "1", "object_ref": 8, "value": "Adamu Ibrahim", "sources": ["e1b8c54e-e38d-47ee-af45-0661037971c0", "744d9855-49fc-4515-b0d6-318dabb58368"], "accesspoints": ["3f2a7a37-8e11-4234-ab5a-f597653a90ec", "ff514ad6-b781-4c92-ab06-8a1c1eccd95f"]}}, {"model": "person.personalias", "pk": 2, "fields": {"lang": "en", "confidence": "1", "object_ref": 9, "value": 2, "sources": [], "accesspoints": []}}, {"model": "person.personalias", "pk": 3, "fields": {"lang": "en", "confidence": "1", "object_ref": 9, "value": 3, "sources": [], "accesspoints": []}}, {"model": "person.personalias", "pk": 4, "fields": {"lang": "en", "confidence": "1", "object_ref": 9, "value": 4, "sources": [], "accesspoints": []}}, {"model": "person.personalias", "pk": 5, "fields": {"lang": "en", "confidence": "1", "object_ref": 9, "value": 5, "sources": ["17178485-8f0b-422a-a876-5ee04dcd0c01", "f90b1e5d-5585-47ae-a90f-16486a63c5b1", "2ea32bac-5ff2-4f3c-b7fe-6eb64000a2a1", "3109078f-dfad-47fc-955e-7d511ac4d552", "37fc3e9f-3db6-4893-a532-e384df1be22e", "7292cd44-61bc-4196-a7f5-6c2fc8b06441", "8e4679f3-d896-4bc0-83ee-c233966e7ab0"], "accesspoints": ["6a93761a-e4d9-4ae0-b8bc-4d18bb35fcc3", "91517693-42be-403f-b4a1-01d4a649cd29", "ecc5d3f3-d23d-4a43-a0ad-c76cf1483282", "0f63e5fa-77f8-48da-be25-0086122c95cf", "751e8e7c-3583-4bca-8ecd-07c376e9d396", "c82ab178-3ae0-4b75-af05-cd51706e2f5f", "70695c8f-c578-4891-a294-0a2948e6f561"]}}, {"model": "person.persondivisionid", "pk": 9, "fields": {"lang": null, "confidence": "1", "object_ref": 9, "value": "ocd-division/country:ng", "sources": ["b4ae9e29-71fb-4132-bfb1-329fa93587c8"], "accesspoints": ["7925abf3-d163-4cbe-8e19-7753f6dc5e33"]}}, {"model": "person.personname", "pk": 9, "fields": {"lang": "en", "confidence": "1", "object_ref": 9, "value": "Alhaji Mohammed Dikko Abubakar", "sources": ["5657fc3f-483c-483f-b764-54a241449f04"], "accesspoints": ["e1d30caf-97b7-48e9-9200-3031c4c2aaff"]}}, {"model": "person.personalias", "pk": 6, "fields": {"lang": "en", "confidence": "1", "object_ref": 10, "value": 6, "sources": [], "accesspoints": []}}, {"model": "person.personalias", "pk": 7, "fields": {"lang": "en", "confidence": "1", "object_ref": 10, "value": 7, "sources": ["33948865-e52c-4c56-9888-b32d58d0098f", "a4f67830-943a-4bf9-a54a-3ce212a7944a", "ef9d93a5-71fc-4765-ba21-d43add47a2b5"], "accesspoints": ["23f339f4-6d0f-4315-a780-ee4d2064704b", "a70ee1dd-7d2d-44d8-a8c3-a30d13cb8839", "d54ff386-ffa2-4a3f-859a-1edf2a388980"]}}, {"model": "person.persondivisionid", "pk": 10, "fields": {"lang": null, "confidence": "1", "object_ref": 10, "value": "ocd-division/country:ng", "sources": ["09eab79b-29bc-4d57-b782-d921c46f3c16", "118541e4-116b-482d-be5c-5a996c98b3f8", "629c32c1-b599-45ad-ab97-052ba889456c", "90da6884-4ea8-48b4-9a9c-0d2087ad8f67", "92a15856-b065-4596-9b82-161fc34cfa2d"], "accesspoints": ["f83d6359-fea2-4d02-8ad0-7128e4ec058a", "f76f5084-2906-4c37-8a4a-84e9c24a3926", "69d68b61-9245-47b0-9246-e9497fae65ba", "41aeccd4-27f0-4def-9a20-bd1f0e0c99ba", "9679d26a-cf67-4b1c-b63b-1a3ce77b21be"]}}, {"model": "person.personname", "pk": 10, "fields": {"lang": "en", "confidence": "1", "object_ref": 10, "value": "Ambrose Aisabor", "sources": ["0c2c88c0-35cb-4ea8-b3e9-150acc66824f", "14d60a4e-82d5-4aaf-8bca-5bdc7f970563", "4a905138-7e5b-4f71-83e0-012a7441021a", "597a76da-9117-4ac6-969b-a7cce1a4c1c7", "cd48b5e3-034b-49c3-9f95-f9b10254e925"], "accesspoints": ["db6950eb-5a5f-43d2-9b81-760d610949f3", "30fd9a70-3709-4d69-8384-9544cb3f7b13", "7f0701a9-4847-40cb-b34e-c50c8a655222", "3bae9527-9369-44a2-a7e5-286bc032ca30", "f42ee779-2640-4e3a-994f-dcdff2789e64"]}}, {"model": "source.source", "pk": "2796f052-5351-408d-80d9-852d2b3d876d", "fields": {"title": " \"Nigerian Army | 82 Division\". Nigerian Army. http://army.mil.ng/Nigerian%20Army%20-%2082%20%20Division.html Internet Archive link: https://web.archive.org/web/20150720193630/http://army.mil.ng/Nigerian%20Army%20-%2082%20%20Division.html ", "publication": null, "publication_country": null, "published_on": "1900-01-01", "source_url": null, "date_updated": "2016-12-15T15:53:20.739Z", "date_added": "2016-12-15T15:53:20.739Z", "user": 1}}, {"model": "source.accesspoint", "pk": "6149b604-28a8-4640-a717-193915692a78", "fields": {"page_number": null, "accessed_on": null, "archive_url": null, "source": "2796f052-5351-408d-80d9-852d2b3d876d", "user": 1}}, {"model": "source.source", "pk": "84a5e45f-abfc-4c35-b811-287f8d5cbc63", "fields": {"title": "Suicide Bombers Spoil Christmas", "publication": "Daily Trust", "publication_country": null, "published_on": "2011-12-26", "source_url": "http://allafrica.com/stories/201112270855.html", "date_updated": "2016-12-15T15:44:41.958Z", "date_added": "2016-12-15T15:44:41.958Z", "user": 1}}, {"model": "source.accesspoint", "pk": "fc8bfaa8-0f3a-4230-aee3-f3a0299f1c70", "fields": {"page_number": null, "accessed_on": null, "archive_url": null, "source": "84a5e45f-abfc-4c35-b811-287f8d5cbc63", "user": 1}}, {"model": "source.source", "pk": "c322e9d8-4220-479a-9b26-e5d52f27c75f", "fields": {"title": "Chained to the Floor for Four Years!'", "publication": "Vanguard", "publication_country": null, "published_on": "2014-03-22", "source_url": "http://www.vanguardngr.com/2014/03/chained-to-the-floor-for-four-years/", "date_updated": "2016-12-15T15:39:25.426Z", "date_added": "2016-12-15T15:39:25.426Z", "user": 1}}, {"model": "source.accesspoint", "pk": "9b52d872-83ed-4c25-99e6-5c995bd02326", "fields": {"page_number": null, "accessed_on": null, "archive_url": null, "source": "c322e9d8-4220-479a-9b26-e5d52f27c75f", "user": 1}}, {"model": "source.source", "pk": "46987ba3-98ec-48b3-8d02-6fa642cdd166", "fields": {"title": "Bauchi, Borno, Plateau: Mounting security challenge in the \u2018axis of death\u2019", "publication": "Vanguard", "publication_country": null, "published_on": "2011-02-06", "source_url": "http://www.vanguardngr.com/2011/02/bauchi-borno-plateau-mounting-security-challenge-in-the-%E2%80%98axis-of-death%E2%80%99/", "date_updated": "2016-12-15T15:39:22.203Z", "date_added": "2016-12-15T15:39:22.203Z", "user": 1}}, {"model": "source.accesspoint", "pk": "3c93ee8b-93ae-4340-9059-e5b1530a62a9", "fields": {"page_number": null, "accessed_on": null, "archive_url": null, "source": "46987ba3-98ec-48b3-8d02-6fa642cdd166", "user": 1}}, {"model": "source.source", "pk": "aff4fd37-3bd2-4948-8e94-a1667b3029a4", "fields": {"title": "Policeman, Others Arrested Over Cattle Rustling in Nasarawa", "publication": "Daily Trust.", "publication_country": null, "published_on": "2014-05-19", "source_url": "http://allafrica.com/stories/201405190815.html", "date_updated": "2016-12-15T15:50:34.949Z", "date_added": "2016-12-15T15:50:34.949Z", "user": 1}}, {"model": "source.accesspoint", "pk": "c56f54f0-103c-40b5-b8b2-5e74735f2616", "fields": {"page_number": null, "accessed_on": null, "archive_url": null, "source": "aff4fd37-3bd2-4948-8e94-a1667b3029a4", "user": 1}}, {"model": "source.source", "pk": "5e0c534a-0b38-4e52-b068-a2aa090c4300", "fields": {"title": "Med-View Delivers a Boeing 737-800 to Enhance Its Operation", "publication": "This Day.", "publication_country": null, "published_on": "2014-01-20", "source_url": null, "date_updated": "2016-12-15T15:40:31.740Z", "date_added": "2016-12-15T15:40:31.740Z", "user": 1}}, {"model": "source.accesspoint", "pk": "310a130f-597b-4489-aca5-7812cd46a65b", "fields": {"page_number": null, "accessed_on": null, "archive_url": null, "source": "5e0c534a-0b38-4e52-b068-a2aa090c4300", "user": 1}}, {"model": "source.source", "pk": "6ba8a9f7-bc43-44c8-b1ca-b57370dc34db", "fields": {"title": "Battle for Mubi Rages, Military Ramps Up Counter-Attack", "publication": "This Day.", "publication_country": null, "published_on": "2014-10-31", "source_url": null, "date_updated": "2016-12-15T15:54:30.670Z", "date_added": "2016-12-15T15:54:30.670Z", "user": 1}}, {"model": "source.accesspoint", "pk": "780b89fa-054d-4444-b442-790bca8cb69e", "fields": {"page_number": null, "accessed_on": null, "archive_url": null, "source": "6ba8a9f7-bc43-44c8-b1ca-b57370dc34db", "user": 1}}, {"model": "source.source", "pk": "46c6ac37-c54a-4abb-ac93-03c408b4b698", "fields": {"title": "Army parades oil bunkers in Kaduna", "publication": "Premium Times", "publication_country": null, "published_on": "2013-05-08", "source_url": "http://www.premiumtimesng.com/regional/nwest/133295-army-parades-oil-bunkers-in-kaduna.html", "date_updated": "2016-12-15T15:39:25.711Z", "date_added": "2016-12-15T15:39:25.711Z", "user": 1}}, {"model": "source.accesspoint", "pk": "48b133f3-c006-467c-ab3a-d4c813c789aa", "fields": {"page_number": null, "accessed_on": null, "archive_url": null, "source": "46c6ac37-c54a-4abb-ac93-03c408b4b698", "user": 1}}, {"model": "source.source", "pk": "ddaa68c0-d70e-4838-a43e-42136286bc8c", "fields": {"title": "Dismissed Soldiers Appear in Court", "publication": "Vanguard", "publication_country": null, "published_on": "2006-03-17", "source_url": "http://allafrica.com/stories/200603170109.html", "date_updated": "2016-12-15T15:43:46.459Z", "date_added": "2016-12-15T15:43:46.459Z", "user": 1}}, {"model": "source.accesspoint", "pk": "e41ccfef-f4a3-4c16-8edc-567fdf5ededc", "fields": {"page_number": null, "accessed_on": null, "archive_url": null, "source": "ddaa68c0-d70e-4838-a43e-42136286bc8c", "user": 1}}, {"model": "source.source", "pk": "aea7773c-abf6-4ac3-bbc2-de58f9ff866d", "fields": {"title": "Suicide Bomber Hits Yobe SSS HQ, Four Killed", "publication": "Daily Trust", "publication_country": null, "published_on": "2011-12-26", "source_url": "http://allafrica.com/stories/201112270801.html", "date_updated": "2016-12-15T15:55:10.742Z", "date_added": "2016-12-15T15:55:10.742Z", "user": 1}}, {"model": "source.accesspoint", "pk": "53b1138a-9d84-47c7-8ca2-e1b65d310d9d", "fields": {"page_number": null, "accessed_on": null, "archive_url": null, "source": "aea7773c-abf6-4ac3-bbc2-de58f9ff866d", "user": 1}}, {"model": "source.source", "pk": "fe330c04-6961-4b83-8869-91778f8eb9d5", "fields": {"title": "JTF Kills Three Suspected Boko Haram Members in Jigawa", "publication": "Vanguard", "publication_country": null, "published_on": "2013-07-17", "source_url": null, "date_updated": "2016-12-15T15:42:44.894Z", "date_added": "2016-12-15T15:42:44.894Z", "user": 1}}, {"model": "source.accesspoint", "pk": "37dfb5fa-b1fe-4783-89b4-ccddc2002651", "fields": {"page_number": null, "accessed_on": null, "archive_url": null, "source": "fe330c04-6961-4b83-8869-91778f8eb9d5", "user": 1}}, {"model": "source.source", "pk": "0fdd05b3-bcfa-4386-a746-9b24f31d2c49", "fields": {"title": "JTF Uncovers Oil Spill From Shell Pipeline", "publication": "Daily Trust", "publication_country": null, "published_on": "2013-08-26", "source_url": "http://allafrica.com/stories/201308261063.html", "date_updated": "2016-12-15T15:39:55.867Z", "date_added": "2016-12-15T15:39:55.867Z", "user": 1}}, {"model": "source.accesspoint", "pk": "3820ab2d-f3e9-4f83-b95c-636316859840", "fields": {"page_number": null, "accessed_on": null, "archive_url": null, "source": "0fdd05b3-bcfa-4386-a746-9b24f31d2c49", "user": 1}}, {"model": "source.source", "pk": "7e9eb1fb-6579-40f3-b952-de1dc4be4687", "fields": {"title": "Man Gets Title, Car, N", "publication": "25 Million for Trekking From Jalingo to Maiduguri. Daily Trust", "publication_country": null, "published_on": "2015-05-20", "source_url": "http://allafrica.com/stories/201505201313.html", "date_updated": "2016-12-15T15:54:51.034Z", "date_added": "2016-12-15T15:54:51.034Z", "user": 1}}, {"model": "source.accesspoint", "pk": "fd9074ae-ef9b-4b41-adaa-549346562cba", "fields": {"page_number": null, "accessed_on": null, "archive_url": null, "source": "7e9eb1fb-6579-40f3-b952-de1dc4be4687", "user": 1}}, {"model": "source.source", "pk": "089094fa-c7da-4e54-841d-5dd663aef537", "fields": {"title": "Soldiers Seize Leadership, Daily Trust, the Nation Newspapers in Minna", "publication": "Leadership", "publication_country": null, "published_on": "2014-06-10", "source_url": "http://allafrica.com/stories/201406100282.html", "date_updated": "2016-12-15T15:42:49.377Z", "date_added": "2016-12-15T15:42:49.377Z", "user": 1}}, {"model": "source.accesspoint", "pk": "ca1f4eb0-c602-41a5-9be2-13f1cfca4533", "fields": {"page_number": null, "accessed_on": null, "archive_url": null, "source": "089094fa-c7da-4e54-841d-5dd663aef537", "user": 1}}, {"model": "person.alias", "pk": 1, "fields": {"value": "Ibrahim Adamu"}}, {"model": "source.source", "pk": "7a726eaf-a4c6-43fe-8912-540b5037b5ad", "fields": {"title": "\"About Nigerian Air Force\". Nigerian Air Force. http://www.airforce.mil.ng/about Internet Archive link: https://web.archive.org/web/20150721084620/http://www.airforce.mil.ng/about", "publication": null, "publication_country": null, "published_on": "1900-01-01", "source_url": null, "date_updated": "2016-12-15T15:50:38.977Z", "date_added": "2016-12-15T15:50:38.977Z", "user": 1}}, {"model": "source.accesspoint", "pk": "a1b41e35-fda4-4452-85bc-8d4eea77859f", "fields": {"page_number": null, "accessed_on": null, "archive_url": null, "source": "7a726eaf-a4c6-43fe-8912-540b5037b5ad", "user": 1}}, {"model": "source.source", "pk": "7f2a63da-e19f-4c5a-97ee-44326362879f", "fields": {"title": "LAGOS POLICE COMMAND", "publication": "Nigeria Police Force. http://www.npf.gov.ng/ZoneDetails?id=Lagos", "publication_country": null, "published_on": "2014-08-27", "source_url": "https://web.archive.org/web/20150316004607/http://npf.gov.ng/ZoneDetails?id=Lagos", "date_updated": "2016-12-15T15:45:12.101Z", "date_added": "2016-12-15T15:45:12.101Z", "user": 1}}, {"model": "source.source", "pk": "47b233fa-0f8f-424d-a342-298d0a3cee0f", "fields": {"title": "Army retires 51 officers", "publication": "Vanguard", "publication_country": null, "published_on": "2012-12-28", "source_url": "http://www.vanguardngr.com/2012/12/army-retires-51-officers/", "date_updated": "2016-12-15T15:55:21.485Z", "date_added": "2016-12-15T15:55:21.485Z", "user": 1}}, {"model": "source.accesspoint", "pk": "6928aa67-0917-4f08-ac11-2ae8bec62287", "fields": {"page_number": null, "accessed_on": null, "archive_url": null, "source": "47b233fa-0f8f-424d-a342-298d0a3cee0f", "user": 1}}, {"model": "source.accesspoint", "pk": "af201bb4-1776-46fa-a255-e67d6edec032", "fields": {"page_number": null, "accessed_on": null, "archive_url": null, "source": "7f2a63da-e19f-4c5a-97ee-44326362879f", "user": 1}}, {"model": "source.source", "pk": "e1b8c54e-e38d-47ee-af45-0661037971c0", "fields": {"title": " \"PRESS STATEMENT BY LT COL CO EGEMOLE ON CRISIS IN IBI LOCAL GOVERNMENT AREA ON FRIDAY 25TH MARCH 2016\". Nigerian Army. 27 March 2016. http://www.army.mil.ng/text-of-press-briefing-by-commanding-officer-93-battalion/ Internet Archive link: https://web.archive.org/web/20160404195334/http://www.army.mil.ng/text-of-press-briefing-by-commanding-officer-93-battalion/ ", "publication": null, "publication_country": null, "published_on": "1900-01-01", "source_url": null, "date_updated": "2016-12-15T15:43:52.355Z", "date_added": "2016-12-15T15:43:52.355Z", "user": 1}}, {"model": "source.source", "pk": "744d9855-49fc-4515-b0d6-318dabb58368", "fields": {"title": " Foreign Military Training and DoD Engagement Activities of Interest, 2011-2012 ", "publication": null, "publication_country": null, "published_on": "1900-01-01", "source_url": null, "date_updated": "2016-12-15T15:40:40.623Z", "date_added": "2016-12-15T15:40:40.623Z", "user": 1}}, {"model": "source.accesspoint", "pk": "3f2a7a37-8e11-4234-ab5a-f597653a90ec", "fields": {"page_number": null, "accessed_on": null, "archive_url": null, "source": "744d9855-49fc-4515-b0d6-318dabb58368", "user": 1}}, {"model": "source.accesspoint", "pk": "ff514ad6-b781-4c92-ab06-8a1c1eccd95f", "fields": {"page_number": null, "accessed_on": null, "archive_url": null, "source": "e1b8c54e-e38d-47ee-af45-0661037971c0", "user": 1}}, {"model": "person.alias", "pk": 2, "fields": {"value": "Mohammed Dikko Abubakar "}}, {"model": "person.alias", "pk": 3, "fields": {"value": " MD Abubakar "}}, {"model": "person.alias", "pk": 4, "fields": {"value": " Mohammed Abubakar "}}, {"model": "person.alias", "pk": 5, "fields": {"value": " Mohammed Dahiru Abubakar"}}, {"model": "source.source", "pk": "17178485-8f0b-422a-a876-5ee04dcd0c01", "fields": {"title": "Nigeria Police Regulations 1968 for reals", "publication": "Nigeria Police Regulations 1968", "publication_country": "Nigeria", "published_on": "1968-01-01", "source_url": "http://lawsofnigeria.placng.org/laws/P19.pdf", "date_updated": "2018-06-07T20:09:36.703Z", "date_added": "2016-12-15T15:44:36.264Z", "user": 1}}, {"model": "source.source", "pk": "f90b1e5d-5585-47ae-a90f-16486a63c5b1", "fields": {"title": "Much Ado About Dambazau", "publication": "Daily Trust", "publication_country": null, "published_on": "2010-03-17", "source_url": "http://allafrica.com/stories/201003170455.html", "date_updated": "2016-12-15T15:54:23.058Z", "date_added": "2016-12-15T15:54:23.058Z", "user": 1}}, {"model": "source.source", "pk": "2ea32bac-5ff2-4f3c-b7fe-6eb64000a2a1", "fields": {"title": "Military exonerates Col Wende over purported petition written to Jonathan", "publication": "Vanguard", "publication_country": null, "published_on": "2014-12-25", "source_url": "http://www.vanguardngr.com/2014/12/military-exonerates-col-wende-purported-petition-written-jonathan/", "date_updated": "2016-12-15T15:39:39.919Z", "date_added": "2016-12-15T15:39:39.919Z", "user": 1}}, {"model": "source.source", "pk": "3109078f-dfad-47fc-955e-7d511ac4d552", "fields": {"title": "\"ENUGU POLICE COMMAND", "publication": "\" Nigeria Police Force. http://www.npf.gov.ng/ZoneDetails?id=enugu", "publication_country": null, "published_on": "2014-08-29", "source_url": "https://web.archive.org/web/20140830133204/http://www.npf.gov.ng/ZoneDetails?id=enugu", "date_updated": "2016-12-15T15:44:36.127Z", "date_added": "2016-12-15T15:44:36.127Z", "user": 1}}, {"model": "source.source", "pk": "37fc3e9f-3db6-4893-a532-e384df1be22e", "fields": {"title": "Ekiti APC Seeks Probe of Governor's Audio Clips", "publication": "Daily Independent", "publication_country": null, "published_on": "2015-02-17", "source_url": "http://dailyindependentnig.com/2015/02/ekiti-apc-seeks-probe-governors-audio-clips/", "date_updated": "2016-12-15T15:42:53.507Z", "date_added": "2016-12-15T15:42:53.507Z", "user": 1}}, {"model": "source.source", "pk": "7292cd44-61bc-4196-a7f5-6c2fc8b06441", "fields": {"title": "IMO POLICE COMMAND", "publication": "Nigeria Police Force. http://www.npf.gov.ng/ZoneDetails?id=imo", "publication_country": null, "published_on": "2014-08-29", "source_url": "https://web.archive.org/web/20140830133209/http://www.npf.gov.ng/ZoneDetails?id=imo", "date_updated": "2016-12-15T15:44:43.722Z", "date_added": "2016-12-15T15:44:43.723Z", "user": 1}}, {"model": "source.source", "pk": "8e4679f3-d896-4bc0-83ee-c233966e7ab0", "fields": {"title": "Army to Destroy Seized IEDs in Borno", "publication": "Vanguard", "publication_country": null, "published_on": "2013-10-03", "source_url": "http://www.vanguardngr.com/2013/10/army-destroy-seized-ieds-borno/", "date_updated": "2016-12-15T15:43:09.655Z", "date_added": "2016-12-15T15:43:09.655Z", "user": 1}}, {"model": "source.accesspoint", "pk": "6a93761a-e4d9-4ae0-b8bc-4d18bb35fcc3", "fields": {"page_number": null, "accessed_on": null, "archive_url": null, "source": "17178485-8f0b-422a-a876-5ee04dcd0c01", "user": 1}}, {"model": "source.accesspoint", "pk": "91517693-42be-403f-b4a1-01d4a649cd29", "fields": {"page_number": null, "accessed_on": null, "archive_url": null, "source": "f90b1e5d-5585-47ae-a90f-16486a63c5b1", "user": 1}}, {"model": "source.accesspoint", "pk": "ecc5d3f3-d23d-4a43-a0ad-c76cf1483282", "fields": {"page_number": null, "accessed_on": null, "archive_url": null, "source": "2ea32bac-5ff2-4f3c-b7fe-6eb64000a2a1", "user": 1}}, {"model": "source.accesspoint", "pk": "0f63e5fa-77f8-48da-be25-0086122c95cf", "fields": {"page_number": null, "accessed_on": null, "archive_url": null, "source": "3109078f-dfad-47fc-955e-7d511ac4d552", "user": 1}}, {"model": "source.accesspoint", "pk": "751e8e7c-3583-4bca-8ecd-07c376e9d396", "fields": {"page_number": null, "accessed_on": null, "archive_url": null, "source": "37fc3e9f-3db6-4893-a532-e384df1be22e", "user": 1}}, {"model": "source.accesspoint", "pk": "c82ab178-3ae0-4b75-af05-cd51706e2f5f", "fields": {"page_number": null, "accessed_on": null, "archive_url": null, "source": "7292cd44-61bc-4196-a7f5-6c2fc8b06441", "user": 1}}, {"model": "source.accesspoint", "pk": "70695c8f-c578-4891-a294-0a2948e6f561", "fields": {"page_number": null, "accessed_on": null, "archive_url": null, "source": "8e4679f3-d896-4bc0-83ee-c233966e7ab0", "user": 1}}, {"model": "source.source", "pk": "b4ae9e29-71fb-4132-bfb1-329fa93587c8", "fields": {"title": "\"TROOPS KILL 25 BOKO HARAM TERRORISTS, RESCUED 18 PERSONS\"", "publication": "Nigerian Army.", "publication_country": null, "published_on": "2016-03-27", "source_url": "http://www.army.mil.ng/troops-kill-25-boko-haram-terrorists-rescued-18-persons/", "date_updated": "2016-12-15T15:40:16.436Z", "date_added": "2016-12-15T15:40:16.436Z", "user": 1}}, {"model": "source.accesspoint", "pk": "7925abf3-d163-4cbe-8e19-7753f6dc5e33", "fields": {"page_number": null, "accessed_on": null, "archive_url": null, "source": "b4ae9e29-71fb-4132-bfb1-329fa93587c8", "user": 1}}, {"model": "source.source", "pk": "5657fc3f-483c-483f-b764-54a241449f04", "fields": {"title": "Police Nab Two Suspects Over N15 Million Stolen Goods", "publication": "Leadership", "publication_country": null, "published_on": "2015-04-01", "source_url": "http://allafrica.com/stories/201504011313.html", "date_updated": "2016-12-15T15:49:54.541Z", "date_added": "2016-12-15T15:49:54.541Z", "user": 1}}, {"model": "source.accesspoint", "pk": "e1d30caf-97b7-48e9-9200-3031c4c2aaff", "fields": {"page_number": null, "accessed_on": null, "archive_url": null, "source": "5657fc3f-483c-483f-b764-54a241449f04", "user": 1}}, {"model": "person.alias", "pk": 6, "fields": {"value": "Ambrose Aisbor "}}, {"model": "person.alias", "pk": 7, "fields": {"value": " Ambrose Aisibor"}}, {"model": "source.source", "pk": "33948865-e52c-4c56-9888-b32d58d0098f", "fields": {"title": "IGP Approves Establishment of 11 New Police Stations in Enugu. Leadership (Nigeria). 28 February 2012. http://allafrica.com/stories/201202290471.html Internet Archive link: https://web.archive.org/save/_embed/http://allafrica.com/stories/201202290471.html ", "publication": null, "publication_country": null, "published_on": "1900-01-01", "source_url": null, "date_updated": "2016-12-15T15:50:26.217Z", "date_added": "2016-12-15T15:50:26.217Z", "user": 1}}, {"model": "source.source", "pk": "a4f67830-943a-4bf9-a54a-3ce212a7944a", "fields": {"title": "Two Fraudsters Nabbed With Fake Dollars in Katsina", "publication": "Daily Trust", "publication_country": null, "published_on": "2006-06-27", "source_url": "http://allafrica.com/stories/200606270898.html", "date_updated": "2016-12-15T15:44:26.758Z", "date_added": "2016-12-15T15:44:26.758Z", "user": 1}}, {"model": "source.source", "pk": "ef9d93a5-71fc-4765-ba21-d43add47a2b5", "fields": {"title": "Army Gets 25 Major Generals", "publication": "Daily Trust", "publication_country": null, "published_on": "2011-11-10", "source_url": "http://allafrica.com/stories/201111100827.html", "date_updated": "2016-12-15T15:55:04.582Z", "date_added": "2016-12-15T15:55:04.582Z", "user": 1}}, {"model": "source.accesspoint", "pk": "23f339f4-6d0f-4315-a780-ee4d2064704b", "fields": {"page_number": null, "accessed_on": null, "archive_url": null, "source": "33948865-e52c-4c56-9888-b32d58d0098f", "user": 1}}, {"model": "source.accesspoint", "pk": "a70ee1dd-7d2d-44d8-a8c3-a30d13cb8839", "fields": {"page_number": null, "accessed_on": null, "archive_url": null, "source": "a4f67830-943a-4bf9-a54a-3ce212a7944a", "user": 1}}, {"model": "source.accesspoint", "pk": "d54ff386-ffa2-4a3f-859a-1edf2a388980", "fields": {"page_number": null, "accessed_on": null, "archive_url": null, "source": "ef9d93a5-71fc-4765-ba21-d43add47a2b5", "user": 1}}, {"model": "source.source", "pk": "09eab79b-29bc-4d57-b782-d921c46f3c16", "fields": {"title": "Bama - Military Orders Arrest of General for Running Into Bush With Troops in Fear of B'Haram", "publication": "Vanguard", "publication_country": null, "published_on": "2014-10-06", "source_url": "http://www.vanguardngr.com/2014/10/bama-military-orders-arrest-general-running-bush-troops-fear-bharam/", "date_updated": "2016-12-15T15:40:16.378Z", "date_added": "2016-12-15T15:40:16.378Z", "user": 1}}, {"model": "source.source", "pk": "118541e4-116b-482d-be5c-5a996c98b3f8", "fields": {"title": "U", "publication": "S. Can't Track Boko Haram's Funding. Daily Independent", "publication_country": null, "published_on": "2014-07-02", "source_url": "http://dailyindependentnig.com/2014/07/u-s-cant-track-boko-harams-funding/", "date_updated": "2016-12-15T15:54:55.237Z", "date_added": "2016-12-15T15:54:55.237Z", "user": 1}}, {"model": "source.source", "pk": "629c32c1-b599-45ad-ab97-052ba889456c", "fields": {"title": " Polls: 20,000 Policemen Deployed to North-East. Daily Trust (Nigeria). 28 March 2015. http://www.dailytrust.com.ng/weekly/index.php/new-news/19486-polls-20-000-policemen-deployed-to-north-east Internet Archive link: https://web.archive.org/web/20150426202504/http://www.dailytrust.com.ng/weekly/index.php/new-news/19486-polls-20-000-policemen-deployed-to-north-east ", "publication": null, "publication_country": null, "published_on": "1900-01-01", "source_url": null, "date_updated": "2016-12-15T15:49:57.848Z", "date_added": "2016-12-15T15:49:57.848Z", "user": 1}}, {"model": "source.source", "pk": "90da6884-4ea8-48b4-9a9c-0d2087ad8f67", "fields": {"title": "Women Picket Oil Facility in Delta", "publication": "Vanguard", "publication_country": null, "published_on": "2014-06-18", "source_url": "http://www.vanguardngr.com/2014/06/women-picket-oil-facility-delta/", "date_updated": "2016-12-15T15:40:30.786Z", "date_added": "2016-12-15T15:40:30.786Z", "user": 1}}, {"model": "source.source", "pk": "92a15856-b065-4596-9b82-161fc34cfa2d", "fields": {"title": "Sharia Sparks Violence in Army", "publication": "PM News", "publication_country": null, "published_on": "2010-05-16", "source_url": "http://allafrica.com/stories/200005160149.html", "date_updated": "2016-12-15T15:39:55.240Z", "date_added": "2016-12-15T15:39:55.240Z", "user": 1}}, {"model": "source.accesspoint", "pk": "f83d6359-fea2-4d02-8ad0-7128e4ec058a", "fields": {"page_number": null, "accessed_on": null, "archive_url": null, "source": "09eab79b-29bc-4d57-b782-d921c46f3c16", "user": 1}}, {"model": "source.accesspoint", "pk": "f76f5084-2906-4c37-8a4a-84e9c24a3926", "fields": {"page_number": null, "accessed_on": null, "archive_url": null, "source": "118541e4-116b-482d-be5c-5a996c98b3f8", "user": 1}}, {"model": "source.accesspoint", "pk": "69d68b61-9245-47b0-9246-e9497fae65ba", "fields": {"page_number": null, "accessed_on": null, "archive_url": null, "source": "629c32c1-b599-45ad-ab97-052ba889456c", "user": 1}}, {"model": "source.accesspoint", "pk": "41aeccd4-27f0-4def-9a20-bd1f0e0c99ba", "fields": {"page_number": null, "accessed_on": null, "archive_url": null, "source": "90da6884-4ea8-48b4-9a9c-0d2087ad8f67", "user": 1}}, {"model": "source.accesspoint", "pk": "9679d26a-cf67-4b1c-b63b-1a3ce77b21be", "fields": {"page_number": null, "accessed_on": null, "archive_url": null, "source": "92a15856-b065-4596-9b82-161fc34cfa2d", "user": 1}}, {"model": "source.source", "pk": "0c2c88c0-35cb-4ea8-b3e9-150acc66824f", "fields": {"title": "Jos Crisis - Task Force Averts Another Crisis", "publication": "Daily Trust", "publication_country": null, "published_on": "2010-03-29", "source_url": "http://allafrica.com/stories/201003290814.html", "date_updated": "2016-12-15T15:50:59.854Z", "date_added": "2016-12-15T15:50:59.854Z", "user": 1}}, {"model": "source.source", "pk": "14d60a4e-82d5-4aaf-8bca-5bdc7f970563", "fields": {"title": "Dungun Muazu Killings Were for Revenge - Police", "publication": "Daily Trust", "publication_country": null, "published_on": "2001-09-26", "source_url": "http://allafrica.com/stories/200109270431.html", "date_updated": "2016-12-15T15:45:07.990Z", "date_added": "2016-12-15T15:45:07.990Z", "user": 1}}, {"model": "source.source", "pk": "4a905138-7e5b-4f71-83e0-012a7441021a", "fields": {"title": "FG Deploys Soldiers in Nasarawa", "publication": "Leadership", "publication_country": null, "published_on": "2013-09-19", "source_url": "http://leadership.ng/news/327056/fg-deploys-soldiers-nasarawa", "date_updated": "2016-12-15T15:43:09.253Z", "date_added": "2016-12-15T15:43:09.253Z", "user": 1}}, {"model": "source.source", "pk": "597a76da-9117-4ac6-969b-a7cce1a4c1c7", "fields": {"title": "Nigeria Police Regulations 1968 Part II S.8(1). 1968. http://lawsofnigeria.placng.org/laws/P19.pdf Internet Archive Link: https://web.archive.org/web/20160819165913/http://lawsofnigeria.placng.org/laws/P19.pdf", "publication": null, "publication_country": null, "published_on": "1900-01-01", "source_url": null, "date_updated": "2016-12-15T15:44:14.233Z", "date_added": "2016-12-15T15:44:14.233Z", "user": 1}}, {"model": "source.source", "pk": "cd48b5e3-034b-49c3-9f95-f9b10254e925", "fields": {"title": "I-N-V-a-S-I-O-N - Fear Grips Enugu Community As Fulani Herdsmen Kill Two Teenage-Students", "publication": "Vanguard", "publication_country": null, "published_on": "2012-08-20", "source_url": "http://www.vanguardngr.com/2012/08/i-n-v-a-s-i-o-n-fear-grips-enugu-community-as-fulani-herdsmen-kill-2-teenage-students/", "date_updated": "2016-12-15T15:50:23.392Z", "date_added": "2016-12-15T15:50:23.392Z", "user": 1}}, {"model": "source.accesspoint", "pk": "db6950eb-5a5f-43d2-9b81-760d610949f3", "fields": {"page_number": null, "accessed_on": null, "archive_url": null, "source": "0c2c88c0-35cb-4ea8-b3e9-150acc66824f", "user": 1}}, {"model": "source.accesspoint", "pk": "30fd9a70-3709-4d69-8384-9544cb3f7b13", "fields": {"page_number": null, "accessed_on": null, "archive_url": null, "source": "14d60a4e-82d5-4aaf-8bca-5bdc7f970563", "user": 1}}, {"model": "source.accesspoint", "pk": "7f0701a9-4847-40cb-b34e-c50c8a655222", "fields": {"page_number": null, "accessed_on": null, "archive_url": null, "source": "4a905138-7e5b-4f71-83e0-012a7441021a", "user": 1}}, {"model": "source.accesspoint", "pk": "3bae9527-9369-44a2-a7e5-286bc032ca30", "fields": {"page_number": null, "accessed_on": null, "archive_url": null, "source": "597a76da-9117-4ac6-969b-a7cce1a4c1c7", "user": 1}}, {"model": "source.accesspoint", "pk": "f42ee779-2640-4e3a-994f-dcdff2789e64", "fields": {"page_number": null, "accessed_on": null, "archive_url": null, "source": "cd48b5e3-034b-49c3-9f95-f9b10254e925", "user": 1}}, {"model": "auth.user", "pk": 1, "fields": {"password": "pbkdf2_sha256$24000$nvfChJtqoS6u$aF4nk3G6uoE4DVpp5In86ouZOse+5DrJ/xGBdq59yqE=", "last_login": "2018-07-06T20:46:17.765Z", "is_superuser": true, "username": "eric", "first_name": "", "last_name": "", "email": "evz@datamade.us", "is_staff": true, "is_active": true, "date_joined": "2018-05-31T20:53:34.180Z", "groups": [], "user_permissions": []}}]