[{"model": "person.person", "pk": 1, "fields": {"uuid": "a7330663-ae7f-4c8f-bbda-6b8d1502404b"}}, {"model": "person.person", "pk": 2, "fields": {"uuid": "22c32543-4371-4a2a-a192-7ffe6b544536"}}, {"model": "person.person", "pk": 3, "fields": {"uuid": "7afd9a5d-d9d0-4ce4-960e-8fcc8d57e769"}}, {"model": "person.person", "pk": 4, "fields": {"uuid": "12a3eca2-6d0b-4922-a625-301780eebd8c"}}, {"model": "person.person", "pk": 5, "fields": {"uuid": "df839f8d-1fe5-48cb-b24a-bc85efd1ac59"}}, {"model": "person.person", "pk": 6, "fields": {"uuid": "0f486c05-df22-4b22-a514-4943fdeea271"}}, {"model": "person.person", "pk": 7, "fields": {"uuid": "d2fe1202-fc48-418a-8cfe-37489d0600e0"}}, {"model": "person.person", "pk": 8, "fields": {"uuid": "b670af83-e34f-43ab-b7fe-e01d18094bf4"}}, {"model": "person.person", "pk": 9, "fields": {"uuid": "dd1040d8-6b40-4321-80d3-39d69ec71985"}}, {"model": "person.person", "pk": 10, "fields": {"uuid": "b91bcfaa-bf3c-4659-a842-3cc649c8f45a"}}, {"model": "person.persondivisionid", "pk": 1, "fields": {"lang": null, "confidence": "2", "object_ref": 1, "value": "ocd-division/country:mx", "sources": ["eb51033a-1061-4945-83a5-1d2404e4603a", "ee763072-f9d8-4936-88d8-27c1ac1a0fb3", "1f67a52c-9b79-4681-bee1-b842331c9201", "e5e8e3f5-1acb-4f63-949d-1fc4df3f3540", "b45df6a7-0766-4a32-aec6-d5ddf5e94873", "b262a8bc-fd51-4c09-a149-0c595dbdaa3c", "ac30eaf4-a08d-4139-accf-0f64fb01177b", "f14ee79c-ca16-4415-834a-2586f8686998", "a5096031-fe5e-4daf-b05a-3938d2483015", "c0714acc-c1d4-42f8-b723-98faf7efef7e", "b4854f7e-d2a9-4601-8b6a-91549ac36ba4", "6cd4ef09-a762-4642-b63c-efb83c81182d", "2cfde78d-e9d3-4837-a255-35b305d7df03", "6ce017f1-ed7c-433e-8655-3cecdd3b3062", "f9982e15-cc24-4821-ad43-f723ba03b431", "ffd346bd-e72f-4a5c-8c65-6e8ae22b72bc", "e5e8e3f5-1acb-4f63-949d-1fc4df3f3540", "b45df6a7-0766-4a32-aec6-d5ddf5e94873", "b262a8bc-fd51-4c09-a149-0c595dbdaa3c", "ac30eaf4-a08d-4139-accf-0f64fb01177b", "ee763072-f9d8-4936-88d8-27c1ac1a0fb3", "1f67a52c-9b79-4681-bee1-b842331c9201", "f14ee79c-ca16-4415-834a-2586f8686998", "a5096031-fe5e-4daf-b05a-3938d2483015", "c0714acc-c1d4-42f8-b723-98faf7efef7e", "b4854f7e-d2a9-4601-8b6a-91549ac36ba4", "6cd4ef09-a762-4642-b63c-efb83c81182d", "2cfde78d-e9d3-4837-a255-35b305d7df03", "6ce017f1-ed7c-433e-8655-3cecdd3b3062", "f9982e15-cc24-4821-ad43-f723ba03b431", "ffd346bd-e72f-4a5c-8c65-6e8ae22b72bc", "eb51033a-1061-4945-83a5-1d2404e4603a", "3cd01e1c-27e4-418f-8301-e98631610771", "3cd01e1c-27e4-418f-8301-e98631610771"], "accesspoints": ["67a4865b-a959-4bc8-80fb-f22bf953435a", "ae3341fa-99a3-463d-8793-ac0996ae1b77", "f69b51a5-6c54-4c84-99c4-dfdfc6f7c759", "b58e4243-a9b8-45b2-8544-a23d54cc21e5", "586181f5-dc4d-49d2-99d8-03df898d4d1f", "1bbc346e-23e6-4d6b-924e-17c7e4e22aa3", "8c080d62-7d36-4f43-beed-500e580dde8e", "23b338e2-7f0c-4b26-94bd-67906f7bc7e3", "2d59cedb-eb47-4de5-ba53-1535c7df9af5", "aaac2a98-e318-46ad-bac6-22c0c0f48f4c", "c28b209a-7b01-4d29-9ae6-ed5d1451240f", "a962dbac-3974-487d-84b1-43206c0512b7", "e6906fd8-966b-4c92-a111-dc6b8ef3d2ce", "c4580777-cc9e-467c-84e6-d58ac237348e", "1bcf2885-2b6f-47fe-95e2-dd06d34f9608", "2264ceea-1a64-4683-9505-964d4f1b8e2e", "722c9c22-856e-41ee-b7ed-633d6d0601e1"]}}, {"model": "person.personname", "pk": 1, "fields": {"lang": "en", "confidence": "2", "object_ref": 1, "value": "Guillermo Moreno Serrano", "sources": ["eb51033a-1061-4945-83a5-1d2404e4603a", "ee763072-f9d8-4936-88d8-27c1ac1a0fb3", "1f67a52c-9b79-4681-bee1-b842331c9201", "e5e8e3f5-1acb-4f63-949d-1fc4df3f3540", "b45df6a7-0766-4a32-aec6-d5ddf5e94873", "b262a8bc-fd51-4c09-a149-0c595dbdaa3c", "ac30eaf4-a08d-4139-accf-0f64fb01177b", "f14ee79c-ca16-4415-834a-2586f8686998", "a5096031-fe5e-4daf-b05a-3938d2483015", "c0714acc-c1d4-42f8-b723-98faf7efef7e", "b4854f7e-d2a9-4601-8b6a-91549ac36ba4", "6cd4ef09-a762-4642-b63c-efb83c81182d", "2cfde78d-e9d3-4837-a255-35b305d7df03", "6ce017f1-ed7c-433e-8655-3cecdd3b3062", "f9982e15-cc24-4821-ad43-f723ba03b431", "ffd346bd-e72f-4a5c-8c65-6e8ae22b72bc", "e5e8e3f5-1acb-4f63-949d-1fc4df3f3540", "b45df6a7-0766-4a32-aec6-d5ddf5e94873", "b262a8bc-fd51-4c09-a149-0c595dbdaa3c", "ac30eaf4-a08d-4139-accf-0f64fb01177b", "ee763072-f9d8-4936-88d8-27c1ac1a0fb3", "1f67a52c-9b79-4681-bee1-b842331c9201", "f14ee79c-ca16-4415-834a-2586f8686998", "a5096031-fe5e-4daf-b05a-3938d2483015", "c0714acc-c1d4-42f8-b723-98faf7efef7e", "b4854f7e-d2a9-4601-8b6a-91549ac36ba4", "6cd4ef09-a762-4642-b63c-efb83c81182d", "2cfde78d-e9d3-4837-a255-35b305d7df03", "6ce017f1-ed7c-433e-8655-3cecdd3b3062", "f9982e15-cc24-4821-ad43-f723ba03b431", "ffd346bd-e72f-4a5c-8c65-6e8ae22b72bc", "eb51033a-1061-4945-83a5-1d2404e4603a", "3cd01e1c-27e4-418f-8301-e98631610771", "3cd01e1c-27e4-418f-8301-e98631610771"], "accesspoints": ["67a4865b-a959-4bc8-80fb-f22bf953435a", "ae3341fa-99a3-463d-8793-ac0996ae1b77", "f69b51a5-6c54-4c84-99c4-dfdfc6f7c759", "b58e4243-a9b8-45b2-8544-a23d54cc21e5", "586181f5-dc4d-49d2-99d8-03df898d4d1f", "1bbc346e-23e6-4d6b-924e-17c7e4e22aa3", "8c080d62-7d36-4f43-beed-500e580dde8e", "23b338e2-7f0c-4b26-94bd-67906f7bc7e3", "2d59cedb-eb47-4de5-ba53-1535c7df9af5", "aaac2a98-e318-46ad-bac6-22c0c0f48f4c", "c28b209a-7b01-4d29-9ae6-ed5d1451240f", "a962dbac-3974-487d-84b1-43206c0512b7", "e6906fd8-966b-4c92-a111-dc6b8ef3d2ce", "c4580777-cc9e-467c-84e6-d58ac237348e", "1bcf2885-2b6f-47fe-95e2-dd06d34f9608", "2264ceea-1a64-4683-9505-964d4f1b8e2e", "722c9c22-856e-41ee-b7ed-633d6d0601e1"]}}, {"model": "person.personalias", "pk": 601, "fields": {"lang": "en", "confidence": "1", "object_ref": 2, "value": "MM", "sources": ["a70671eb-03f5-4283-ba3e-806c5d4c919c", "dd425c6f-5921-4412-9667-75836e56745f"], "accesspoints": []}}, {"model": "person.persondivisionid", "pk": 2, "fields": {"lang": null, "confidence": "1", "object_ref": 2, "value": "ocd-division/country:ng", "sources": ["a70671eb-03f5-4283-ba3e-806c5d4c919c", "a70671eb-03f5-4283-ba3e-806c5d4c919c"], "accesspoints": ["af3b9d2d-3d43-4dc2-a5b3-f510599bef03"]}}, {"model": "person.personname", "pk": 2, "fields": {"lang": "en", "confidence": "1", "object_ref": 2, "value": "M.M Abu", "sources": ["a70671eb-03f5-4283-ba3e-806c5d4c919c", "dd425c6f-5921-4412-9667-75836e56745f"], "accesspoints": ["af3b9d2d-3d43-4dc2-a5b3-f510599bef03"]}}, {"model": "person.persondivisionid", "pk": 3, "fields": {"lang": null, "confidence": "1", "object_ref": 3, "value": "ocd-division/country:ng", "sources": ["1b03f757-cb3d-4298-a7b7-a9fcc372df17", "1b03f757-cb3d-4298-a7b7-a9fcc372df17"], "accesspoints": ["b25518c8-0fda-4f7f-a063-61a0ebc26a06"]}}, {"model": "person.personname", "pk": 3, "fields": {"lang": "en", "confidence": "1", "object_ref": 3, "value": "Nsikak Mende", "sources": ["1b03f757-cb3d-4298-a7b7-a9fcc372df17", "1b03f757-cb3d-4298-a7b7-a9fcc372df17"], "accesspoints": ["b25518c8-0fda-4f7f-a063-61a0ebc26a06"]}}, {"model": "person.persondivisionid", "pk": 4, "fields": {"lang": null, "confidence": "1", "object_ref": 4, "value": "ocd-division/country:ng", "sources": ["8d7c889d-1ad3-4239-aa8d-f07bd8753a7b", "8d7c889d-1ad3-4239-aa8d-f07bd8753a7b"], "accesspoints": ["befe2875-85d4-4625-9571-2bbda2253dc9"]}}, {"model": "person.personname", "pk": 4, "fields": {"lang": "en", "confidence": "1", "object_ref": 4, "value": "Saidu Balarabe", "sources": ["8d7c889d-1ad3-4239-aa8d-f07bd8753a7b", "8d7c889d-1ad3-4239-aa8d-f07bd8753a7b"], "accesspoints": ["befe2875-85d4-4625-9571-2bbda2253dc9"]}}, {"model": "person.personalias", "pk": 2, "fields": {"lang": "en", "confidence": "2", "object_ref": 5, "value": "Sunday Jimo", "sources": ["fad436ad-79f2-4b5f-9c73-1c10e7bc47bb", "db1ec2d0-9a73-410f-9ac5-3c0abe2d5cda", "fee0e960-0af0-4ad8-96fc-5d4a59803670", "db1ec2d0-9a73-410f-9ac5-3c0abe2d5cda", "fad436ad-79f2-4b5f-9c73-1c10e7bc47bb", "fee0e960-0af0-4ad8-96fc-5d4a59803670"], "accesspoints": ["34d7ccb6-b1d9-429a-b39f-5df22b6481b3", "67184edd-7305-44ee-8671-0444bb4deb4d", "9f1f2a9e-c96d-4d4c-a534-d43b73175ab4"]}}, {"model": "person.personalias", "pk": 1, "fields": {"lang": "en", "confidence": "2", "object_ref": 5, "value": "Sunday Ilori", "sources": ["fad436ad-79f2-4b5f-9c73-1c10e7bc47bb", "db1ec2d0-9a73-410f-9ac5-3c0abe2d5cda", "fee0e960-0af0-4ad8-96fc-5d4a59803670", "db1ec2d0-9a73-410f-9ac5-3c0abe2d5cda", "fad436ad-79f2-4b5f-9c73-1c10e7bc47bb", "fee0e960-0af0-4ad8-96fc-5d4a59803670"], "accesspoints": ["34d7ccb6-b1d9-429a-b39f-5df22b6481b3", "67184edd-7305-44ee-8671-0444bb4deb4d", "9f1f2a9e-c96d-4d4c-a534-d43b73175ab4"]}}, {"model": "person.persondivisionid", "pk": 5, "fields": {"lang": null, "confidence": "2", "object_ref": 5, "value": "ocd-division/country:ng", "sources": ["fad436ad-79f2-4b5f-9c73-1c10e7bc47bb", "fee0e960-0af0-4ad8-96fc-5d4a59803670", "fad436ad-79f2-4b5f-9c73-1c10e7bc47bb", "fee0e960-0af0-4ad8-96fc-5d4a59803670"], "accesspoints": ["34d7ccb6-b1d9-429a-b39f-5df22b6481b3", "9f1f2a9e-c96d-4d4c-a534-d43b73175ab4"]}}, {"model": "person.personname", "pk": 5, "fields": {"lang": "en", "confidence": "2", "object_ref": 5, "value": "Sunday Jimmi Ayorinde Ilori", "sources": ["fad436ad-79f2-4b5f-9c73-1c10e7bc47bb", "fee0e960-0af0-4ad8-96fc-5d4a59803670", "fad436ad-79f2-4b5f-9c73-1c10e7bc47bb", "fee0e960-0af0-4ad8-96fc-5d4a59803670"], "accesspoints": ["34d7ccb6-b1d9-429a-b39f-5df22b6481b3", "9f1f2a9e-c96d-4d4c-a534-d43b73175ab4"]}}, {"model": "person.persondivisionid", "pk": 6, "fields": {"lang": null, "confidence": "1", "object_ref": 6, "value": "ocd-division/country:ng", "sources": ["dff20ce8-b405-4179-8848-5dd41d7c618d", "dff20ce8-b405-4179-8848-5dd41d7c618d", "c735a897-24b7-4e10-9ba1-fc8f94db1a0e", "c735a897-24b7-4e10-9ba1-fc8f94db1a0e"], "accesspoints": ["3e2790a6-e5ec-4df1-b711-c71c38f3d2e0", "3e977b2b-048c-4eff-b6fa-b3c027b81191"]}}, {"model": "person.personname", "pk": 6, "fields": {"lang": "en", "confidence": "1", "object_ref": 6, "value": "Adamu Aliyu", "sources": ["dff20ce8-b405-4179-8848-5dd41d7c618d", "c735a897-24b7-4e10-9ba1-fc8f94db1a0e", "dff20ce8-b405-4179-8848-5dd41d7c618d", "c735a897-24b7-4e10-9ba1-fc8f94db1a0e"], "accesspoints": ["3e2790a6-e5ec-4df1-b711-c71c38f3d2e0", "3e977b2b-048c-4eff-b6fa-b3c027b81191"]}}, {"model": "person.persondivisionid", "pk": 7, "fields": {"lang": null, "confidence": "2", "object_ref": 7, "value": "ocd-division/country:mx", "sources": ["eb51033a-1061-4945-83a5-1d2404e4603a", "1f67a52c-9b79-4681-bee1-b842331c9201", "f14ee79c-ca16-4415-834a-2586f8686998", "a5096031-fe5e-4daf-b05a-3938d2483015", "c0714acc-c1d4-42f8-b723-98faf7efef7e", "b4854f7e-d2a9-4601-8b6a-91549ac36ba4", "6cd4ef09-a762-4642-b63c-efb83c81182d", "2cfde78d-e9d3-4837-a255-35b305d7df03", "6ce017f1-ed7c-433e-8655-3cecdd3b3062", "f9982e15-cc24-4821-ad43-f723ba03b431", "5fe5ca1f-f6b9-4b18-baee-f86d65f180dd", "70f0478d-f9f3-4e4a-9d9c-19b25ca97bc5", "bdcc30cb-169a-4714-b4b0-6e969404be54", "4c7497f7-ea19-4b63-aa60-eedb9d1ff4fb", "5fe5ca1f-f6b9-4b18-baee-f86d65f180dd", "70f0478d-f9f3-4e4a-9d9c-19b25ca97bc5", "bdcc30cb-169a-4714-b4b0-6e969404be54", "4c7497f7-ea19-4b63-aa60-eedb9d1ff4fb", "1f67a52c-9b79-4681-bee1-b842331c9201", "f14ee79c-ca16-4415-834a-2586f8686998", "a5096031-fe5e-4daf-b05a-3938d2483015", "c0714acc-c1d4-42f8-b723-98faf7efef7e", "b4854f7e-d2a9-4601-8b6a-91549ac36ba4", "6cd4ef09-a762-4642-b63c-efb83c81182d", "2cfde78d-e9d3-4837-a255-35b305d7df03", "6ce017f1-ed7c-433e-8655-3cecdd3b3062", "f9982e15-cc24-4821-ad43-f723ba03b431", "eb51033a-1061-4945-83a5-1d2404e4603a"], "accesspoints": ["67a4865b-a959-4bc8-80fb-f22bf953435a", "f69b51a5-6c54-4c84-99c4-dfdfc6f7c759", "23b338e2-7f0c-4b26-94bd-67906f7bc7e3", "2d59cedb-eb47-4de5-ba53-1535c7df9af5", "aaac2a98-e318-46ad-bac6-22c0c0f48f4c", "c28b209a-7b01-4d29-9ae6-ed5d1451240f", "a962dbac-3974-487d-84b1-43206c0512b7", "e6906fd8-966b-4c92-a111-dc6b8ef3d2ce", "c4580777-cc9e-467c-84e6-d58ac237348e", "1bcf2885-2b6f-47fe-95e2-dd06d34f9608", "a640e1bd-c4e9-4386-8a60-7eb1499950e9", "ce408298-ddeb-4d35-8f5f-e5f06d32bb44", "d00cafe1-20df-47b2-a6a2-0e17a4368e33", "77a0bfba-fc38-4961-9227-132c2825a44f"]}}, {"model": "person.personname", "pk": 7, "fields": {"lang": "en", "confidence": "2", "object_ref": 7, "value": "Marco Armando Islas Garc\u00eda", "sources": ["eb51033a-1061-4945-83a5-1d2404e4603a", "1f67a52c-9b79-4681-bee1-b842331c9201", "f14ee79c-ca16-4415-834a-2586f8686998", "a5096031-fe5e-4daf-b05a-3938d2483015", "c0714acc-c1d4-42f8-b723-98faf7efef7e", "b4854f7e-d2a9-4601-8b6a-91549ac36ba4", "6cd4ef09-a762-4642-b63c-efb83c81182d", "2cfde78d-e9d3-4837-a255-35b305d7df03", "6ce017f1-ed7c-433e-8655-3cecdd3b3062", "f9982e15-cc24-4821-ad43-f723ba03b431", "5fe5ca1f-f6b9-4b18-baee-f86d65f180dd", "70f0478d-f9f3-4e4a-9d9c-19b25ca97bc5", "bdcc30cb-169a-4714-b4b0-6e969404be54", "4c7497f7-ea19-4b63-aa60-eedb9d1ff4fb", "5fe5ca1f-f6b9-4b18-baee-f86d65f180dd", "70f0478d-f9f3-4e4a-9d9c-19b25ca97bc5", "bdcc30cb-169a-4714-b4b0-6e969404be54", "4c7497f7-ea19-4b63-aa60-eedb9d1ff4fb", "1f67a52c-9b79-4681-bee1-b842331c9201", "f14ee79c-ca16-4415-834a-2586f8686998", "a5096031-fe5e-4daf-b05a-3938d2483015", "c0714acc-c1d4-42f8-b723-98faf7efef7e", "b4854f7e-d2a9-4601-8b6a-91549ac36ba4", "6cd4ef09-a762-4642-b63c-efb83c81182d", "2cfde78d-e9d3-4837-a255-35b305d7df03", "6ce017f1-ed7c-433e-8655-3cecdd3b3062", "f9982e15-cc24-4821-ad43-f723ba03b431", "eb51033a-1061-4945-83a5-1d2404e4603a"], "accesspoints": ["67a4865b-a959-4bc8-80fb-f22bf953435a", "f69b51a5-6c54-4c84-99c4-dfdfc6f7c759", "23b338e2-7f0c-4b26-94bd-67906f7bc7e3", "2d59cedb-eb47-4de5-ba53-1535c7df9af5", "aaac2a98-e318-46ad-bac6-22c0c0f48f4c", "c28b209a-7b01-4d29-9ae6-ed5d1451240f", "a962dbac-3974-487d-84b1-43206c0512b7", "e6906fd8-966b-4c92-a111-dc6b8ef3d2ce", "c4580777-cc9e-467c-84e6-d58ac237348e", "1bcf2885-2b6f-47fe-95e2-dd06d34f9608", "a640e1bd-c4e9-4386-8a60-7eb1499950e9", "ce408298-ddeb-4d35-8f5f-e5f06d32bb44", "d00cafe1-20df-47b2-a6a2-0e17a4368e33", "77a0bfba-fc38-4961-9227-132c2825a44f"]}}, {"model": "person.persondivisionid", "pk": 8, "fields": {"lang": null, "confidence": "1", "object_ref": 8, "value": "ocd-division/country:ng", "sources": ["f5f3c94b-28c5-48aa-9f9b-d3f78ca9d596", "f5f3c94b-28c5-48aa-9f9b-d3f78ca9d596"], "accesspoints": ["2e212e6e-46fd-4c57-9fc8-c49832fa9591"]}}, {"model": "person.personname", "pk": 8, "fields": {"lang": "en", "confidence": "1", "object_ref": 8, "value": "Bright Ateke Fiboinumama", "sources": ["f5f3c94b-28c5-48aa-9f9b-d3f78ca9d596", "f5f3c94b-28c5-48aa-9f9b-d3f78ca9d596"], "accesspoints": ["2e212e6e-46fd-4c57-9fc8-c49832fa9591"]}}, {"model": "person.persondivisionid", "pk": 9, "fields": {"lang": null, "confidence": "1", "object_ref": 9, "value": "ocd-division/country:ng", "sources": ["eafd524b-a8eb-4acf-be8d-86c4ec49c56f", "eafd524b-a8eb-4acf-be8d-86c4ec49c56f"], "accesspoints": ["bb22c869-552a-4e5e-b7b3-509803804b1a"]}}, {"model": "person.personname", "pk": 9, "fields": {"lang": "en", "confidence": "1", "object_ref": 9, "value": "Umar Jafaru Uwuigbe", "sources": ["eafd524b-a8eb-4acf-be8d-86c4ec49c56f", "eafd524b-a8eb-4acf-be8d-86c4ec49c56f"], "accesspoints": ["bb22c869-552a-4e5e-b7b3-509803804b1a"]}}, {"model": "person.persondivisionid", "pk": 10, "fields": {"lang": null, "confidence": "1", "object_ref": 10, "value": "ocd-division/country:ng", "sources": ["f3b4b71f-4980-4181-b88b-f5fbe1ca07d0", "3bec61e2-9f1e-4ac7-8785-9466638c87e8", "f3b4b71f-4980-4181-b88b-f5fbe1ca07d0", "3bec61e2-9f1e-4ac7-8785-9466638c87e8"], "accesspoints": ["59add8e0-91ce-415a-ae94-5c768c8e2e23", "4c6f48ad-cae7-40f9-9184-c1e16749f2d6"]}}, {"model": "person.personname", "pk": 10, "fields": {"lang": "en", "confidence": "1", "object_ref": 10, "value": "Williams Obene", "sources": ["f3b4b71f-4980-4181-b88b-f5fbe1ca07d0", "3bec61e2-9f1e-4ac7-8785-9466638c87e8", "f3b4b71f-4980-4181-b88b-f5fbe1ca07d0", "3bec61e2-9f1e-4ac7-8785-9466638c87e8"], "accesspoints": ["59add8e0-91ce-415a-ae94-5c768c8e2e23", "4c6f48ad-cae7-40f9-9184-c1e16749f2d6"]}}, {"model": "source.source", "pk": "eb51033a-1061-4945-83a5-1d2404e4603a", "fields": {"title": "\"Se informa a la opini\u00f3n p\u00fablica sobre la designaci\u00f3n de diferentes Mandos Territoriales\"", "publication": "Secretar\u00eda de la Defensa Nacional", "publication_country": "Mexico", "published_on": "2008-08-08", "source_url": "http://www.sedena.gob.mx/pdf/comunicados/2008/2008151.pdf", "date_updated": "2017-10-28T01:32:58.314Z", "date_added": "2017-10-28T01:32:58.314Z", "user": 1}}, {"model": "source.source", "pk": "ee763072-f9d8-4936-88d8-27c1ac1a0fb3", "fields": {"title": "Ej\u00e9rcito Mexicano \u2013 Regiones y Zonas Militares", "publication": "Secretar\u00eda de la Defensa Nacional", "publication_country": "Mexico", "published_on": "2007-05-13", "source_url": "http://sedena.gob.mx/index.php?id_art=629", "date_updated": "2017-10-28T03:14:59.402Z", "date_added": "2017-10-28T03:14:59.402Z", "user": 1}}, {"model": "source.source", "pk": "1f67a52c-9b79-4681-bee1-b842331c9201", "fields": {"title": "Ej\u00e9rcito Mexicano \u2013 Regiones y Zonas Militares", "publication": "Secretar\u00eda de la Defensa Nacional", "publication_country": "Mexico", "published_on": "2009-01-07", "source_url": "http://sedena.gob.mx/index.php?id_art=629", "date_updated": "2017-10-28T03:14:59.410Z", "date_added": "2017-10-28T03:14:59.410Z", "user": 1}}, {"model": "source.source", "pk": "e5e8e3f5-1acb-4f63-949d-1fc4df3f3540", "fields": {"title": "Ej\u00e9rcito Mexicano \u2013 Zonas Militares", "publication": "Secretar\u00eda de la Defensa Nacional", "publication_country": "Mexico", "published_on": "2006-08-21", "source_url": "http://www.sedena.gob.mx/ejercito/comandancias/zon_mil.htm", "date_updated": "2017-10-28T03:14:59.364Z", "date_added": "2017-10-28T03:14:59.364Z", "user": 1}}, {"model": "source.source", "pk": "b45df6a7-0766-4a32-aec6-d5ddf5e94873", "fields": {"title": "Ej\u00e9rcito Mexicano \u2013 Zonas Militares", "publication": "Secretar\u00eda de la Defensa Nacional", "publication_country": "Mexico", "published_on": "2006-12-23", "source_url": "http://www.sedena.gob.mx/ejercito/comandancias/zon_mil.htm", "date_updated": "2017-10-28T03:14:59.371Z", "date_added": "2017-10-28T03:14:59.371Z", "user": 1}}, {"model": "source.source", "pk": "b262a8bc-fd51-4c09-a149-0c595dbdaa3c", "fields": {"title": "Ej\u00e9rcito Mexicano \u2013 Zonas Militares", "publication": "Secretar\u00eda de la Defensa Nacional", "publication_country": "Mexico", "published_on": "2007-01-06", "source_url": "http://www.sedena.gob.mx/ejercito/comandancias/zon_mil.htm", "date_updated": "2017-10-28T03:14:59.379Z", "date_added": "2017-10-28T03:14:59.379Z", "user": 1}}, {"model": "source.source", "pk": "ac30eaf4-a08d-4139-accf-0f64fb01177b", "fields": {"title": "Ej\u00e9rcito Mexicano \u2013 Zonas Militares", "publication": "Secretar\u00eda de la Defensa Nacional", "publication_country": "Mexico", "published_on": "2007-01-26", "source_url": "http://www.sedena.gob.mx/ejercito/comandancias/zon_mil.htm", "date_updated": "2017-10-28T03:14:59.387Z", "date_added": "2017-10-28T03:14:59.387Z", "user": 1}}, {"model": "source.source", "pk": "f14ee79c-ca16-4415-834a-2586f8686998", "fields": {"title": "Ej\u00e9rcito Mexicano \u2013 Regiones y Zonas Militares", "publication": "Secretar\u00eda de la Defensa Nacional", "publication_country": "Mexico", "published_on": "2009-01-07", "source_url": "http://sedena.gob.mx/index.php?id_art=629", "date_updated": "2017-10-28T03:14:59.423Z", "date_added": "2017-10-28T03:14:59.423Z", "user": 1}}, {"model": "source.source", "pk": "a5096031-fe5e-4daf-b05a-3938d2483015", "fields": {"title": "Ej\u00e9rcito Mexicano \u2013 Regiones y Zonas Militares", "publication": "Secretar\u00eda de la Defensa Nacional", "publication_country": "Mexico", "published_on": "2009-01-07", "source_url": "http://sedena.gob.mx/index.php?id_art=629", "date_updated": "2017-10-28T03:14:59.430Z", "date_added": "2017-10-28T03:14:59.430Z", "user": 1}}, {"model": "source.source", "pk": "c0714acc-c1d4-42f8-b723-98faf7efef7e", "fields": {"title": "Ej\u00e9rcito Mexicano \u2013 Regiones y Zonas Militares", "publication": "Secretar\u00eda de la Defensa Nacional", "publication_country": "Mexico", "published_on": "2009-01-07", "source_url": "http://sedena.gob.mx/index.php?id_art=629", "date_updated": "2017-10-28T03:14:59.438Z", "date_added": "2017-10-28T03:14:59.438Z", "user": 1}}, {"model": "source.source", "pk": "b4854f7e-d2a9-4601-8b6a-91549ac36ba4", "fields": {"title": "Ej\u00e9rcito Mexicano \u2013 Regiones y Zonas Militares", "publication": "Secretar\u00eda de la Defensa Nacional", "publication_country": "Mexico", "published_on": "2009-01-07", "source_url": "http://sedena.gob.mx/index.php?id_art=629", "date_updated": "2017-10-28T03:14:59.445Z", "date_added": "2017-10-28T03:14:59.445Z", "user": 1}}, {"model": "source.source", "pk": "6cd4ef09-a762-4642-b63c-efb83c81182d", "fields": {"title": "Ej\u00e9rcito Mexicano \u2013 Regiones y Zonas Militares", "publication": "Secretar\u00eda de la Defensa Nacional", "publication_country": "Mexico", "published_on": "2009-01-07", "source_url": "http://sedena.gob.mx/index.php?id_art=629", "date_updated": "2017-10-28T03:14:59.453Z", "date_added": "2017-10-28T03:14:59.453Z", "user": 1}}, {"model": "source.source", "pk": "2cfde78d-e9d3-4837-a255-35b305d7df03", "fields": {"title": "Ej\u00e9rcito Mexicano \u2013 Regiones y Zonas Militares", "publication": "Secretar\u00eda de la Defensa Nacional", "publication_country": "Mexico", "published_on": "2009-10-30", "source_url": "http://sedena.gob.mx/index.php?id_art=629", "date_updated": "2017-10-28T03:14:59.460Z", "date_added": "2017-10-28T03:14:59.460Z", "user": 1}}, {"model": "source.source", "pk": "6ce017f1-ed7c-433e-8655-3cecdd3b3062", "fields": {"title": "Ej\u00e9rcito Mexicano \u2013 Regiones y Zonas Militares", "publication": "Secretar\u00eda de la Defensa Nacional", "publication_country": "Mexico", "published_on": "2010-01-18", "source_url": "http://sedena.gob.mx/index.php?id_art=629", "date_updated": "2017-10-28T03:14:59.468Z", "date_added": "2017-10-28T03:14:59.468Z", "user": 1}}, {"model": "source.source", "pk": "f9982e15-cc24-4821-ad43-f723ba03b431", "fields": {"title": "Ej\u00e9rcito Mexicano \u2013 Regiones y Zonas Militares", "publication": "Secretar\u00eda de la Defensa Nacional", "publication_country": "Mexico", "published_on": "2010-02-04", "source_url": "http://sedena.gob.mx/index.php?id_art=629", "date_updated": "2017-10-28T03:14:59.475Z", "date_added": "2017-10-28T03:14:59.475Z", "user": 1}}, {"model": "source.source", "pk": "ffd346bd-e72f-4a5c-8c65-6e8ae22b72bc", "fields": {"title": "Ej\u00e9rcito Mexicano \u2013 Regiones y Zonas Militares", "publication": "Secretar\u00eda de la Defensa Nacional", "publication_country": "Mexico", "published_on": "2012-10-10", "source_url": "http://sedena.gob.mx/index.php/conoce-la-sedena/funcionarios-y-comandantes/funcionarios-ejercito-mexicano/656-regiones-y-zonas-militares-del-ejercito?device=desktop", "date_updated": "2017-10-28T03:14:59.483Z", "date_added": "2017-10-28T03:14:59.483Z", "user": 1}}, {"model": "source.source", "pk": "3cd01e1c-27e4-418f-8301-e98631610771", "fields": {"title": "\u201cFallece contralor del Ej\u00e9rcito y Fuerza A\u00e9rea\u201d", "publication": "Milenio", "publication_country": "Mexico", "published_on": "2013-10-22", "source_url": "http://www.milenio.com/policia/Fallece-contralor-Ejercito-Fuerza-Aerea_0_176382509.html", "date_updated": "2018-01-26T11:59:16.503Z", "date_added": "2018-01-26T11:59:16.503Z", "user": 1}}, {"model": "source.accesspoint", "pk": "67a4865b-a959-4bc8-80fb-f22bf953435a", "fields": {"page_number": null, "accessed_on": null, "archive_url": "https://web.archive.org/web/20110804050351/http://www.sedena.gob.mx/pdf/comunicados/2008/2008151.pdf", "source": "eb51033a-1061-4945-83a5-1d2404e4603a", "user": 1}}, {"model": "source.accesspoint", "pk": "ae3341fa-99a3-463d-8793-ac0996ae1b77", "fields": {"page_number": null, "accessed_on": null, "archive_url": "https://web.archive.org/web/20070513123114/http://sedena.gob.mx/index.php?id_art=629", "source": "ee763072-f9d8-4936-88d8-27c1ac1a0fb3", "user": 1}}, {"model": "source.accesspoint", "pk": "f69b51a5-6c54-4c84-99c4-dfdfc6f7c759", "fields": {"page_number": null, "accessed_on": null, "archive_url": "https://web.archive.org/web/20090331093032/http://sedena.gob.mx/index.php?id_art=629", "source": "1f67a52c-9b79-4681-bee1-b842331c9201", "user": 1}}, {"model": "source.accesspoint", "pk": "b58e4243-a9b8-45b2-8544-a23d54cc21e5", "fields": {"page_number": null, "accessed_on": null, "archive_url": "https://web.archive.org/web/20060821201706/http://www.sedena.gob.mx/ejercito/comandancias/zon_mil.htm", "source": "e5e8e3f5-1acb-4f63-949d-1fc4df3f3540", "user": 1}}, {"model": "source.accesspoint", "pk": "586181f5-dc4d-49d2-99d8-03df898d4d1f", "fields": {"page_number": null, "accessed_on": null, "archive_url": "https://web.archive.org/web/20061223041924/http://www.sedena.gob.mx/ejercito/comandancias/zon_mil.htm", "source": "b45df6a7-0766-4a32-aec6-d5ddf5e94873", "user": 1}}, {"model": "source.accesspoint", "pk": "1bbc346e-23e6-4d6b-924e-17c7e4e22aa3", "fields": {"page_number": null, "accessed_on": null, "archive_url": "https://web.archive.org/web/20070106004418/http://www.sedena.gob.mx/ejercito/comandancias/zon_mil.htm", "source": "b262a8bc-fd51-4c09-a149-0c595dbdaa3c", "user": 1}}, {"model": "source.accesspoint", "pk": "8c080d62-7d36-4f43-beed-500e580dde8e", "fields": {"page_number": null, "accessed_on": null, "archive_url": "https://web.archive.org/web/20070126042216/http://www.sedena.gob.mx/ejercito/comandancias/zon_mil.htm", "source": "ac30eaf4-a08d-4139-accf-0f64fb01177b", "user": 1}}, {"model": "source.accesspoint", "pk": "23b338e2-7f0c-4b26-94bd-67906f7bc7e3", "fields": {"page_number": null, "accessed_on": null, "archive_url": "https://web.archive.org/web/20090501205526/http://sedena.gob.mx/index.php?id_art=629", "source": "f14ee79c-ca16-4415-834a-2586f8686998", "user": 1}}, {"model": "source.accesspoint", "pk": "2d59cedb-eb47-4de5-ba53-1535c7df9af5", "fields": {"page_number": null, "accessed_on": null, "archive_url": "https://web.archive.org/web/20090620012741/http://sedena.gob.mx/index.php?id_art=629", "source": "a5096031-fe5e-4daf-b05a-3938d2483015", "user": 1}}, {"model": "source.accesspoint", "pk": "aaac2a98-e318-46ad-bac6-22c0c0f48f4c", "fields": {"page_number": null, "accessed_on": null, "archive_url": "https://web.archive.org/web/20090726031256/http://sedena.gob.mx/index.php?id_art=629", "source": "c0714acc-c1d4-42f8-b723-98faf7efef7e", "user": 1}}, {"model": "source.accesspoint", "pk": "c28b209a-7b01-4d29-9ae6-ed5d1451240f", "fields": {"page_number": null, "accessed_on": null, "archive_url": "https://web.archive.org/web/20090826014933/http://sedena.gob.mx/index.php?id_art=629", "source": "b4854f7e-d2a9-4601-8b6a-91549ac36ba4", "user": 1}}, {"model": "source.accesspoint", "pk": "a962dbac-3974-487d-84b1-43206c0512b7", "fields": {"page_number": null, "accessed_on": null, "archive_url": "https://web.archive.org/web/20090920004138/http://sedena.gob.mx/index.php?id_art=629", "source": "6cd4ef09-a762-4642-b63c-efb83c81182d", "user": 1}}, {"model": "source.accesspoint", "pk": "e6906fd8-966b-4c92-a111-dc6b8ef3d2ce", "fields": {"page_number": null, "accessed_on": null, "archive_url": "https://web.archive.org/web/20091220015824/http://sedena.gob.mx/index.php?id_art=629", "source": "2cfde78d-e9d3-4837-a255-35b305d7df03", "user": 1}}, {"model": "source.accesspoint", "pk": "c4580777-cc9e-467c-84e6-d58ac237348e", "fields": {"page_number": null, "accessed_on": null, "archive_url": "https://web.archive.org/web/20100119024914/http://sedena.gob.mx/index.php?id_art=629", "source": "6ce017f1-ed7c-433e-8655-3cecdd3b3062", "user": 1}}, {"model": "source.accesspoint", "pk": "1bcf2885-2b6f-47fe-95e2-dd06d34f9608", "fields": {"page_number": null, "accessed_on": null, "archive_url": "https://web.archive.org/web/20100219211753/http://sedena.gob.mx/index.php?id_art=629", "source": "f9982e15-cc24-4821-ad43-f723ba03b431", "user": 1}}, {"model": "source.accesspoint", "pk": "2264ceea-1a64-4683-9505-964d4f1b8e2e", "fields": {"page_number": null, "accessed_on": null, "archive_url": "https://web.archive.org/web/20121010010522/http://sedena.gob.mx/index.php/conoce-la-sedena/funcionarios-y-comandantes/funcionarios-ejercito-mexicano/656-regiones-y-zonas-militares-del-ejercito?device=desktop", "source": "ffd346bd-e72f-4a5c-8c65-6e8ae22b72bc", "user": 1}}, {"model": "source.accesspoint", "pk": "722c9c22-856e-41ee-b7ed-633d6d0601e1", "fields": {"page_number": null, "accessed_on": null, "archive_url": "https://web.archive.org/web/20171129181359/http://www.milenio.com/policia/Fallece-contralor-Ejercito-Fuerza-Aerea_0_176382509.html", "source": "3cd01e1c-27e4-418f-8301-e98631610771", "user": 1}}, {"model": "source.source", "pk": "a70671eb-03f5-4283-ba3e-806c5d4c919c", "fields": {"title": "Soldiers teach Kebbi corps members how to use guns", "publication": "The Punch", "publication_country": "Nigeria", "published_on": "2015-03-21", "source_url": "http://www.punchng.com/feature/election-soldiers-teach-kebbi-corps-members-how-to-use-guns/", "date_updated": "2017-10-28T02:51:58.314Z", "date_added": "2017-10-28T02:51:58.314Z", "user": 1}}, {"model": "source.source", "pk": "dd425c6f-5921-4412-9667-75836e56745f", "fields": {"title": "Name Standardized", "publication": null, "publication_country": null, "published_on": "1900-01-01", "source_url": null, "date_updated": "2018-01-26T11:34:03.943Z", "date_added": "2018-01-26T11:34:03.943Z", "user": 1}}, {"model": "source.accesspoint", "pk": "af3b9d2d-3d43-4dc2-a5b3-f510599bef03", "fields": {"page_number": null, "accessed_on": null, "archive_url": "https://web.archive.org/web/20150422060240/http://www.punchng.com/feature/election-soldiers-teach-kebbi-corps-members-how-to-use-guns/", "source": "a70671eb-03f5-4283-ba3e-806c5d4c919c", "user": 1}}, {"model": "source.source", "pk": "1b03f757-cb3d-4298-a7b7-a9fcc372df17", "fields": {"title": "Army Chief Advices Trainees On Prudent Investment", "publication": "Leadership.", "publication_country": null, "published_on": "2013-01-25", "source_url": "http://allafrica.com/stories/201301280221.html", "date_updated": "2017-10-28T03:15:00.347Z", "date_added": "2017-10-28T03:15:00.347Z", "user": 1}}, {"model": "source.accesspoint", "pk": "b25518c8-0fda-4f7f-a063-61a0ebc26a06", "fields": {"page_number": null, "accessed_on": null, "archive_url": null, "source": "1b03f757-cb3d-4298-a7b7-a9fcc372df17", "user": 1}}, {"model": "source.source", "pk": "8d7c889d-1ad3-4239-aa8d-f07bd8753a7b", "fields": {"title": "Balarabe Commends Kebbi Govt", "publication": "Daily Independent", "publication_country": "Nigeria", "published_on": "2011-02-16", "source_url": "http://allafrica.com/stories/201102170741.html", "date_updated": "2017-10-28T03:15:00.517Z", "date_added": "2017-10-28T03:15:00.517Z", "user": 1}}, {"model": "source.accesspoint", "pk": "befe2875-85d4-4625-9571-2bbda2253dc9", "fields": {"page_number": null, "accessed_on": null, "archive_url": null, "source": "8d7c889d-1ad3-4239-aa8d-f07bd8753a7b", "user": 1}}, {"model": "source.source", "pk": "fad436ad-79f2-4b5f-9c73-1c10e7bc47bb", "fields": {"title": "How Security Personnel Foiled Supply of Weapons to Insurgents in Kebbi", "publication": "Leadership", "publication_country": "Nigeria", "published_on": "2013-07-21", "source_url": "http://leadership.ng/news/330992/how-security-personnel-foiled-supply-weapons-insurgents-kebbi", "date_updated": "2017-10-28T02:51:58.192Z", "date_added": "2017-10-28T02:51:58.192Z", "user": 1}}, {"model": "source.source", "pk": "db1ec2d0-9a73-410f-9ac5-3c0abe2d5cda", "fields": {"title": "Army, SSS Intercept Tanker With Arms, Ammunition", "publication": "Leadership", "publication_country": "Nigeria", "published_on": "2013-07-14", "source_url": "http://leadership.ng/news/331559/army-sss-intercept-tanker-arms-ammunition", "date_updated": "2017-10-28T02:51:58.200Z", "date_added": "2017-10-28T02:51:58.200Z", "user": 1}}, {"model": "source.source", "pk": "fee0e960-0af0-4ad8-96fc-5d4a59803670", "fields": {"title": "Army intercepts arms-loaded petrol tanker vehicle in Kebbi", "publication": "News Agency of Nigeria.", "publication_country": null, "published_on": "2013-07-13", "source_url": "http://www.nanngronline.com/section/defencesecurity/army-intercepts-arms-loaded-petrol-tanker-vehicle-in-kebbi", "date_updated": "2017-10-28T03:15:00.707Z", "date_added": "2017-10-28T03:15:00.707Z", "user": 1}}, {"model": "source.accesspoint", "pk": "34d7ccb6-b1d9-429a-b39f-5df22b6481b3", "fields": {"page_number": null, "accessed_on": null, "archive_url": "https://web.archive.org/web/20150620232729/http://leadership.ng/news/330992/how-security-personnel-foiled-supply-weapons-insurgents-kebbi", "source": "fad436ad-79f2-4b5f-9c73-1c10e7bc47bb", "user": 1}}, {"model": "source.accesspoint", "pk": "67184edd-7305-44ee-8671-0444bb4deb4d", "fields": {"page_number": null, "accessed_on": null, "archive_url": "https://web.archive.org/web/20150620233334/http://leadership.ng/news/331559/army-sss-intercept-tanker-arms-ammunition", "source": "db1ec2d0-9a73-410f-9ac5-3c0abe2d5cda", "user": 1}}, {"model": "source.accesspoint", "pk": "9f1f2a9e-c96d-4d4c-a534-d43b73175ab4", "fields": {"page_number": null, "accessed_on": null, "archive_url": null, "source": "fee0e960-0af0-4ad8-96fc-5d4a59803670", "user": 1}}, {"model": "source.source", "pk": "dff20ce8-b405-4179-8848-5dd41d7c618d", "fields": {"title": "Kebbi gov", "publication": "donates cash to slain soldiers\u2019 wives. The", "publication_country": null, "published_on": "2017-10-22", "source_url": "http://sunnewsonline.com/kebbi-gov-donates-cash-to-slain-soldiers-wives/", "date_updated": "2017-10-28T02:51:58.242Z", "date_added": "2017-10-28T02:51:58.242Z", "user": 1}}, {"model": "source.source", "pk": "c735a897-24b7-4e10-9ba1-fc8f94db1a0e", "fields": {"title": "Kebbi gov", "publication": "donates cash to slain soldiers\u2019 wives. The", "publication_country": null, "published_on": "2018-01-21", "source_url": "http://sunnewsonline.com/kebbi-gov-donates-cash-to-slain-soldiers-wives/", "date_updated": "2018-01-26T09:37:42.117Z", "date_added": "2018-01-26T09:37:42.117Z", "user": 1}}, {"model": "source.accesspoint", "pk": "3e2790a6-e5ec-4df1-b711-c71c38f3d2e0", "fields": {"page_number": null, "accessed_on": null, "archive_url": "https://web.archive.org/web/20170831171939/http://sunnewsonline.com/kebbi-gov-donates-cash-to-slain-soldiers-wives/", "source": "dff20ce8-b405-4179-8848-5dd41d7c618d", "user": 1}}, {"model": "source.accesspoint", "pk": "3e977b2b-048c-4eff-b6fa-b3c027b81191", "fields": {"page_number": null, "accessed_on": null, "archive_url": "https://web.archive.org/web/20170831171939/http://sunnewsonline.com/kebbi-gov-donates-cash-to-slain-soldiers-wives/", "source": "c735a897-24b7-4e10-9ba1-fc8f94db1a0e", "user": 1}}, {"model": "source.source", "pk": "5fe5ca1f-f6b9-4b18-baee-f86d65f180dd", "fields": {"title": "Ej\u00e9rcito Mexicano \u2013 Regiones y Zonas Militares", "publication": "Secretar\u00eda de la Defensa Nacional", "publication_country": "Mexico", "published_on": "2008-09-12", "source_url": "http://sedena.gob.mx/index.php?id_art=629", "date_updated": "2017-10-28T03:15:01.175Z", "date_added": "2017-10-28T03:15:01.175Z", "user": 1}}, {"model": "source.source", "pk": "70f0478d-f9f3-4e4a-9d9c-19b25ca97bc5", "fields": {"title": "Ej\u00e9rcito Mexicano \u2013 Regiones y Zonas Militares", "publication": "Secretar\u00eda de la Defensa Nacional", "publication_country": "Mexico", "published_on": "2008-09-14", "source_url": "http://sedena.gob.mx/index.php?id_art=629", "date_updated": "2017-10-28T03:15:01.184Z", "date_added": "2017-10-28T03:15:01.184Z", "user": 1}}, {"model": "source.source", "pk": "bdcc30cb-169a-4714-b4b0-6e969404be54", "fields": {"title": "Ej\u00e9rcito Mexicano \u2013 Regiones y Zonas Militares", "publication": "Secretar\u00eda de la Defensa Nacional", "publication_country": "Mexico", "published_on": "2008-11-04", "source_url": "http://sedena.gob.mx/index.php?id_art=629", "date_updated": "2017-10-28T03:15:01.192Z", "date_added": "2017-10-28T03:15:01.192Z", "user": 1}}, {"model": "source.source", "pk": "4c7497f7-ea19-4b63-aa60-eedb9d1ff4fb", "fields": {"title": "Ej\u00e9rcito Mexicano \u2013 Regiones y Zonas Militares", "publication": "Secretar\u00eda de la Defensa Nacional", "publication_country": "Mexico", "published_on": "2008-12-09", "source_url": "http://sedena.gob.mx/index.php?id_art=629", "date_updated": "2017-10-28T03:15:01.201Z", "date_added": "2017-10-28T03:15:01.201Z", "user": 1}}, {"model": "source.accesspoint", "pk": "a640e1bd-c4e9-4386-8a60-7eb1499950e9", "fields": {"page_number": null, "accessed_on": null, "archive_url": "https://web.archive.org/web/20080912080534/http://sedena.gob.mx/index.php?id_art=629", "source": "5fe5ca1f-f6b9-4b18-baee-f86d65f180dd", "user": 1}}, {"model": "source.accesspoint", "pk": "ce408298-ddeb-4d35-8f5f-e5f06d32bb44", "fields": {"page_number": null, "accessed_on": null, "archive_url": "https://web.archive.org/web/20080914122420/http://sedena.gob.mx/index.php?id_art=629", "source": "70f0478d-f9f3-4e4a-9d9c-19b25ca97bc5", "user": 1}}, {"model": "source.accesspoint", "pk": "d00cafe1-20df-47b2-a6a2-0e17a4368e33", "fields": {"page_number": null, "accessed_on": null, "archive_url": "https://web.archive.org/web/20081104123847/http://sedena.gob.mx/index.php?id_art=629", "source": "bdcc30cb-169a-4714-b4b0-6e969404be54", "user": 1}}, {"model": "source.accesspoint", "pk": "77a0bfba-fc38-4961-9227-132c2825a44f", "fields": {"page_number": null, "accessed_on": null, "archive_url": "https://web.archive.org/web/20081216074735/http://sedena.gob.mx/index.php?id_art=629", "source": "4c7497f7-ea19-4b63-aa60-eedb9d1ff4fb", "user": 1}}, {"model": "source.source", "pk": "f5f3c94b-28c5-48aa-9f9b-d3f78ca9d596", "fields": {"title": "\"BRIEF BIOGRAPHY OF BRIG GEN BA FIBOINUMAMA\"", "publication": "Training and Doctrine Command", "publication_country": "Nigeria", "published_on": "2016-04-20", "source_url": "https://web.archive.org/web/20160420192040/http://tradoc.mil.ng/aboutdot.php", "date_updated": "2017-10-28T02:51:59.658Z", "date_added": "2017-10-28T02:51:59.658Z", "user": 1}}, {"model": "source.accesspoint", "pk": "2e212e6e-46fd-4c57-9fc8-c49832fa9591", "fields": {"page_number": null, "accessed_on": null, "archive_url": null, "source": "f5f3c94b-28c5-48aa-9f9b-d3f78ca9d596", "user": 1}}, {"model": "source.source", "pk": "eafd524b-a8eb-4acf-be8d-86c4ec49c56f", "fields": {"title": "Sokoto Goc to Soldiers: Marry Foreign Wives And Be Sacked", "publication": "This Day", "publication_country": "Nigeria", "published_on": "2002-02-17", "source_url": "http://allafrica.com/stories/200202170023.html", "date_updated": "2017-10-28T02:51:59.642Z", "date_added": "2017-10-28T02:51:59.643Z", "user": 1}}, {"model": "source.accesspoint", "pk": "bb22c869-552a-4e5e-b7b3-509803804b1a", "fields": {"page_number": null, "accessed_on": null, "archive_url": null, "source": "eafd524b-a8eb-4acf-be8d-86c4ec49c56f", "user": 1}}, {"model": "source.source", "pk": "f3b4b71f-4980-4181-b88b-f5fbe1ca07d0", "fields": {"title": "Soldiers Reprimanded for Role in Liberia", "publication": "This Day", "publication_country": "Nigeria", "published_on": "2007-09-01", "source_url": "http://allafrica.com/stories/200709030381.html", "date_updated": "2017-10-28T02:51:58.321Z", "date_added": "2017-10-28T02:51:58.321Z", "user": 1}}, {"model": "source.source", "pk": "3bec61e2-9f1e-4ac7-8785-9466638c87e8", "fields": {"title": "Military Committed to Democracy, Says Army Chief", "publication": "This Day", "publication_country": "Nigeria", "published_on": "2008-09-18", "source_url": "http://allafrica.com/stories/200809180542.html", "date_updated": "2017-10-28T03:15:02.031Z", "date_added": "2017-10-28T03:15:02.031Z", "user": 1}}, {"model": "source.accesspoint", "pk": "59add8e0-91ce-415a-ae94-5c768c8e2e23", "fields": {"page_number": null, "accessed_on": null, "archive_url": null, "source": "f3b4b71f-4980-4181-b88b-f5fbe1ca07d0", "user": 1}}, {"model": "source.accesspoint", "pk": "4c6f48ad-cae7-40f9-9184-c1e16749f2d6", "fields": {"page_number": null, "accessed_on": null, "archive_url": null, "source": "3bec61e2-9f1e-4ac7-8785-9466638c87e8", "user": 1}}, {"model": "auth.user", "pk": 1, "fields": {"password": "pbkdf2_sha256$24000$F3HbMtZ32JrG$eF1tT3GLlmREsYoFLgzDi++QDi5AhjL5frqWw9vWx9A=", "last_login": null, "is_superuser": false, "username": "importer", "first_name": "", "last_name": "", "email": "importer@importer.com", "is_staff": false, "is_active": true, "date_joined": "2017-10-10T23:42:13.494Z", "groups": [], "user_permissions": []}}]