[{"model": "violation.violation", "pk": 13, "fields": {"uuid": "20d55802-d48e-4281-9510-0915c6fc5a00"}}, {"model": "violation.violation", "pk": 14, "fields": {"uuid": "928cb3a8-2702-41ec-8118-1f2b49013d14"}}, {"model": "violation.violation", "pk": 15, "fields": {"uuid": "82b1312b-e6aa-4132-baa1-35e81141f7bb"}}, {"model": "violation.violation", "pk": 16, "fields": {"uuid": "4f236e11-d74d-4eef-9df0-4c49686cd2fe"}}, {"model": "violation.violation", "pk": 17, "fields": {"uuid": "9a14742f-7a9d-488a-be7c-efbe27bf98f7"}}, {"model": "violation.violation", "pk": 18, "fields": {"uuid": "c6cb4a4c-59f5-453d-9ca0-853319c6b174"}}, {"model": "violation.violation", "pk": 19, "fields": {"uuid": "44ff9915-5dbe-4432-be1e-e14991f2f282"}}, {"model": "violation.violation", "pk": 20, "fields": {"uuid": "bd06af85-eaf2-4fae-beb2-03b8fab6d0a7"}}, {"model": "violation.violation", "pk": 21, "fields": {"uuid": "16b347f0-a1d5-46a5-bec8-70743c246ad7"}}, {"model": "violation.violation", "pk": 22, "fields": {"uuid": "4ad5b0d0-a4ff-4456-b21f-155db999668e"}}, {"model": "violation.violationadminlevel1", "pk": 11, "fields": {"lang": "en", "confidence": "1", "object_ref": 13, "value": "3715505", "sources": ["b9487219-3570-4ba4-8140-c09264f7c2e7"], "accesspoints": ["80bc143a-e182-47d6-bded-0476d7bf7333"]}}, {"model": "violation.violationdescription", "pk": 13, "fields": {"lang": "en", "confidence": "1", "object_ref": 13, "value": "According to the United States Department of State, Bureau of Democracy, Human Rights and Labor: \"On August 14, police in Anambra State reportedly shot five persons at a roadblock after they would not pay a bribe of 20 naira ($0.13). One of the passengers reportedly died at the scene, while the other four were rushed to a hospital, where they were pronounced dead. Eyewitnesses stated that the driver claimed to already have paid 20 naira but could not produce a receipt that the policeman demanded. When the driver attempted to leave, the police opened fire. A police representative confirmed that one person was killed and three were rushed to the hospital. There were no developments in the case by year\u2019s end.\"", "sources": ["bcae6f54-d2ac-411f-b111-ff03ee268a9e"], "accesspoints": ["1db25cfb-a189-44ac-aa3d-0c6b25ffeb27"]}}, {"model": "violation.violationdivisionid", "pk": 11, "fields": {"lang": null, "confidence": "1", "object_ref": 13, "value": "ocd-division/country:ng", "sources": ["28b1607f-0707-4617-ab04-2988eb737dad"], "accesspoints": ["c83a9243-9a33-4ea5-9b05-602be291a633"]}}, {"model": "violation.violationenddate", "pk": 13, "fields": {"lang": "en", "confidence": "1", "object_ref": 13, "value": "2011-08-14", "sources": ["8ddd23ac-c9a3-4afd-8619-6872cfdce7b0"], "accesspoints": ["f5291b7e-d2b0-4daa-929c-a1e5a4e82218"]}}, {"model": "violation.violationperpetratorclassification", "pk": 11, "fields": {"lang": "en", "confidence": "1", "object_ref": 13, "value": 1, "sources": ["df16f2d6-9a5b-436d-a424-9b407f8a5631"], "accesspoints": ["246b9480-2bb6-4942-a9bb-40336451f868"]}}, {"model": "violation.violationstartdate", "pk": 13, "fields": {"lang": "en", "confidence": "1", "object_ref": 13, "value": "2011-08-14", "sources": ["d1eb6b33-7e85-4bb3-acdf-f9d3f52c42a6"], "accesspoints": ["742ae09f-57ff-4817-8830-10e8d1efd57c"]}}, {"model": "violation.violationtype", "pk": 15, "fields": {"lang": "en", "confidence": "1", "object_ref": 13, "value": 1, "sources": ["dac69cf9-24d5-4427-80c1-fb3547a1e748"], "accesspoints": ["ba0826b9-f2fc-4c3d-9a1a-7d8bf305cbf9"]}}, {"model": "violation.violationadminlevel1", "pk": 12, "fields": {"lang": "en", "confidence": "1", "object_ref": 14, "value": "3715505", "sources": ["abadcf71-bab6-429a-96f6-ef3fcc87c275"], "accesspoints": ["c8d75e06-682b-4c65-b52d-8aecef508608"]}}, {"model": "violation.violationadminlevel2", "pk": 8, "fields": {"lang": null, "confidence": "1", "object_ref": 14, "value": "Anambra", "sources": ["272ae10f-f7b6-4f49-8d10-614d42c1f213"], "accesspoints": ["1dc3fbc5-167c-4c0a-ae14-ca8c90b6650c"]}}, {"model": "violation.violationdescription", "pk": 14, "fields": {"lang": "en", "confidence": "1", "object_ref": 14, "value": "According to the United States Department of State, Bureau of Democracy, Human Rights and Labor: \"On 8 February police at a checkpoint in Onitsha, Anambra State, reportedly shot and killed a bus driver after he argued with them about paying a bribe. The bus conductor claimed the driver offered the men at the checkpoint 20 naira ($0.13) but the men demanded 50 naira ($0.32). The driver refused, arguing that his boss had already paid during a previous trip, and proceeded through the checkpoint. Police reportedly followed the bus and shot and killed the driver while injuring some passengers with stray bullets. Police authorities reportedly made arrests, but there was no update on the investigation by year\u2019s end.\"", "sources": ["9c7c86f5-de92-4f06-846a-d2b66bd4345e"], "accesspoints": ["44167a63-a3c8-46de-9123-d4209bcf675c"]}}, {"model": "violation.violationdivisionid", "pk": 12, "fields": {"lang": null, "confidence": "1", "object_ref": 14, "value": "ocd-division/country:ng", "sources": ["7ae8b0cd-3c8d-48b3-8a3e-d02fd329e222"], "accesspoints": ["1241695e-d88b-4139-8fb2-0cf517d32ebd"]}}, {"model": "violation.violationenddate", "pk": 14, "fields": {"lang": "en", "confidence": "1", "object_ref": 14, "value": "2012-02-08", "sources": ["11be2822-f974-4234-93ad-8921317bd936"], "accesspoints": ["9b0bde51-2613-47aa-a72e-36db752b5d8a"]}}, {"model": "violation.violationlocation", "pk": 8, "fields": {"lang": null, "confidence": "1", "object_ref": 14, "value": "SRID=4326;POINT (6.7974949814064622 6.1448420868134166)", "sources": ["ac35b9a9-8586-4af9-bf45-01e21934f7d0"], "accesspoints": ["ff7b7323-350e-41dc-b413-aa312475a5b6"]}}, {"model": "violation.violationosmid", "pk": 8, "fields": {"lang": null, "confidence": "1", "object_ref": 14, "value": "501438218", "sources": ["9c5485a4-d3ad-4c4b-8c9e-73f2f68bc582"], "accesspoints": ["1e0bb0c9-6021-4e97-84ef-b4e4ad532278"]}}, {"model": "violation.violationosmname", "pk": 8, "fields": {"lang": null, "confidence": "1", "object_ref": 14, "value": "Onitsha", "sources": ["ceb6d0a5-6e44-44f6-8e13-a49d72a497f1"], "accesspoints": ["44f60717-d1d5-41b3-a66d-288e812098cb"]}}, {"model": "violation.violationperpetratorclassification", "pk": 12, "fields": {"lang": "en", "confidence": "1", "object_ref": 14, "value": 1, "sources": ["e44cc839-8167-4d13-b1ee-0cc8b0389354"], "accesspoints": ["f3a039e4-1bc9-405b-8fb0-b6ff3abee612"]}}, {"model": "violation.violationstartdate", "pk": 14, "fields": {"lang": "en", "confidence": "1", "object_ref": 14, "value": "2012-02-08", "sources": ["c49ebac9-f5d7-40ab-b79e-549cc322cd52"], "accesspoints": ["26cc2118-d39b-4f1d-a99c-24592dcee50c"]}}, {"model": "violation.violationtype", "pk": 16, "fields": {"lang": "en", "confidence": "1", "object_ref": 14, "value": 2, "sources": [], "accesspoints": []}}, {"model": "violation.violationtype", "pk": 17, "fields": {"lang": "en", "confidence": "1", "object_ref": 14, "value": 3, "sources": ["a936f6cc-f0cb-431e-b9cf-80316fbcbb52"], "accesspoints": ["e8e8f777-189f-4df6-ad49-90f4b5a4588f"]}}, {"model": "violation.violationadminlevel1", "pk": 13, "fields": {"lang": "en", "confidence": "1", "object_ref": 15, "value": "3715505", "sources": ["9c0f3210-9193-4212-a2c3-f416abb8f336", "f7d72c7a-01ea-493e-a541-28993a64a993"], "accesspoints": ["ffe2a699-bd1a-4086-a3ff-8c5ec0489bda", "3373c58b-367c-4672-b15e-b14cc6c2429d"]}}, {"model": "violation.violationdescription", "pk": 15, "fields": {"lang": "en", "confidence": "1", "object_ref": 15, "value": "According to the United States Department of State, Bureau of Democracy, Human Rights and Labor: \"There were no developments in the November 2007 case in which a police officer in Anambra State shot and killed 15\u2011year\u2011old Daniel Offiali and wounded six other bus passengers after the driver refused to pay a 20 naira (approximately $0.16) bribe. The police officer was reportedly dismissed from the National Police Force and arrested, but at year's end the status of the case was unknown.\" According to the Network on Police Reform in Nigeria and the Open Society Justice Initiative: \"In November 2007, 15-year-old Daniel Offiali was killed during a confrontation between a bus driver and a police officer seeking a bribe from the driver. According to a media account, Offiali \u201cwas reportedly felled by the Policeman\u2019s bullet after the diver of a commercial vehicle he boarded disagreed with the Policeman over N20.\"", "sources": ["1be5b978-9623-400a-b346-11853951f2f0", "cf2e8bdc-f09c-4afb-bf3c-23a70bd3f171"], "accesspoints": ["5e91eab3-1bab-47bc-b2ce-d41f85eeb68b", "ffb677c9-ec46-4d00-8331-342c77f54b29"]}}, {"model": "violation.violationdivisionid", "pk": 13, "fields": {"lang": null, "confidence": "1", "object_ref": 15, "value": "ocd-division/country:ng", "sources": ["188ab010-5aa0-4ae0-8310-9f5b7a503ab6", "bbf963eb-2ecf-433a-b322-e12c19d1ed74"], "accesspoints": ["35946e72-8f81-45a5-8d46-8dbfea76ee00", "79f817a0-1506-48db-b00c-cbc014cfbe71"]}}, {"model": "violation.violationenddate", "pk": 15, "fields": {"lang": "en", "confidence": "1", "object_ref": 15, "value": "2007-11-30", "sources": ["131527eb-2b4b-4bf3-be01-f920abdf775e", "5e9304d9-21c0-4169-8653-ffa815eff51a"], "accesspoints": ["8cdb0688-9179-4615-9db9-1e4f1465b7ee", "120c4734-b33f-4b8e-bd1c-3df80f649c00"]}}, {"model": "violation.violationperpetratorclassification", "pk": 13, "fields": {"lang": "en", "confidence": "1", "object_ref": 15, "value": 1, "sources": ["07dacb98-0431-48fc-91a7-c3982b9fe747", "d709ca7c-7116-472c-8330-b63b9d3d80f1"], "accesspoints": ["e025b605-fe90-4e90-8cbe-2cfeb341062e", "40634345-4862-4314-a0bf-f2b9acac8ca1"]}}, {"model": "violation.violationstartdate", "pk": 15, "fields": {"lang": "en", "confidence": "1", "object_ref": 15, "value": "2007-11-01", "sources": ["4c411fab-773d-49e9-888c-3add68706ab0", "9e5630ac-2e58-4f27-88fa-b66f92260b08"], "accesspoints": ["444a3022-3782-47a0-ae1f-c5a10c2ceaf9", "8c3d6d9b-9dca-4cbd-be42-12dcfd2750e8"]}}, {"model": "violation.violationtype", "pk": 18, "fields": {"lang": "en", "confidence": "1", "object_ref": 15, "value": 1, "sources": ["5d61308f-f9d1-4bd3-af15-c7293cdf3583", "a3aab015-f5f0-440a-b754-9841adea50e8"], "accesspoints": ["def6ecdc-3ddf-45cb-8551-5b26855b4957", "d93c9f50-74b5-463b-8d74-6529992657e6"]}}, {"model": "violation.violationadminlevel1", "pk": 14, "fields": {"lang": "en", "confidence": "1", "object_ref": 16, "value": "3715505", "sources": ["d0c1b00b-f355-4919-bf66-288c853e5a92"], "accesspoints": ["401e53e9-2380-40ef-956b-0995544c0234"]}}, {"model": "violation.violationdescription", "pk": 16, "fields": {"lang": "en", "confidence": "1", "object_ref": 16, "value": "According to the Network on Police Reform in Nigeria and the Open Society Justice Initiative: \"In July 2006, 22-year-old Nkechi Obidigwe of Isuofia, Aguata, Anambra State, was standing at a bus stop on her way home from computer training school when she was hit in the thigh by a bullet. A member of a team of police officers on an illegal operation at the scene had fired the bullet while in the process of extracting N20 from a commercial motorbike operator who had declined to pay. The police attempted to confiscate his bike, at which point a scuffle ensued. One of the police officers then threatened to shoot the bike operator. In the course of the ensuing confusion, one of the officers fired a shot\u2014apparently to scare the bike operator\u2014but the bullet hit Obidigwe. Bystanders rushed Obidigwe to the nearby White Chapel Hospital where she died shortly afterwards. The police fled the scene, and no officer has been found responsible.\" Their joint report continues: \"In 2006 in Anambra State, Nkechi Obidigwe was killed by a stray bullet fired by a police officer seeking a bribe from a commercial motorbike operator.\"", "sources": ["b5f4083a-c257-4e19-81e0-a29d3c13fde2"], "accesspoints": ["f0c44f13-a812-4526-b968-672805b8bd1f"]}}, {"model": "violation.violationdivisionid", "pk": 14, "fields": {"lang": null, "confidence": "1", "object_ref": 16, "value": "ocd-division/country:ng", "sources": ["c285d5f5-317a-48be-8347-3ce70cccb0d0"], "accesspoints": ["b49bcba0-360d-49b0-8482-712f12afa591"]}}, {"model": "violation.violationenddate", "pk": 16, "fields": {"lang": "en", "confidence": "1", "object_ref": 16, "value": "2006-07-31", "sources": ["8ef7c2b9-dcce-46ce-8d72-dba52b02718b"], "accesspoints": ["9e46db9d-bdbc-4b15-aeac-56cc11a558cd"]}}, {"model": "violation.violationperpetratorclassification", "pk": 14, "fields": {"lang": "en", "confidence": "1", "object_ref": 16, "value": 1, "sources": ["f8454e02-5c0a-4a1e-9729-b156540ee7f9"], "accesspoints": ["377d6249-8c4a-4de2-a2ef-a7c10c35cae5"]}}, {"model": "violation.violationstartdate", "pk": 16, "fields": {"lang": "en", "confidence": "1", "object_ref": 16, "value": "2006-07-01", "sources": ["12fcfe48-3b60-41dd-89be-b8c3855366c5"], "accesspoints": ["807ee814-474c-4bec-bf82-e80fda2db41e"]}}, {"model": "violation.violationtype", "pk": 19, "fields": {"lang": "en", "confidence": "1", "object_ref": 16, "value": 1, "sources": ["f9bd09ea-1f9b-42b1-853f-2b9181dcf568"], "accesspoints": ["300521ab-bdc6-4b8f-9668-32dfacaf1820"]}}, {"model": "violation.violationadminlevel1", "pk": 15, "fields": {"lang": "en", "confidence": "1", "object_ref": 17, "value": "3720611", "sources": ["1a1966b1-0d57-4c3c-b855-2814f41e6047"], "accesspoints": ["db6d3f85-ed90-4dcc-9e95-6901d0b3ff49"]}}, {"model": "violation.violationadminlevel2", "pk": 9, "fields": {"lang": null, "confidence": "1", "object_ref": 17, "value": "Plateau", "sources": ["e8f0c6bc-3268-44b7-bd89-8fa14e958c5d"], "accesspoints": ["2e24e6a4-4752-49c4-99d2-276f96edd09a"]}}, {"model": "violation.violationdescription", "pk": 17, "fields": {"lang": "en", "confidence": "1", "object_ref": 17, "value": "According to Human Rights Watch: \u201cA young Christian boy from the Dutse Uku neighborhood described the killing of two of his brothers by a MOPOL officer on the morning of November 29. The boy was later detained by the MOPOLs and spent several days in police custody: \u201cAt around 7 in the morning, I was inside the house with my family eating when about six mobile police came. They were wearing green trousers and black shirts and all had guns. They dragged me to the road and told me to lie down. One of the mobile police came and took his gun and knocked it on my arm. The other mobile said I should get up and leave. But the other mobile said I should not go home but should get in the car. I got into the car. They asked one of my brothers [who had also been detained] to lie down [on the ground], but he responded that there was no space to lie down. The other mobile came and \u201cpacked\u201d him [kicked his legs from underneath him so he would fall]. He then stomped on his back. The other mobile said that he should just waste him. He then shot him in the stomach. My brother is around 19 years old. My other brother was afraid and went to escape and they just shot him from behind. They shot him one time and I saw him lying on the ground. He is 17 years old. The same mobile shot my two brothers. The same mobile also shot another person in the hand. Then they took us to the CID [Criminal Investigation Department].\u201d", "sources": ["19d40b74-b156-4051-8c6f-484385fd371d"], "accesspoints": ["82ec44a1-d56a-4a50-a9b2-1029663462b2"]}}, {"model": "violation.violationdivisionid", "pk": 15, "fields": {"lang": null, "confidence": "1", "object_ref": 17, "value": "ocd-division/country:ng", "sources": ["597f02c0-1c14-43d0-8719-ae0826aaeb8d"], "accesspoints": ["dbc8ea0b-94a6-49f9-b629-e2e89c76dc07"]}}, {"model": "violation.violationenddate", "pk": 17, "fields": {"lang": "en", "confidence": "1", "object_ref": 17, "value": "2008-11-29", "sources": ["dbe063bf-bcc1-41ec-b51d-c0b71c7ca843"], "accesspoints": ["b0eae2a7-30cb-4a97-a916-e95affc74356"]}}, {"model": "violation.violationlocation", "pk": 9, "fields": {"lang": null, "confidence": "1", "object_ref": 17, "value": "SRID=4326;POINT (8.8979400906480901 9.9175124639179995)", "sources": ["5bcbffc9-48f3-49a7-9625-20356b8d0289"], "accesspoints": ["fa83820e-524a-4bd7-8d69-c3792c50aea1"]}}, {"model": "violation.violationlocationdescription", "pk": 8, "fields": {"lang": "en", "confidence": "1", "object_ref": 17, "value": "Dutse Uku neighborhood", "sources": ["39d0c851-b478-40f9-ac6e-069477bc2f55"], "accesspoints": ["83b7330b-ada0-4519-a359-cc5fb2760f96"]}}, {"model": "violation.violationosmid", "pk": 9, "fields": {"lang": null, "confidence": "1", "object_ref": 17, "value": "501540902", "sources": ["9c0f3210-9193-4212-a2c3-f416abb8f336"], "accesspoints": ["ffe2a699-bd1a-4086-a3ff-8c5ec0489bda"]}}, {"model": "violation.violationosmname", "pk": 9, "fields": {"lang": null, "confidence": "1", "object_ref": 17, "value": "Jos", "sources": ["4621a6bc-e74c-48a6-acb1-574d7c625e81"], "accesspoints": ["84fc480d-fcfb-441e-adf9-32fd44231435"]}}, {"model": "violation.violationperpetratorclassification", "pk": 15, "fields": {"lang": "en", "confidence": "1", "object_ref": 17, "value": 2, "sources": ["2cf1ffc8-a267-4253-a059-30aa820f43ce"], "accesspoints": ["00ca2c86-09c6-43f3-975a-5ae0b96d7cbf"]}}, {"model": "violation.violationstartdate", "pk": 17, "fields": {"lang": "en", "confidence": "1", "object_ref": 17, "value": "2008-11-29", "sources": ["f3c61823-d338-40f7-a123-fa89f79564dd"], "accesspoints": ["49d93096-818b-40c3-9102-4a333d4beb58"]}}, {"model": "violation.violationtype", "pk": 20, "fields": {"lang": "en", "confidence": "1", "object_ref": 17, "value": 1, "sources": ["40f6cf18-d2ba-4f73-878e-09def7c257c6"], "accesspoints": ["56c4be91-a04e-45e6-8b00-7b5240891a38"]}}, {"model": "violation.violationadminlevel1", "pk": 16, "fields": {"lang": "en", "confidence": "1", "object_ref": 18, "value": "3720611", "sources": ["841a829f-afa9-4fbe-b11f-e49580a0f7bb"], "accesspoints": ["9c86abf2-4989-4b4e-8410-a6f49246f668"]}}, {"model": "violation.violationadminlevel2", "pk": 10, "fields": {"lang": null, "confidence": "1", "object_ref": 18, "value": "Plateau", "sources": ["f745c5ed-5c75-40d9-a562-e506eeaa3a16"], "accesspoints": ["60fbbda9-0d2a-4c32-97cd-89844087ebe0"]}}, {"model": "violation.violationdescription", "pk": 18, "fields": {"lang": "en", "confidence": "1", "object_ref": 18, "value": "According to Human Rights Watch: \u201cHuman Rights Watch interviewed five witnesses in the Rikkos neighborhood, each giving an account independent of the others, who saw the killing of eight men by a soldier in the Nigerian army on the morning of November 29. One of the witnesses described what happened: \u201cI saw a dark green military vehicle pull up on the road with five soldiers. This was around 10 a.m. Seven people were coming from the direction of the mosque. When they saw the military, they ran into a house. My brother was behind them and also ran into the house. At the time they [the people who ran into the house] were carrying nothing in their hands. One of the military men went into the house and brought them out of the house to the road. The military man told my brother to stand to the side. He then shot the group. Some were hit in the chest and stomach. He then said to my brother, \u201cYou go.\u201d When my brother started moving, he shot him in his leg. My brother went down. He then shot him in the side and the chest. He was shot with three bullets and died at that time. The military man then turned and left. He shouted that everybody should enter their houses. Later in the day, the JNI [Islamic authorities from the Jama\u2019atu Nasril Islam] came in a vehicle and took the bodies to the Central Mosque. They were all Hausas between the ages of 18 and 25. My brother was around 40 years old.\u201d", "sources": ["5e0c534a-0b38-4e52-b068-a2aa090c4300"], "accesspoints": ["310a130f-597b-4489-aca5-7812cd46a65b"]}}, {"model": "violation.violationdivisionid", "pk": 16, "fields": {"lang": null, "confidence": "1", "object_ref": 18, "value": "ocd-division/country:ng", "sources": ["b3f8d52d-5014-4fe3-b375-cebb06718c04"], "accesspoints": ["c77f83db-ccf5-45cd-9484-20059f15e27a"]}}, {"model": "violation.violationenddate", "pk": 18, "fields": {"lang": "en", "confidence": "1", "object_ref": 18, "value": "2008-11-29", "sources": ["db1065c9-61a5-486e-9521-37af83c0af22"], "accesspoints": ["4b8d9ab7-0d57-49a1-a9f7-e81503760778"]}}, {"model": "violation.violationlocation", "pk": 10, "fields": {"lang": null, "confidence": "1", "object_ref": 18, "value": "SRID=4326;POINT (8.8979400906480901 9.9175124639179995)", "sources": ["95c8733a-ca08-4e39-8026-72fcf356f4dd"], "accesspoints": ["5fd186f5-7c4e-44bb-864b-28b365dac301"]}}, {"model": "violation.violationlocationdescription", "pk": 9, "fields": {"lang": "en", "confidence": "1", "object_ref": 18, "value": "Rikkos neighborhood", "sources": ["c8ecc4b7-5e61-4b15-aead-511f9e0b88d8"], "accesspoints": ["3622f31c-ebc0-49bd-8f5d-5c980f006211"]}}, {"model": "violation.violationosmid", "pk": 10, "fields": {"lang": null, "confidence": "1", "object_ref": 18, "value": "501540902", "sources": ["702d9aa9-ad3e-4230-afd7-7169694f9909"], "accesspoints": ["22da68bb-b32f-44bd-9c30-22b0550068b4"]}}, {"model": "violation.violationosmname", "pk": 10, "fields": {"lang": null, "confidence": "1", "object_ref": 18, "value": "Jos", "sources": ["708b1022-57f3-413d-a61a-01c55cce7e86"], "accesspoints": ["e7968d62-29fc-4d36-883e-4e43fdf5a40c"]}}, {"model": "violation.violationperpetratorclassification", "pk": 16, "fields": {"lang": "en", "confidence": "1", "object_ref": 18, "value": 3, "sources": ["6b693ea8-ab5d-4383-a9b2-7b0ba865cabd"], "accesspoints": ["476c8c80-bb5b-4ad8-8ce7-3ac0c73b2c53"]}}, {"model": "violation.violationstartdate", "pk": 18, "fields": {"lang": "en", "confidence": "1", "object_ref": 18, "value": "2008-11-29", "sources": ["f2119fab-7ffa-4809-bfd8-f80f4fff0255"], "accesspoints": ["68a80aa1-1f79-462a-be25-676eae7e902e"]}}, {"model": "violation.violationtype", "pk": 21, "fields": {"lang": "en", "confidence": "1", "object_ref": 18, "value": 1, "sources": ["4da85d1c-fc75-4904-a659-bcc173c3b4b8"], "accesspoints": ["61b6da09-0ac6-43b4-a74e-416d91391c49"]}}, {"model": "violation.violationadminlevel1", "pk": 17, "fields": {"lang": "en", "confidence": "1", "object_ref": 19, "value": "3720611", "sources": ["1153cae8-3f7a-40a0-a761-8e62e776d1b0"], "accesspoints": ["1571192e-0245-4c63-9c60-e327380822f6"]}}, {"model": "violation.violationadminlevel2", "pk": 11, "fields": {"lang": null, "confidence": "1", "object_ref": 19, "value": "Plateau", "sources": ["f1764215-6d76-477f-9410-5cb5672f2155"], "accesspoints": ["19a1e774-60fa-4979-ac57-78dbbcba8d11"]}}, {"model": "violation.violationdescription", "pk": 19, "fields": {"lang": "en", "confidence": "1", "object_ref": 19, "value": "According to Human Rights Watch: \u201cOn the morning of November 29, military soldiers in Rikkos arrested 16 Muslim men. The soldiers marched the group down the street and, according to witnesses, killed 10 of the detainees at various stages along the way. Human Rights Watch interviewed separately three of the six survivors of the death march. One of them, a local shopkeeper, described what happened: \u201cOn Saturday, around 9 a.m., I was on my way to my mother\u2019s house. The military stopped me and asked me where I was going. They searched me and found nothing and told me I could go. As I continued to my mother\u2019s house I saw the military had arrested 15 people. When they saw me walking alone they arrested me and put me with the others. The soldiers were wearing green military uniforms. I don\u2019t know how many soldiers there were because they would not let us look at them. The soldiers told us to go. As we started to leave, the military opened fire on us. Five of us at the back were killed. The military said we shouldn\u2019t run. The rest of us started walking fast. We were all in a group. They shot again and two people died. As we continued forward toward Tina [Junction], they shot three more. Two of them were dead and the other was shot in his bladder and was injured.\u201d", "sources": ["0def3440-0d83-44dc-afd1-e861389c080c"], "accesspoints": ["1ddc3b5b-6311-42b5-bc68-04e62b14f222"]}}, {"model": "violation.violationdivisionid", "pk": 17, "fields": {"lang": null, "confidence": "1", "object_ref": 19, "value": "ocd-division/country:ng", "sources": ["1773fd86-a3f3-448a-9038-01e1ea63683d"], "accesspoints": ["e57f04d2-56c2-45f3-995a-a4755649e7ba"]}}, {"model": "violation.violationenddate", "pk": 19, "fields": {"lang": "en", "confidence": "1", "object_ref": 19, "value": "2008-11-29", "sources": ["9f1fcd5f-f6f2-4bf2-b50e-5c2203fbf0e7"], "accesspoints": ["42b556e4-d0f6-4655-901a-699f789c20f8"]}}, {"model": "violation.violationlocation", "pk": 11, "fields": {"lang": null, "confidence": "1", "object_ref": 19, "value": "SRID=4326;POINT (8.8979400906480901 9.9175124639179995)", "sources": ["f7cebac6-59fe-4839-baef-2bf574f10f23"], "accesspoints": ["2737503b-1f46-493f-9dbf-dab143c1dc62"]}}, {"model": "violation.violationlocationdescription", "pk": 10, "fields": {"lang": "en", "confidence": "1", "object_ref": 19, "value": "Rikkos (Gadan Katako)", "sources": ["36ce8217-a2d8-4aa7-bd78-d7bebbe9a120"], "accesspoints": ["fa520eda-224b-4b3c-9621-8afdc2e3bc57"]}}, {"model": "violation.violationosmid", "pk": 11, "fields": {"lang": null, "confidence": "1", "object_ref": 19, "value": "501540902", "sources": ["e1eca084-8e81-4d2e-915a-fcbc2973b5b5"], "accesspoints": ["02f8ec80-cb5f-41d3-ad69-96080270ea0d"]}}, {"model": "violation.violationosmname", "pk": 11, "fields": {"lang": null, "confidence": "1", "object_ref": 19, "value": "Jos", "sources": ["9504a7e4-0f00-47fc-a1b9-b1f68cf0778e"], "accesspoints": ["fa04f42c-2132-4459-954f-9d6b2121ae3d"]}}, {"model": "violation.violationperpetratorclassification", "pk": 17, "fields": {"lang": "en", "confidence": "1", "object_ref": 19, "value": 3, "sources": ["7d945c15-0068-4f4c-9969-1ee01e817334"], "accesspoints": ["a34e6b8a-4771-46ea-b898-fb7046aa6f1c"]}}, {"model": "violation.violationstartdate", "pk": 19, "fields": {"lang": "en", "confidence": "1", "object_ref": 19, "value": "2008-11-29", "sources": ["825b8849-50fa-4277-8d07-8a95175ff2ff"], "accesspoints": ["ae72d524-b5a5-42d6-bd12-a1bf2ae1f29f"]}}, {"model": "violation.violationtype", "pk": 22, "fields": {"lang": "en", "confidence": "1", "object_ref": 19, "value": 2, "sources": [], "accesspoints": []}}, {"model": "violation.violationtype", "pk": 23, "fields": {"lang": "en", "confidence": "1", "object_ref": 19, "value": 3, "sources": ["61655964-18ad-4f16-ac5b-4068880db630"], "accesspoints": ["9cc17c1f-b4a6-444c-9277-637329dea719"]}}, {"model": "violation.violationadminlevel1", "pk": 18, "fields": {"lang": "en", "confidence": "1", "object_ref": 20, "value": "3720611", "sources": ["aff4fd37-3bd2-4948-8e94-a1667b3029a4"], "accesspoints": ["c56f54f0-103c-40b5-b8b2-5e74735f2616"]}}, {"model": "violation.violationadminlevel2", "pk": 12, "fields": {"lang": null, "confidence": "1", "object_ref": 20, "value": "Plateau", "sources": ["e9aa4515-7447-4552-87ca-b21a9592545f"], "accesspoints": ["81a5441b-bd4b-4bac-bc04-0d50fd14a92d"]}}, {"model": "violation.violationdescription", "pk": 20, "fields": {"lang": "en", "confidence": "1", "object_ref": 20, "value": "According to Human Rights Watch: \u201cHuman Rights Watch interviewed two police officers separately who witnessed a soldier summarily execute an unarmed man at the Laranto Divisional Police Headquarters. The incident took place on the morning of Friday, November 28. One of the police officers described to Human Rights Watch what he saw that day: \u201cI was assigned to the police station by the Katako market. A police inspector arrested a Hausa man and brought him to the front of the police station. One of the soldiers asked the inspector what the man had done. The inspector said that he had found him with a cutlass. The soldier then shot him in the chest. This happened on Friday around 11 a.m. I saw it. The acting DPO [divisional police officer] was also present. After shooting the man, the soldier said, \u201cAnybody you see with a cutlass, you shoot him.\u201d", "sources": ["b3b55c5d-14fa-4edf-9660-539e942df377"], "accesspoints": ["d8f94271-4d8b-4524-888a-503ed1ac130f"]}}, {"model": "violation.violationdivisionid", "pk": 18, "fields": {"lang": null, "confidence": "1", "object_ref": 20, "value": "ocd-division/country:ng", "sources": ["fbfa2f3f-5ea5-4f1b-bce9-17b901af9007"], "accesspoints": ["45c5b726-1c21-4fd0-86b1-d4a2693dba0a"]}}, {"model": "violation.violationenddate", "pk": 20, "fields": {"lang": "en", "confidence": "1", "object_ref": 20, "value": "2008-11-28", "sources": ["30c0008e-6426-4a13-a008-d7cf2192f621"], "accesspoints": ["fcf727ac-f824-4028-b59d-eacd669bd603"]}}, {"model": "violation.violationlocation", "pk": 12, "fields": {"lang": null, "confidence": "1", "object_ref": 20, "value": "SRID=4326;POINT (8.8979400906480901 9.9175124639179995)", "sources": ["a852daa7-dd72-441c-8bb3-e3534eae45f2"], "accesspoints": ["caf4fb96-67eb-441a-b06d-127bbde75c0b"]}}, {"model": "violation.violationlocationdescription", "pk": 11, "fields": {"lang": "en", "confidence": "1", "object_ref": 20, "value": "Laranto Police Division", "sources": ["d3d05c52-0f84-40fa-9481-6430a5fab6de"], "accesspoints": ["16f62ab1-78be-4f24-be76-13b5deeea16e"]}}, {"model": "violation.violationosmid", "pk": 12, "fields": {"lang": null, "confidence": "1", "object_ref": 20, "value": "501540902", "sources": ["61655964-18ad-4f16-ac5b-4068880db630"], "accesspoints": ["9cc17c1f-b4a6-444c-9277-637329dea719"]}}, {"model": "violation.violationosmname", "pk": 12, "fields": {"lang": null, "confidence": "1", "object_ref": 20, "value": "Jos", "sources": ["571af1cc-3bf5-4611-b3aa-ebd388b4bb81"], "accesspoints": ["0f72f41f-c937-4948-9696-9740a559abb7"]}}, {"model": "violation.violationperpetratorclassification", "pk": 18, "fields": {"lang": "en", "confidence": "1", "object_ref": 20, "value": 3, "sources": ["f49e9497-3928-4cfd-9e4a-54b0433689b4"], "accesspoints": ["c5e3c916-89ff-47b4-ace1-9d904e85f491"]}}, {"model": "violation.violationstartdate", "pk": 20, "fields": {"lang": "en", "confidence": "1", "object_ref": 20, "value": "2008-11-28", "sources": ["a89051bf-60ea-4f8e-93bc-31b94ec81152"], "accesspoints": ["4d3f8eff-8de5-426c-8798-6fc715fadbe2"]}}, {"model": "violation.violationtype", "pk": 24, "fields": {"lang": "en", "confidence": "1", "object_ref": 20, "value": 1, "sources": ["329c5e04-aba6-4374-b215-13795d56b5be"], "accesspoints": ["67fda9bf-0756-4254-a727-abce9a5d20f4"]}}, {"model": "violation.violationadminlevel1", "pk": 19, "fields": {"lang": "en", "confidence": "1", "object_ref": 21, "value": "3720611", "sources": ["852be4ba-7906-45ce-bdf1-228914710157"], "accesspoints": ["35cce7e5-5ccd-4ffb-82de-a95b9a9c3c1f"]}}, {"model": "violation.violationadminlevel2", "pk": 13, "fields": {"lang": null, "confidence": "1", "object_ref": 21, "value": "Plateau", "sources": ["a2409a66-0c8d-45e2-bb4d-5f00c688ebb1"], "accesspoints": ["e45b287c-f2cd-45dd-83ea-6e6f51f82e88"]}}, {"model": "violation.violationdescription", "pk": 21, "fields": {"lang": "en", "confidence": "1", "object_ref": 21, "value": "According to Human Rights Watch: \u201cOn November 29, MOPOLs responded to an altercation in the Angwan Rogo neighborhood between Muslim and Christian youth by chasing down and killing at least 26 Hausa Muslims. Human Rights Watch interviewed six witnesses to the incident, which occurred in a large compound used for repairing cars and motorcycles on Bauchi Road. Two witnesses who helped remove the bodies of the victims guided Human Rights Watch researchers through the scene on December 4, pointing out each place where they had found and later removed a body. In many places, bloodstains, bullet marks, and what appeared to be human remains were clearly visible. There were also a number of spent bullet casings at the scene. The two witnesses said that bodies were found under cars and car parts such as hoods, behind rows of motor scooters, and inside and beside several small wooden structures on the compound. Two other witnesses described how the military had initially tried to calm the situation and warned the Muslim youth to return to their houses because the MOPOLs would arrive in 20 minutes. A 26-year-old mechanic, who witnessed the killings while hiding in the second story of an adjacent building, described what he saw: \u201cIn this neighborhood, the Muslims live on this side, and the Christians live on the other side. There is a government quarters across the street and that morning at around 8 a.m. a man took a gun and started firing at Hausas so they would not cross the road. The Hausa young men from this side started gathering across the street from where the man with the gun was. I saw about 200 Hausas gathered this side and eventually there were about 20, including the guy with the gun, on the other side. Later, soldiers came to try to calm things down. One of them went over to where the Christians were, shot in the air, and told them to go back from the road. The Christian people ran into their community. Then another [soldier] told the Hausas to go back home as well. Some of the Hausas agreed to go back home and the soldiers left. But later, more and more Hausas started gathering. The [Hausa] youths thought the Christians would return and attack this side. Then between 9 and 10 a.m. the MOPOLs arrived in a heavy truck they use, which they parked about 300 to 400 meters down Bauchi Road. I saw about 20 or more MOPOLs in all, but around 10 of them got down and started creeping toward the compound\u2026 like they wanted to surprise the 50 to 60 youths who were still gathered on the road. When they got to the entrance, the MOPOLs opened fire, making all the youths take off running. After this, they started chasing the youths as they ran to seek cover in the compound. I saw them enter one house just across the street from us. We heard shots and later we saw five bodies there. Anyone they found hiding in the garage, they shot them. They combed the garage hunting for people. This went on for about 10 minutes or so. Then they returned to their truck and left. They were dressed like the MOPOLs always dress\u2014with that black top and green trousers, and with all the patches they always wear.\u201d A man who worked at the compound described what he saw that day:  \u201c[On November 29, around 8:30-9 a.m.], I was standing [near the back gate of the compound]. I then saw about 30 people running down the path into the compound where I was. They were being shot at by the MOPOLs. I could hear the bullets coming in. People tried to climb over the wall. Other people ran out of the gate. Around eight MOPOLs came down our path. They shot four people right in front of me. The guard who works at the front [of the compound] was afraid and grabbed onto me. He told the police that we worked together. They asked me who this man was. I said he is a colleague. They ignored me and pulled him from me. The MOPOL then shot M. [his colleague] once in the chest. I was right next to him when they shot him. The police who shot him was very close. The people who were killed did not have any weapons.\u201d", "sources": ["77736dad-a4cd-4858-a77b-80fe73060b26"], "accesspoints": ["d40dab2e-0d26-4865-a792-1aaf27e9a618"]}}, {"model": "violation.violationdivisionid", "pk": 19, "fields": {"lang": null, "confidence": "1", "object_ref": 21, "value": "ocd-division/country:ng", "sources": ["8b17aa17-04aa-49b7-8b80-86c0f0b8a99d"], "accesspoints": ["52ae2e6b-e791-454a-949b-7ea62d91864b"]}}, {"model": "violation.violationenddate", "pk": 21, "fields": {"lang": "en", "confidence": "1", "object_ref": 21, "value": "2008-11-29", "sources": ["f54ea7ae-911a-4032-a818-4629b82dc51c"], "accesspoints": ["74fe80b8-5934-46b7-a50e-f1ee7a16f7f9"]}}, {"model": "violation.violationlocation", "pk": 13, "fields": {"lang": null, "confidence": "1", "object_ref": 21, "value": "SRID=4326;POINT (8.8979400906480901 9.9175124639179995)", "sources": ["c941b6a9-bd74-4de0-a093-f5e98caacdb2"], "accesspoints": ["e5555b08-d901-4388-89c5-c5a8c0471dd7"]}}, {"model": "violation.violationlocationdescription", "pk": 12, "fields": {"lang": "en", "confidence": "1", "object_ref": 21, "value": "Angwan Rogo neighborhood", "sources": ["91291fa2-c616-4d5b-b7b8-2142a14de8a2"], "accesspoints": ["d567417d-fb7b-4573-bf7a-fb2c62c6ea38"]}}, {"model": "violation.violationosmid", "pk": 13, "fields": {"lang": null, "confidence": "1", "object_ref": 21, "value": "501540902", "sources": ["ddf48abd-7afe-4c80-99a8-65a3706fa38f"], "accesspoints": ["72237a4e-55a6-466e-92d4-f960775b6c4e"]}}, {"model": "violation.violationosmname", "pk": 13, "fields": {"lang": null, "confidence": "1", "object_ref": 21, "value": "Jos", "sources": ["fa4be554-efb2-44f7-9069-34db752caa7e"], "accesspoints": ["7125fc85-38de-453a-bb7d-b3d4d2bda009"]}}, {"model": "violation.violationperpetratorclassification", "pk": 19, "fields": {"lang": "en", "confidence": "1", "object_ref": 21, "value": 2, "sources": ["9c20a689-79c7-4c32-b8c6-6d9bb6f3e3dc"], "accesspoints": ["01a60d77-64c1-4f47-8cd1-ab39bdecd087"]}}, {"model": "violation.violationstartdate", "pk": 21, "fields": {"lang": "en", "confidence": "1", "object_ref": 21, "value": "2008-11-29", "sources": ["0895de00-465b-4914-b1bd-86d0628913c5"], "accesspoints": ["52e2bd2f-7e60-4f36-b36b-0af897b13c80"]}}, {"model": "violation.violationtype", "pk": 25, "fields": {"lang": "en", "confidence": "1", "object_ref": 21, "value": 1, "sources": ["629c1020-02d2-4a4a-b27f-249e3febc3c4"], "accesspoints": ["0ab602ea-f0d2-48e4-ae34-56281d4f18e6"]}}, {"model": "violation.violationadminlevel1", "pk": 20, "fields": {"lang": "en", "confidence": "1", "object_ref": 22, "value": "3720611", "sources": ["87ddcb18-dcb8-420e-b9ae-35eba0111ed7"], "accesspoints": ["bab73096-78d8-42f8-9bd5-94a7d4165b71"]}}, {"model": "violation.violationadminlevel2", "pk": 14, "fields": {"lang": null, "confidence": "1", "object_ref": 22, "value": "Plateau", "sources": ["6122fc91-6aa6-498a-b1be-acdb4e59da4a"], "accesspoints": ["eea4c4ec-49d0-4c26-a1b8-1f3798367380"]}}, {"model": "violation.violationdescription", "pk": 22, "fields": {"lang": "en", "confidence": "1", "object_ref": 22, "value": "According to Human Rights Watch: \"Witnesses described how on the morning of November 29, MOPOL officers entered the Angwan Damisa neighborhood in Rikkos and shot and killed eight residents. The MOPOLs shot two unarmed residents in the street and summarily executed six people inside a local bakery. A man who works at the bakery described what he saw that day: \u201cOn Saturday around 9:30 a.m. we were sitting in front of the bakery. There were four of us sitting down. There were three people in the shop. A neighbor came from across the street to ask if there was bread. I saw two people walking in our direction. Behind them I saw about seven mobile police. They were in mobile police uniforms. Two were wearing black tops and green trousers. The others were wearing all green. They all had guns. The two men were unaware that the mobile [police] were following them from behind. I saw the mobile police cocking their guns towards this direction. When the two gentlemen turned around and saw the mobile police they ran into the bakery. They had no arms [weapons]. I ran across the street to an alley. I looked back and saw the mobile police enter the bakery. I then heard shooting. The mobile police came out and started shooting outside. They then put the place ablaze. I saw them throw something into the bakery. They also threw something on top of the buildings across the street. They then went to the other side and started shooting and came back and left. I heard someone crying inside the bakery that they wanted to drink water. The building was burning on one side. When I came inside I saw blood all inside. Only one of them didn\u2019t give up [was still alive] but the others were dead. They were all in the same room. I don\u2019t know where they were shot because there was blood everywhere. Three of them [the dead] were the staff, including the manager of the bakery. The other was a neighbor\u2014who had come to buy bread\u2014and the other two were the neighbor men [who had run into the bakery]. They were all Muslim, Hausa. The fire was still burning and I called others to come assist me and we removed them from the house. I then took the man who was still alive to the hospital and he died in the hospital. We brought him back and took the six of them to the Central Mosque about 1:30 p.m. on Saturday.\u201d", "sources": ["586c9cf2-d395-4843-97fc-81f2d7300c97"], "accesspoints": ["106090f9-7768-4b06-928d-5be00ca73a89"]}}, {"model": "violation.violationdivisionid", "pk": 20, "fields": {"lang": null, "confidence": "1", "object_ref": 22, "value": "ocd-division/country:ng", "sources": ["05c41b1c-c1a1-47be-9e23-5406d80f92f0"], "accesspoints": ["32273563-f4db-4854-ba32-e95e298505e5"]}}, {"model": "violation.violationenddate", "pk": 22, "fields": {"lang": "en", "confidence": "1", "object_ref": 22, "value": "2008-11-29", "sources": ["23e2862c-7a86-460b-89be-36fc671dcc52"], "accesspoints": ["85b4a3db-8b37-49bc-abf6-9c0f8ab5d2e2"]}}, {"model": "violation.violationlocation", "pk": 14, "fields": {"lang": null, "confidence": "1", "object_ref": 22, "value": "SRID=4326;POINT (8.8979400906480901 9.9175124639179995)", "sources": ["f7a6d28b-323c-484b-bdee-e15cf08036d2"], "accesspoints": ["cccbe9bd-2c8b-4bcd-b7ff-4f284c15a49e"]}}, {"model": "violation.violationlocationdescription", "pk": 13, "fields": {"lang": "en", "confidence": "1", "object_ref": 22, "value": "Angwan Damisa neighborhood in Rikkos", "sources": ["7f99cfd3-df60-44ba-8bc2-df0e27fb1042"], "accesspoints": ["e955f65f-50e6-49a2-ae6e-df24eddd6042"]}}, {"model": "violation.violationosmid", "pk": 14, "fields": {"lang": null, "confidence": "1", "object_ref": 22, "value": "501540902", "sources": ["7f99cfd3-df60-44ba-8bc2-df0e27fb1042"], "accesspoints": ["e955f65f-50e6-49a2-ae6e-df24eddd6042"]}}, {"model": "violation.violationosmname", "pk": 14, "fields": {"lang": null, "confidence": "1", "object_ref": 22, "value": "Jos", "sources": ["e44cc839-8167-4d13-b1ee-0cc8b0389354"], "accesspoints": ["f3a039e4-1bc9-405b-8fb0-b6ff3abee612"]}}, {"model": "violation.violationperpetratorclassification", "pk": 20, "fields": {"lang": "en", "confidence": "1", "object_ref": 22, "value": 2, "sources": ["1435e1d6-4fd3-4c36-878c-6b531817d5c4"], "accesspoints": ["ad020d6a-3481-4aaa-87f3-775deae70341"]}}, {"model": "violation.violationstartdate", "pk": 22, "fields": {"lang": "en", "confidence": "1", "object_ref": 22, "value": "2008-11-29", "sources": ["a91ed456-76d0-4a83-bf72-e785a0d3a8b1"], "accesspoints": ["41ed56e7-4e67-428e-9a34-610e8d074ac8"]}}, {"model": "violation.violationtype", "pk": 26, "fields": {"lang": "en", "confidence": "1", "object_ref": 22, "value": 1, "sources": ["e1718c6a-1cde-4e90-8cbe-4061afb8fa1e"], "accesspoints": ["7f2d706a-c613-48a9-a26f-67a80a501502"]}}, {"model": "source.source", "pk": "b9487219-3570-4ba4-8140-c09264f7c2e7", "fields": {"title": "Another Carnage in Jos - New-Found Peace Shattered", "publication": "Vanguard", "publication_country": null, "published_on": "2012-03-04", "source_url": "http://www.vanguardngr.com/2012/03/another-carnage-in-jos-new-found-peace-shattered/", "date_updated": "2016-12-15T15:53:19.465Z", "date_added": "2016-12-15T15:53:19.465Z", "user": 1}}, {"model": "source.accesspoint", "pk": "80bc143a-e182-47d6-bded-0476d7bf7333", "fields": {"page_number": null, "accessed_on": null, "archive_url": null, "source": "b9487219-3570-4ba4-8140-c09264f7c2e7", "user": 1}}, {"model": "source.source", "pk": "bcae6f54-d2ac-411f-b111-ff03ee268a9e", "fields": {"title": "35 suspects arrested in arms mop-up operation in Delta", "publication": "News Agency of Nigeria", "publication_country": null, "published_on": "2016-03-11", "source_url": "http://nannewsnigeria.com/35-suspects-arrested-arms-mop-operation-delta", "date_updated": "2016-12-15T15:42:42.007Z", "date_added": "2016-12-15T15:42:42.007Z", "user": 1}}, {"model": "source.accesspoint", "pk": "1db25cfb-a189-44ac-aa3d-0c6b25ffeb27", "fields": {"page_number": null, "accessed_on": null, "archive_url": null, "source": "bcae6f54-d2ac-411f-b111-ff03ee268a9e", "user": 1}}, {"model": "source.source", "pk": "28b1607f-0707-4617-ab04-2988eb737dad", "fields": {"title": "Ihejirika - Insecurity Hard On Army Funds", "publication": "Daily Trust.", "publication_country": null, "published_on": "2012-05-17", "source_url": null, "date_updated": "2016-12-15T15:39:54.569Z", "date_added": "2016-12-15T15:39:54.569Z", "user": 1}}, {"model": "source.accesspoint", "pk": "c83a9243-9a33-4ea5-9b05-602be291a633", "fields": {"page_number": null, "accessed_on": null, "archive_url": null, "source": "28b1607f-0707-4617-ab04-2988eb737dad", "user": 1}}, {"model": "source.source", "pk": "8ddd23ac-c9a3-4afd-8619-6872cfdce7b0", "fields": {"title": "Insurgency - Army Creates New Division in North East", "publication": "Daily Trust", "publication_country": null, "published_on": "2013-08-19", "source_url": "http://allafrica.com/stories/201308190549.html", "date_updated": "2016-12-15T15:40:17.122Z", "date_added": "2016-12-15T15:40:17.122Z", "user": 1}}, {"model": "source.accesspoint", "pk": "f5291b7e-d2b0-4daa-929c-a1e5a4e82218", "fields": {"page_number": null, "accessed_on": null, "archive_url": null, "source": "8ddd23ac-c9a3-4afd-8619-6872cfdce7b0", "user": 1}}, {"model": "violation.perpetratorclassification", "pk": 1, "fields": {"value": "Police"}}, {"model": "source.source", "pk": "df16f2d6-9a5b-436d-a424-9b407f8a5631", "fields": {"title": "Operation Lafiya Dole' Command Interfaces With Host Communities", "publication": "Daily Trust", "publication_country": null, "published_on": "2016-01-28", "source_url": "http://www.dailytrust.com.ng/news/borno/-operation-lafiya-dole-command-interfaces-with-host-communities/131281.html", "date_updated": "2016-12-15T15:45:34.861Z", "date_added": "2016-12-15T15:45:34.861Z", "user": 1}}, {"model": "source.accesspoint", "pk": "246b9480-2bb6-4942-a9bb-40336451f868", "fields": {"page_number": null, "accessed_on": null, "archive_url": null, "source": "df16f2d6-9a5b-436d-a424-9b407f8a5631", "user": 1}}, {"model": "source.source", "pk": "d1eb6b33-7e85-4bb3-acdf-f9d3f52c42a6", "fields": {"title": "Joint Task Force Invasion - Minister's Family Flee Home", "publication": "Daily Champion", "publication_country": null, "published_on": "2010-09-28", "source_url": "http://allafrica.com/stories/201009290224.html", "date_updated": "2016-12-15T15:45:01.479Z", "date_added": "2016-12-15T15:45:01.479Z", "user": 1}}, {"model": "source.accesspoint", "pk": "742ae09f-57ff-4817-8830-10e8d1efd57c", "fields": {"page_number": null, "accessed_on": null, "archive_url": null, "source": "d1eb6b33-7e85-4bb3-acdf-f9d3f52c42a6", "user": 1}}, {"model": "violation.type", "pk": 1, "fields": {"code": "Violations of the right to life"}}, {"model": "source.source", "pk": "dac69cf9-24d5-4427-80c1-fb3547a1e748", "fields": {"title": "Nwoga Takes Over At Three Division", "publication": "Daily Trust", "publication_country": null, "published_on": "2014-01-11", "source_url": "http://allafrica.com/stories/201401130501.html", "date_updated": "2016-12-15T15:40:45.936Z", "date_added": "2016-12-15T15:40:45.936Z", "user": 1}}, {"model": "source.accesspoint", "pk": "ba0826b9-f2fc-4c3d-9a1a-7d8bf305cbf9", "fields": {"page_number": null, "accessed_on": null, "archive_url": null, "source": "dac69cf9-24d5-4427-80c1-fb3547a1e748", "user": 1}}, {"model": "source.source", "pk": "abadcf71-bab6-429a-96f6-ef3fcc87c275", "fields": {"title": "Governor Obiano Presents Three Refurbished APCs to Anambra Police", "publication": "Premium Times", "publication_country": null, "published_on": "2014-09-10", "source_url": "http://allafrica.com/stories/201409110241.html", "date_updated": "2016-12-15T15:51:29.266Z", "date_added": "2016-12-15T15:51:29.266Z", "user": 1}}, {"model": "source.accesspoint", "pk": "c8d75e06-682b-4c65-b52d-8aecef508608", "fields": {"page_number": null, "accessed_on": null, "archive_url": null, "source": "abadcf71-bab6-429a-96f6-ef3fcc87c275", "user": 1}}, {"model": "source.source", "pk": "272ae10f-f7b6-4f49-8d10-614d42c1f213", "fields": {"title": "\"Nigerian Army | 7 Division\". Nigerian Army. http://army.mil.ng/Nigerian%20Army%20-%207%20%20Division.html Internet Archive link: https://web.archive.org/web/20150402101528/http://army.mil.ng/Nigerian%20Army%20-%207%20%20Division.html", "publication": null, "publication_country": null, "published_on": "1900-01-01", "source_url": null, "date_updated": "2016-12-15T15:54:50.871Z", "date_added": "2016-12-15T15:54:50.871Z", "user": 1}}, {"model": "source.accesspoint", "pk": "1dc3fbc5-167c-4c0a-ae14-ca8c90b6650c", "fields": {"page_number": null, "accessed_on": null, "archive_url": null, "source": "272ae10f-f7b6-4f49-8d10-614d42c1f213", "user": 1}}, {"model": "source.source", "pk": "9c7c86f5-de92-4f06-846a-d2b66bd4345e", "fields": {"title": "VIP Treatment for Lagos Bomb Blast Suspect", "publication": "Daily Independent", "publication_country": null, "published_on": "2010-01-18", "source_url": "http://allafrica.com/stories/201001190575.html", "date_updated": "2016-12-15T15:45:12.121Z", "date_added": "2016-12-15T15:45:12.121Z", "user": 1}}, {"model": "source.accesspoint", "pk": "44167a63-a3c8-46de-9123-d4209bcf675c", "fields": {"page_number": null, "accessed_on": null, "archive_url": null, "source": "9c7c86f5-de92-4f06-846a-d2b66bd4345e", "user": 1}}, {"model": "source.source", "pk": "7ae8b0cd-3c8d-48b3-8a3e-d02fd329e222", "fields": {"title": " ANAMBRA POLICE COMMAND. Nigeria Police Force. http://www.npf.gov.ng/ZoneDetails?id=anambra Internet Archive link: https://web.archive.org/web/20140830133149/http://www.npf.gov.ng/ZoneDetails?id=anambra ", "publication": null, "publication_country": null, "published_on": "1900-01-01", "source_url": null, "date_updated": "2016-12-15T15:44:01.195Z", "date_added": "2016-12-15T15:44:01.195Z", "user": 1}}, {"model": "source.accesspoint", "pk": "1241695e-d88b-4139-8fb2-0cf517d32ebd", "fields": {"page_number": null, "accessed_on": null, "archive_url": null, "source": "7ae8b0cd-3c8d-48b3-8a3e-d02fd329e222", "user": 1}}, {"model": "source.source", "pk": "11be2822-f974-4234-93ad-8921317bd936", "fields": {"title": "How JTF Exhumed the Body of John Togo", "publication": "Vanguard", "publication_country": null, "published_on": "2011-06-04", "source_url": "http://www.vanguardngr.com/2011/06/how-jtf-exhumed-the-body-of-john-togo/", "date_updated": "2016-12-15T15:43:31.425Z", "date_added": "2016-12-15T15:43:31.425Z", "user": 1}}, {"model": "source.accesspoint", "pk": "9b0bde51-2613-47aa-a72e-36db752b5d8a", "fields": {"page_number": null, "accessed_on": null, "archive_url": null, "source": "11be2822-f974-4234-93ad-8921317bd936", "user": 1}}, {"model": "source.source", "pk": "ac35b9a9-8586-4af9-bf45-01e21934f7d0", "fields": {"title": "\"Nigerian Army | 7 Division\". Nigerian Army. http://army.mil.ng/Nigerian%20Army%20-%207%20%20Division.html Internet Archive link: https://web.archive.org/web/20150402101528/http://army.mil.ng/Nigerian%20Army%20-%207%20%20Division.html ", "publication": null, "publication_country": null, "published_on": "1900-01-01", "source_url": null, "date_updated": "2016-12-15T15:54:49.870Z", "date_added": "2016-12-15T15:54:49.870Z", "user": 1}}, {"model": "source.accesspoint", "pk": "ff7b7323-350e-41dc-b413-aa312475a5b6", "fields": {"page_number": null, "accessed_on": null, "archive_url": null, "source": "ac35b9a9-8586-4af9-bf45-01e21934f7d0", "user": 1}}, {"model": "source.source", "pk": "9c5485a4-d3ad-4c4b-8c9e-73f2f68bc582", "fields": {"title": "Air Force Jet Foils Ambush Against Ground Troops, Kills 15 Boko Haram Terrorists", "publication": "This Day", "publication_country": null, "published_on": "2016-06-20", "source_url": "http://allafrica.com/stories/201606200610.html", "date_updated": "2016-12-15T15:40:43.144Z", "date_added": "2016-12-15T15:40:43.144Z", "user": 1}}, {"model": "source.accesspoint", "pk": "1e0bb0c9-6021-4e97-84ef-b4e4ad532278", "fields": {"page_number": null, "accessed_on": null, "archive_url": null, "source": "9c5485a4-d3ad-4c4b-8c9e-73f2f68bc582", "user": 1}}, {"model": "source.source", "pk": "ceb6d0a5-6e44-44f6-8e13-a49d72a497f1", "fields": {"title": "\u201cArbitrary Killings by Security Forces: Submission to the Investigative Bodies on the November 28-29, 2008 Violence in Jos, Plateau State, Nigeria.\u201d Human Rights Watch. July 2009.  Pages 19-23. http://www.hrw.org/sites/default/files/reports/nigeria0709web.pdf Internet Archive link: https://web.archive.org/web/20090724071034/http://www.hrw.org/sites/default/files/reports/nigeria0709web.pdf", "publication": null, "publication_country": null, "published_on": "1900-01-01", "source_url": null, "date_updated": "2016-12-15T16:26:08.730Z", "date_added": "2016-12-15T16:26:08.730Z", "user": 1}}, {"model": "source.accesspoint", "pk": "44f60717-d1d5-41b3-a66d-288e812098cb", "fields": {"page_number": null, "accessed_on": null, "archive_url": null, "source": "ceb6d0a5-6e44-44f6-8e13-a49d72a497f1", "user": 1}}, {"model": "source.source", "pk": "e44cc839-8167-4d13-b1ee-0cc8b0389354", "fields": {"title": "Nigeria: 680 Soldiers Head for Darfur. This Day. 7 October 2007. (accessed via AllAfrica.com) (retrieved 19 April 2014)", "publication": null, "publication_country": null, "published_on": "1900-01-01", "source_url": null, "date_updated": "2016-12-15T15:40:37.783Z", "date_added": "2016-12-15T15:40:37.783Z", "user": 1}}, {"model": "source.accesspoint", "pk": "f3a039e4-1bc9-405b-8fb0-b6ff3abee612", "fields": {"page_number": null, "accessed_on": null, "archive_url": null, "source": "e44cc839-8167-4d13-b1ee-0cc8b0389354", "user": 1}}, {"model": "source.source", "pk": "c49ebac9-f5d7-40ab-b79e-549cc322cd52", "fields": {"title": "Police Ban Unlawful Procession in Bayelsa", "publication": "This Day", "publication_country": null, "published_on": "2006-03-30", "source_url": "http://allafrica.com/stories/200603300470.html", "date_updated": "2016-12-15T15:44:12.643Z", "date_added": "2016-12-15T15:44:12.643Z", "user": 1}}, {"model": "source.accesspoint", "pk": "26cc2118-d39b-4f1d-a99c-24592dcee50c", "fields": {"page_number": null, "accessed_on": null, "archive_url": null, "source": "c49ebac9-f5d7-40ab-b79e-549cc322cd52", "user": 1}}, {"model": "violation.type", "pk": 2, "fields": {"code": "Violations of the right to life "}}, {"model": "violation.type", "pk": 3, "fields": {"code": " Violations against personal integrity"}}, {"model": "source.source", "pk": "a936f6cc-f0cb-431e-b9cf-80316fbcbb52", "fields": {"title": "Country Reports on Human Rights Practices for 2011, Nigeria. United States Department of State, Bureau of Democracy, Human Rights and Labor. http://www.state.gov/documents/organization/186441.pdf Internet Archive link: https://web.archive.org/web/20120601111933/http://www.state.gov/documents/organization/186441.pdf", "publication": null, "publication_country": null, "published_on": "1900-01-01", "source_url": null, "date_updated": "2016-12-15T15:56:05.968Z", "date_added": "2016-12-15T15:56:05.968Z", "user": 1}}, {"model": "source.accesspoint", "pk": "e8e8f777-189f-4df6-ad49-90f4b5a4588f", "fields": {"page_number": null, "accessed_on": null, "archive_url": null, "source": "a936f6cc-f0cb-431e-b9cf-80316fbcbb52", "user": 1}}, {"model": "source.source", "pk": "9c0f3210-9193-4212-a2c3-f416abb8f336", "fields": {"title": "NBA, Lacon, Avocats Team to Assist Victims of Torture", "publication": "Daily Trust", "publication_country": null, "published_on": "2011-08-23", "source_url": "http://allafrica.com/stories/201108231047.html", "date_updated": "2016-12-15T15:50:59.392Z", "date_added": "2016-12-15T15:50:59.392Z", "user": 1}}, {"model": "source.source", "pk": "f7d72c7a-01ea-493e-a541-28993a64a993", "fields": {"title": "Stars on their shoulders", "publication": "Blood on their hands. War crimes committed by the Nigerian military.\" Amnesty International.", "publication_country": null, "published_on": "2015-06-02", "source_url": "https://www.amnesty.org/en/documents/afr44/1657/2015/en/", "date_updated": "2016-12-15T15:54:24.549Z", "date_added": "2016-12-15T15:54:24.549Z", "user": 1}}, {"model": "source.accesspoint", "pk": "ffe2a699-bd1a-4086-a3ff-8c5ec0489bda", "fields": {"page_number": null, "accessed_on": null, "archive_url": null, "source": "9c0f3210-9193-4212-a2c3-f416abb8f336", "user": 1}}, {"model": "source.accesspoint", "pk": "3373c58b-367c-4672-b15e-b14cc6c2429d", "fields": {"page_number": null, "accessed_on": null, "archive_url": null, "source": "f7d72c7a-01ea-493e-a541-28993a64a993", "user": 1}}, {"model": "source.source", "pk": "1be5b978-9623-400a-b346-11853951f2f0", "fields": {"title": " Over 900 Mali Returnee Troops Arrive Borno. This Day (Nigeria). 6 August 2013. http://allafrica.com/stories/201308060645.html (accessed via AllAfrica.com) ", "publication": null, "publication_country": null, "published_on": "1900-01-01", "source_url": null, "date_updated": "2016-12-15T15:50:46.476Z", "date_added": "2016-12-15T15:50:46.476Z", "user": 1}}, {"model": "source.source", "pk": "cf2e8bdc-f09c-4afb-bf3c-23a70bd3f171", "fields": {"title": "Lagos Police Arrest 12 Suspected Robbers in 10 Days", "publication": "Vanguard", "publication_country": null, "published_on": "2013-07-21", "source_url": "http://www.vanguardngr.com/2013/07/lagos-police-arrest-12-suspected-robbers-in-10-days/", "date_updated": "2016-12-15T15:45:12.134Z", "date_added": "2016-12-15T15:45:12.134Z", "user": 1}}, {"model": "source.accesspoint", "pk": "5e91eab3-1bab-47bc-b2ce-d41f85eeb68b", "fields": {"page_number": null, "accessed_on": null, "archive_url": null, "source": "1be5b978-9623-400a-b346-11853951f2f0", "user": 1}}, {"model": "source.accesspoint", "pk": "ffb677c9-ec46-4d00-8331-342c77f54b29", "fields": {"page_number": null, "accessed_on": null, "archive_url": null, "source": "cf2e8bdc-f09c-4afb-bf3c-23a70bd3f171", "user": 1}}, {"model": "source.source", "pk": "188ab010-5aa0-4ae0-8310-9f5b7a503ab6", "fields": {"title": " Nigeria deploys 700 soldiers to Liberia. The Nation (Nigeria). 26 June 2015. http://thenationonlineng.net/nigeria-deploys-700-soldiers-to-liberia/ Internet Archive link: https://web.archive.org/web/20150927145213/http://thenationonlineng.net/nigeria-deploys-700-soldiers-to-liberia/ ", "publication": null, "publication_country": null, "published_on": "1900-01-01", "source_url": null, "date_updated": "2016-12-15T15:39:23.226Z", "date_added": "2016-12-15T15:39:23.226Z", "user": 1}}, {"model": "source.source", "pk": "bbf963eb-2ecf-433a-b322-e12c19d1ed74", "fields": {"title": "JTF arrests 2 Britons, 12 Nigerians for illegal bunkering", "publication": "Vanguard", "publication_country": null, "published_on": "2014-03-29", "source_url": "http://www.vanguardngr.com/2014/03/jtf-arrests-2-britons-12-nigerians-illegal-bunkering/", "date_updated": "2016-12-15T15:43:08.412Z", "date_added": "2016-12-15T15:43:08.413Z", "user": 1}}, {"model": "source.accesspoint", "pk": "35946e72-8f81-45a5-8d46-8dbfea76ee00", "fields": {"page_number": null, "accessed_on": null, "archive_url": null, "source": "188ab010-5aa0-4ae0-8310-9f5b7a503ab6", "user": 1}}, {"model": "source.accesspoint", "pk": "79f817a0-1506-48db-b00c-cbc014cfbe71", "fields": {"page_number": null, "accessed_on": null, "archive_url": null, "source": "bbf963eb-2ecf-433a-b322-e12c19d1ed74", "user": 1}}, {"model": "source.source", "pk": "131527eb-2b4b-4bf3-be01-f920abdf775e", "fields": {"title": "Nigeria Police Regulations 1968 Part II S.19(2). 1968. http://lawsofnigeria.placng.org/laws/P19.pdf Internet Archive Link: https://web.archive.org/web/20160819165913/http://lawsofnigeria.placng.org/laws/P19.pdf ", "publication": null, "publication_country": null, "published_on": "1900-01-01", "source_url": null, "date_updated": "2016-12-15T15:44:11.773Z", "date_added": "2016-12-15T15:44:11.773Z", "user": 1}}, {"model": "source.source", "pk": "5e9304d9-21c0-4169-8653-ffa815eff51a", "fields": {"title": "Explosion Rocks Police Station in Adamawa", "publication": "Premium Times", "publication_country": null, "published_on": "2016-02-25", "source_url": "http://allafrica.com/stories/201602251300.html", "date_updated": "2016-12-15T15:44:47.276Z", "date_added": "2016-12-15T15:44:47.276Z", "user": 1}}, {"model": "source.accesspoint", "pk": "8cdb0688-9179-4615-9db9-1e4f1465b7ee", "fields": {"page_number": null, "accessed_on": null, "archive_url": null, "source": "131527eb-2b4b-4bf3-be01-f920abdf775e", "user": 1}}, {"model": "source.accesspoint", "pk": "120c4734-b33f-4b8e-bd1c-3df80f649c00", "fields": {"page_number": null, "accessed_on": null, "archive_url": null, "source": "5e9304d9-21c0-4169-8653-ffa815eff51a", "user": 1}}, {"model": "source.source", "pk": "07dacb98-0431-48fc-91a7-c3982b9fe747", "fields": {"title": "IGP Redeploys Top Officers On Election Duty", "publication": "Daily Trust", "publication_country": null, "published_on": "2015-03-27", "source_url": "http://www.vanguardngr.com/2013/05/aig-warns-officers-over-accidental-discharge/", "date_updated": "2016-12-15T15:50:19.316Z", "date_added": "2016-12-15T15:50:19.316Z", "user": 1}}, {"model": "source.source", "pk": "d709ca7c-7116-472c-8330-b63b9d3d80f1", "fields": {"title": "Combating the Rot in Army Barracks - the 82 Division Angle", "publication": "Daily Trust", "publication_country": null, "published_on": "2012-11-18", "source_url": "http://www.dailytrust.com.ng/sunday/index.php/feature/2919-combating-the-rot-in-army-barracks-the-82-division-angle", "date_updated": "2016-12-15T15:39:39.830Z", "date_added": "2016-12-15T15:39:39.830Z", "user": 1}}, {"model": "source.accesspoint", "pk": "e025b605-fe90-4e90-8cbe-2cfeb341062e", "fields": {"page_number": null, "accessed_on": null, "archive_url": null, "source": "07dacb98-0431-48fc-91a7-c3982b9fe747", "user": 1}}, {"model": "source.accesspoint", "pk": "40634345-4862-4314-a0bf-f2b9acac8ca1", "fields": {"page_number": null, "accessed_on": null, "archive_url": null, "source": "d709ca7c-7116-472c-8330-b63b9d3d80f1", "user": 1}}, {"model": "source.source", "pk": "4c411fab-773d-49e9-888c-3add68706ab0", "fields": {"title": "How Soldiers Misled Us While On Mission to Free Abducted Colleague - Priest", "publication": "Daily Trust", "publication_country": null, "published_on": "2014-04-27", "source_url": "http://allafrica.com/stories/201404280379.html", "date_updated": "2016-12-15T15:43:52.250Z", "date_added": "2016-12-15T15:43:52.250Z", "user": 1}}, {"model": "source.source", "pk": "9e5630ac-2e58-4f27-88fa-b66f92260b08", "fields": {"title": "JTF Captures 3 Sea Pirates, Recovers Arms, Ammunition", "publication": "Vanguard", "publication_country": null, "published_on": "2013-11-08", "source_url": "http://www.vanguardngr.com/2013/11/jtf-captures-3-sea-pirates-recovers-arms-ammunition/", "date_updated": "2016-12-15T15:44:48.355Z", "date_added": "2016-12-15T15:44:48.355Z", "user": 1}}, {"model": "source.accesspoint", "pk": "444a3022-3782-47a0-ae1f-c5a10c2ceaf9", "fields": {"page_number": null, "accessed_on": null, "archive_url": null, "source": "4c411fab-773d-49e9-888c-3add68706ab0", "user": 1}}, {"model": "source.accesspoint", "pk": "8c3d6d9b-9dca-4cbd-be42-12dcfd2750e8", "fields": {"page_number": null, "accessed_on": null, "archive_url": null, "source": "9e5630ac-2e58-4f27-88fa-b66f92260b08", "user": 1}}, {"model": "source.source", "pk": "5d61308f-f9d1-4bd3-af15-c7293cdf3583", "fields": {"title": "Osun Election: \u201950 APC members still in detention", "publication": "\u2019 Premium Times", "publication_country": null, "published_on": "2014-08-19", "source_url": "http://www.premiumtimesng.com/opinion/166976-osun-election-50-apc-members-still-in-detention.html", "date_updated": "2016-12-15T15:51:24.691Z", "date_added": "2016-12-15T15:51:24.691Z", "user": 1}}, {"model": "source.source", "pk": "a3aab015-f5f0-440a-b754-9841adea50e8", "fields": {"title": "Police Detains Woman for Throwing Baby Into a Well", "publication": "Daily Independent", "publication_country": null, "published_on": "2011-08-16", "source_url": "http://allafrica.com/stories/201108170947.html", "date_updated": "2016-12-15T15:50:58.708Z", "date_added": "2016-12-15T15:50:58.708Z", "user": 1}}, {"model": "source.accesspoint", "pk": "def6ecdc-3ddf-45cb-8551-5b26855b4957", "fields": {"page_number": null, "accessed_on": null, "archive_url": null, "source": "5d61308f-f9d1-4bd3-af15-c7293cdf3583", "user": 1}}, {"model": "source.accesspoint", "pk": "d93c9f50-74b5-463b-8d74-6529992657e6", "fields": {"page_number": null, "accessed_on": null, "archive_url": null, "source": "a3aab015-f5f0-440a-b754-9841adea50e8", "user": 1}}, {"model": "source.source", "pk": "d0c1b00b-f355-4919-bf66-288c853e5a92", "fields": {"title": "Nigeria deploys 700 soldiers to Liberia. The Nation (Nigeria). 26 June 2015. http://thenationonlineng.net/nigeria-deploys-700-soldiers-to-liberia/ Internet Archive link: https://web.archive.org/web/20150927145213/http://thenationonlineng.net/nigeria-deploys-700-soldiers-to-liberia/", "publication": null, "publication_country": null, "published_on": "1900-01-01", "source_url": null, "date_updated": "2016-12-15T15:39:23.300Z", "date_added": "2016-12-15T15:39:23.300Z", "user": 1}}, {"model": "source.accesspoint", "pk": "401e53e9-2380-40ef-956b-0995544c0234", "fields": {"page_number": null, "accessed_on": null, "archive_url": null, "source": "d0c1b00b-f355-4919-bf66-288c853e5a92", "user": 1}}, {"model": "source.source", "pk": "b5f4083a-c257-4e19-81e0-a29d3c13fde2", "fields": {"title": "JTF Nabs Eight Suspects Over SDPC Pipeline Inferno", "publication": "Vanguard", "publication_country": null, "published_on": "2013-06-23", "source_url": "http://www.vanguardngr.com/2013/06/jtf-nabs-eight-suspects-over-spdc-pipeline-inferno/", "date_updated": "2016-12-15T15:42:41.929Z", "date_added": "2016-12-15T15:42:41.929Z", "user": 1}}, {"model": "source.accesspoint", "pk": "f0c44f13-a812-4526-b968-672805b8bd1f", "fields": {"page_number": null, "accessed_on": null, "archive_url": null, "source": "b5f4083a-c257-4e19-81e0-a29d3c13fde2", "user": 1}}, {"model": "source.source", "pk": "c285d5f5-317a-48be-8347-3ce70cccb0d0", "fields": {"title": "Over 60 Killed in Kano Multiple Explosions", "publication": "Leadership", "publication_country": null, "published_on": "2013-03-19", "source_url": "http://allafrica.com/stories/201303190239.html", "date_updated": "2016-12-15T15:51:13.531Z", "date_added": "2016-12-15T15:51:13.531Z", "user": 1}}, {"model": "source.accesspoint", "pk": "b49bcba0-360d-49b0-8482-712f12afa591", "fields": {"page_number": null, "accessed_on": null, "archive_url": null, "source": "c285d5f5-317a-48be-8347-3ce70cccb0d0", "user": 1}}, {"model": "source.source", "pk": "8ef7c2b9-dcce-46ce-8d72-dba52b02718b", "fields": {"title": "SOKOTO POLICE COMMAND", "publication": "Nigeria Police Force. http://www.npf.gov.ng/ZoneDetails?id=sokoto", "publication_country": null, "published_on": "2014-08-29", "source_url": "https://web.archive.org/web/20150316004215/http://npf.gov.ng/ZoneDetails?id=sokoto", "date_updated": "2016-12-15T15:49:24.821Z", "date_added": "2016-12-15T15:49:24.821Z", "user": 1}}, {"model": "source.accesspoint", "pk": "9e46db9d-bdbc-4b15-aeac-56cc11a558cd", "fields": {"page_number": null, "accessed_on": null, "archive_url": null, "source": "8ef7c2b9-dcce-46ce-8d72-dba52b02718b", "user": 1}}, {"model": "source.source", "pk": "f8454e02-5c0a-4a1e-9729-b156540ee7f9", "fields": {"title": "We Will Make Boko Haram Beg For Peace \u2013 Nigeria\u2019s Army Chief", "publication": "Sahara Reporters", "publication_country": null, "published_on": "2015-07-20", "source_url": "http://saharareporters.com/2015/07/20/we-will-make-boko-haram-beg-peace-%E2%80%93-nigeria%E2%80%99s-army-chief", "date_updated": "2016-12-15T15:39:39.955Z", "date_added": "2016-12-15T15:39:39.955Z", "user": 1}}, {"model": "source.accesspoint", "pk": "377d6249-8c4a-4de2-a2ef-a7c10c35cae5", "fields": {"page_number": null, "accessed_on": null, "archive_url": null, "source": "f8454e02-5c0a-4a1e-9729-b156540ee7f9", "user": 1}}, {"model": "source.source", "pk": "12fcfe48-3b60-41dd-89be-b8c3855366c5", "fields": {"title": "JTF Nabs 10 Suspected Suppliers of Fuel to Boko Haram in Jigawa", "publication": "Vagnuard", "publication_country": null, "published_on": "2015-10-16", "source_url": "http://www.vanguardngr.com/2015/10/jtf-nabs-10-suspected-suppliers-of-fuel-to-boko-haram-in-jigawa/", "date_updated": "2016-12-15T15:55:32.420Z", "date_added": "2016-12-15T15:55:32.420Z", "user": 1}}, {"model": "source.accesspoint", "pk": "807ee814-474c-4bec-bf82-e80fda2db41e", "fields": {"page_number": null, "accessed_on": null, "archive_url": null, "source": "12fcfe48-3b60-41dd-89be-b8c3855366c5", "user": 1}}, {"model": "source.source", "pk": "f9bd09ea-1f9b-42b1-853f-2b9181dcf568", "fields": {"title": "Jos Latest - 26 Mercenaries Arrested", "publication": "Vanguard", "publication_country": null, "published_on": "2009-01-03", "source_url": "http://allafrica.com/stories/200901050305.html", "date_updated": "2016-12-15T15:40:45.691Z", "date_added": "2016-12-15T15:40:45.691Z", "user": 1}}, {"model": "source.accesspoint", "pk": "300521ab-bdc6-4b8f-9668-32dfacaf1820", "fields": {"page_number": null, "accessed_on": null, "archive_url": null, "source": "f9bd09ea-1f9b-42b1-853f-2b9181dcf568", "user": 1}}, {"model": "source.source", "pk": "1a1966b1-0d57-4c3c-b855-2814f41e6047", "fields": {"title": "Oshiomhole commissions water projects in Army barracks", "publication": "The", "publication_country": null, "published_on": "2016-12-11", "source_url": null, "date_updated": "2016-12-15T15:42:55.502Z", "date_added": "2016-12-15T15:42:55.502Z", "user": 1}}, {"model": "source.accesspoint", "pk": "db6d3f85-ed90-4dcc-9e95-6901d0b3ff49", "fields": {"page_number": null, "accessed_on": null, "archive_url": null, "source": "1a1966b1-0d57-4c3c-b855-2814f41e6047", "user": 1}}, {"model": "source.source", "pk": "e8f0c6bc-3268-44b7-bd89-8fa14e958c5d", "fields": {"title": "Soldiers seize The Nation's parcels", "publication": "The Nation", "publication_country": null, "published_on": "2014-06-07", "source_url": "http://thenationonlineng.net/soldiers-seize-nations-parcels/", "date_updated": "2016-12-15T15:42:54.537Z", "date_added": "2016-12-15T15:42:54.537Z", "user": 1}}, {"model": "source.accesspoint", "pk": "2e24e6a4-4752-49c4-99d2-276f96edd09a", "fields": {"page_number": null, "accessed_on": null, "archive_url": null, "source": "e8f0c6bc-3268-44b7-bd89-8fa14e958c5d", "user": 1}}, {"model": "source.source", "pk": "19d40b74-b156-4051-8c6f-484385fd371d", "fields": {"title": "kume: Police Arrest 44 Suspects", "publication": "Vanguard", "publication_country": null, "published_on": "2004-03-10", "source_url": "http://allafrica.com/stories/200403100650.html", "date_updated": "2016-12-15T15:49:54.702Z", "date_added": "2016-12-15T15:49:54.702Z", "user": 1}}, {"model": "source.accesspoint", "pk": "82ec44a1-d56a-4a50-a9b2-1029663462b2", "fields": {"page_number": null, "accessed_on": null, "archive_url": null, "source": "19d40b74-b156-4051-8c6f-484385fd371d", "user": 1}}, {"model": "source.source", "pk": "597f02c0-1c14-43d0-8719-ae0826aaeb8d", "fields": {"title": "Two NGOs Laud JTF On Security", "publication": "Vanguard", "publication_country": null, "published_on": "2007-03-02", "source_url": "http://allafrica.com/stories/200703020206.html", "date_updated": "2016-12-15T15:45:01.545Z", "date_added": "2016-12-15T15:45:01.545Z", "user": 1}}, {"model": "source.accesspoint", "pk": "dbc8ea0b-94a6-49f9-b629-e2e89c76dc07", "fields": {"page_number": null, "accessed_on": null, "archive_url": null, "source": "597f02c0-1c14-43d0-8719-ae0826aaeb8d", "user": 1}}, {"model": "source.source", "pk": "dbe063bf-bcc1-41ec-b51d-c0b71c7ca843", "fields": {"title": "Renewed War Against Oil Thieves in Delta", "publication": "Leadership", "publication_country": null, "published_on": "2010-06-17", "source_url": "http://allafrica.com/stories/201006170559.html", "date_updated": "2016-12-15T15:45:01.377Z", "date_added": "2016-12-15T15:45:01.377Z", "user": 1}}, {"model": "source.accesspoint", "pk": "b0eae2a7-30cb-4a97-a916-e95affc74356", "fields": {"page_number": null, "accessed_on": null, "archive_url": null, "source": "dbe063bf-bcc1-41ec-b51d-c0b71c7ca843", "user": 1}}, {"model": "source.source", "pk": "5bcbffc9-48f3-49a7-9625-20356b8d0289", "fields": {"title": "Kawu Pledges Kano Govt's Assistance", "publication": "Leadership", "publication_country": null, "published_on": "2008-05-16", "source_url": "http://allafrica.com/stories/200805160137.html", "date_updated": "2016-12-15T15:55:35.508Z", "date_added": "2016-12-15T15:55:35.508Z", "user": 1}}, {"model": "source.accesspoint", "pk": "fa83820e-524a-4bd7-8d69-c3792c50aea1", "fields": {"page_number": null, "accessed_on": null, "archive_url": null, "source": "5bcbffc9-48f3-49a7-9625-20356b8d0289", "user": 1}}, {"model": "source.source", "pk": "39d0c851-b478-40f9-ac6e-069477bc2f55", "fields": {"title": "Boko Haram's Shekau Likely Dead, JTF says", "publication": "Daily Trust", "publication_country": null, "published_on": "2013-08-20", "source_url": "http://allafrica.com/stories/201308200212.html", "date_updated": "2016-12-15T15:45:02.921Z", "date_added": "2016-12-15T15:45:02.921Z", "user": 1}}, {"model": "source.accesspoint", "pk": "83b7330b-ada0-4519-a359-cc5fb2760f96", "fields": {"page_number": null, "accessed_on": null, "archive_url": null, "source": "39d0c851-b478-40f9-ac6e-069477bc2f55", "user": 1}}, {"model": "source.source", "pk": "4621a6bc-e74c-48a6-acb1-574d7c625e81", "fields": {"title": "18 Killed in Fresh Boko Haram Attack On Borno Village", "publication": "This Day", "publication_country": null, "published_on": "2013-09-09", "source_url": "http://allafrica.com/stories/201309090268.html", "date_updated": "2016-12-15T15:40:16.428Z", "date_added": "2016-12-15T15:40:16.428Z", "user": 1}}, {"model": "source.accesspoint", "pk": "84fc480d-fcfb-441e-adf9-32fd44231435", "fields": {"page_number": null, "accessed_on": null, "archive_url": null, "source": "4621a6bc-e74c-48a6-acb1-574d7c625e81", "user": 1}}, {"model": "violation.perpetratorclassification", "pk": 2, "fields": {"value": "Police Mobile Force (Riot Police)"}}, {"model": "source.source", "pk": "2cf1ffc8-a267-4253-a059-30aa820f43ce", "fields": {"title": "Man Sues IGP Over Son's Loss of Limb, Demands N505 Million Damages", "publication": "Leadership", "publication_country": null, "published_on": "2014-02-18", "source_url": "http://leadership.ng/news/346362/man-sues-igp-sons-loss-limb-demands-n505-m-damages", "date_updated": "2016-12-15T15:51:02.619Z", "date_added": "2016-12-15T15:51:02.619Z", "user": 1}}, {"model": "source.accesspoint", "pk": "00ca2c86-09c6-43f3-975a-5ae0b96d7cbf", "fields": {"page_number": null, "accessed_on": null, "archive_url": null, "source": "2cf1ffc8-a267-4253-a059-30aa820f43ce", "user": 1}}, {"model": "source.source", "pk": "f3c61823-d338-40f7-a123-fa89f79564dd", "fields": {"title": "Nigeria Police Regulations 1968 Part II S.14(2)(a). 1968. http://lawsofnigeria.placng.org/laws/P19.pdf Internet Archive Link: https://web.archive.org/web/20160819165913/http://lawsofnigeria.placng.org/laws/P19.pdf", "publication": null, "publication_country": null, "published_on": "1900-01-01", "source_url": null, "date_updated": "2016-12-15T15:43:54.903Z", "date_added": "2016-12-15T15:43:54.903Z", "user": 1}}, {"model": "source.accesspoint", "pk": "49d93096-818b-40c3-9102-4a333d4beb58", "fields": {"page_number": null, "accessed_on": null, "archive_url": null, "source": "f3c61823-d338-40f7-a123-fa89f79564dd", "user": 1}}, {"model": "source.source", "pk": "40f6cf18-d2ba-4f73-878e-09def7c257c6", "fields": {"title": "Army Trains 142 NSCDC Officers in Counter-Terrorism. Leadership (Nigeria). 2 January 2015. http://leadership.ng/news/399238/army-trains-142-nscdc-officers-counter-terrorism Internet Archive link: https://web.archive.org/web/20150501173354/http://leadership.ng/news/399238/army-trains-142-nscdc-officers-counter-terrorism", "publication": null, "publication_country": null, "published_on": "1900-01-01", "source_url": null, "date_updated": "2016-12-15T15:42:53.396Z", "date_added": "2016-12-15T15:42:53.396Z", "user": 1}}, {"model": "source.accesspoint", "pk": "56c4be91-a04e-45e6-8b00-7b5240891a38", "fields": {"page_number": null, "accessed_on": null, "archive_url": null, "source": "40f6cf18-d2ba-4f73-878e-09def7c257c6", "user": 1}}, {"model": "source.source", "pk": "841a829f-afa9-4fbe-b11f-e49580a0f7bb", "fields": {"title": "Troops Arrest Three Boko Haram Commanders, Kill 22 Others", "publication": "The Guardian", "publication_country": null, "published_on": "2016-04-13", "source_url": "http://guardian.ng/news/troops-arrest-three-boko-haram-commanders-kill-22-others/", "date_updated": "2016-12-15T15:45:33.157Z", "date_added": "2016-12-15T15:45:33.157Z", "user": 1}}, {"model": "source.accesspoint", "pk": "9c86abf2-4989-4b4e-8410-a6f49246f668", "fields": {"page_number": null, "accessed_on": null, "archive_url": null, "source": "841a829f-afa9-4fbe-b11f-e49580a0f7bb", "user": 1}}, {"model": "source.source", "pk": "f745c5ed-5c75-40d9-a562-e506eeaa3a16", "fields": {"title": " Etsako Re-Run - 1,600 Policemen, AIG Deployed to Edo. Vanguard (Nigeria). 22 January 2010. http://www.vanguardngr.com/2010/01/etsako-re-run-1600-policemen-aig-deployed-to-edo/ Internet Archive link: https://web.archive.org/web/20150424211550/http://www.vanguardngr.com/2010/01/etsako-re-run-1600-policemen-aig-deployed-to-edo/ ", "publication": null, "publication_country": null, "published_on": "1900-01-01", "source_url": null, "date_updated": "2016-12-15T15:44:34.141Z", "date_added": "2016-12-15T15:44:34.141Z", "user": 1}}, {"model": "source.accesspoint", "pk": "60fbbda9-0d2a-4c32-97cd-89844087ebe0", "fields": {"page_number": null, "accessed_on": null, "archive_url": null, "source": "f745c5ed-5c75-40d9-a562-e506eeaa3a16", "user": 1}}, {"model": "source.source", "pk": "5e0c534a-0b38-4e52-b068-a2aa090c4300", "fields": {"title": "Med-View Delivers a Boeing 737-800 to Enhance Its Operation", "publication": "This Day.", "publication_country": null, "published_on": "2014-01-20", "source_url": null, "date_updated": "2016-12-15T15:40:31.740Z", "date_added": "2016-12-15T15:40:31.740Z", "user": 1}}, {"model": "source.accesspoint", "pk": "310a130f-597b-4489-aca5-7812cd46a65b", "fields": {"page_number": null, "accessed_on": null, "archive_url": null, "source": "5e0c534a-0b38-4e52-b068-a2aa090c4300", "user": 1}}, {"model": "source.source", "pk": "b3f8d52d-5014-4fe3-b375-cebb06718c04", "fields": {"title": "IGP\u2019s scorecard: How Abubakar\u2019s police shut out South", "publication": "The", "publication_country": null, "published_on": "2016-12-11", "source_url": "http://sunnewsonline.com/new/igps-scorecard-abubakars-police-shut-south/", "date_updated": "2016-12-15T15:45:45.133Z", "date_added": "2016-12-15T15:45:45.133Z", "user": 1}}, {"model": "source.accesspoint", "pk": "c77f83db-ccf5-45cd-9484-20059f15e27a", "fields": {"page_number": null, "accessed_on": null, "archive_url": null, "source": "b3f8d52d-5014-4fe3-b375-cebb06718c04", "user": 1}}, {"model": "source.source", "pk": "db1065c9-61a5-486e-9521-37af83c0af22", "fields": {"title": "ONDO POLICE COMMAND", "publication": "Nigeria Police Force. http://www.npf.gov.ng/ZoneDetails?id=ondo", "publication_country": null, "published_on": "2014-08-29", "source_url": "https://web.archive.org/web/20150315151002/http://npf.gov.ng/ZoneDetails?id=ondo", "date_updated": "2016-12-15T15:45:29.819Z", "date_added": "2016-12-15T15:45:29.819Z", "user": 1}}, {"model": "source.accesspoint", "pk": "4b8d9ab7-0d57-49a1-a9f7-e81503760778", "fields": {"page_number": null, "accessed_on": null, "archive_url": null, "source": "db1065c9-61a5-486e-9521-37af83c0af22", "user": 1}}, {"model": "source.source", "pk": "95c8733a-ca08-4e39-8026-72fcf356f4dd", "fields": {"title": "Maiduguri grounded as Generals storm city for Nigeria Army Day Celebration", "publication": "Premium Times", "publication_country": null, "published_on": "2015-07-06", "source_url": "http://www.premiumtimesng.com/news/top-news/186152-maiduguri-grounded-as-generals-storm-city-for-nigeria-army-day-celebration.html", "date_updated": "2016-12-15T15:40:24.891Z", "date_added": "2016-12-15T15:40:24.891Z", "user": 1}}, {"model": "source.accesspoint", "pk": "5fd186f5-7c4e-44bb-864b-28b365dac301", "fields": {"page_number": null, "accessed_on": null, "archive_url": null, "source": "95c8733a-ca08-4e39-8026-72fcf356f4dd", "user": 1}}, {"model": "source.source", "pk": "c8ecc4b7-5e61-4b15-aead-511f9e0b88d8", "fields": {"title": "'Boko Haram Spies' Arrested - Military", "publication": "Premium Times", "publication_country": null, "published_on": "2016-03-03", "source_url": "http://www.premiumtimesng.com/news/top-news/199429-boko-haram-spies-arrested-nigeria-military.html", "date_updated": "2016-12-15T15:43:03.012Z", "date_added": "2016-12-15T15:43:03.012Z", "user": 1}}, {"model": "source.accesspoint", "pk": "3622f31c-ebc0-49bd-8f5d-5c980f006211", "fields": {"page_number": null, "accessed_on": null, "archive_url": null, "source": "c8ecc4b7-5e61-4b15-aead-511f9e0b88d8", "user": 1}}, {"model": "source.source", "pk": "702d9aa9-ad3e-4230-afd7-7169694f9909", "fields": {"title": "OYO POLICE COMMAND", "publication": "Nigeria Police Force. http://www.npf.gov.ng/ZoneDetails?id=oyo", "publication_country": null, "published_on": "2014-08-29", "source_url": "https://web.archive.org/web/20140830133224/http://www.npf.gov.ng/ZoneDetails?id=oyo", "date_updated": "2016-12-15T15:45:41.845Z", "date_added": "2016-12-15T15:45:41.845Z", "user": 1}}, {"model": "source.accesspoint", "pk": "22da68bb-b32f-44bd-9c30-22b0550068b4", "fields": {"page_number": null, "accessed_on": null, "archive_url": null, "source": "702d9aa9-ad3e-4230-afd7-7169694f9909", "user": 1}}, {"model": "source.source", "pk": "708b1022-57f3-413d-a61a-01c55cce7e86", "fields": {"title": "Policing Nigeria in the 21st Century. Edited by Solomon E. Arase and Iheanyi P.O. Iwuofor. \"Police Mobile Force: How Far, How Well?\" John B. Abang, CSP. Spectrum Books Limited. 2007. Page 345. ", "publication": null, "publication_country": null, "published_on": "1900-01-01", "source_url": null, "date_updated": "2016-12-15T15:44:28.968Z", "date_added": "2016-12-15T15:44:28.968Z", "user": 1}}, {"model": "source.accesspoint", "pk": "e7968d62-29fc-4d36-883e-4e43fdf5a40c", "fields": {"page_number": null, "accessed_on": null, "archive_url": null, "source": "708b1022-57f3-413d-a61a-01c55cce7e86", "user": 1}}, {"model": "violation.perpetratorclassification", "pk": 3, "fields": {"value": "Military"}}, {"model": "source.source", "pk": "6b693ea8-ab5d-4383-a9b2-7b0ba865cabd", "fields": {"title": "12 Missing Soldiers - Tension Mounts as JTF, Militants Square Off", "publication": "Daily Trust.", "publication_country": null, "published_on": "2009-05-23", "source_url": "http://allafrica.com/stories/200905250679.html", "date_updated": "2016-12-15T15:54:33.727Z", "date_added": "2016-12-15T15:54:33.727Z", "user": 1}}, {"model": "source.accesspoint", "pk": "476c8c80-bb5b-4ad8-8ce7-3ac0c73b2c53", "fields": {"page_number": null, "accessed_on": null, "archive_url": null, "source": "6b693ea8-ab5d-4383-a9b2-7b0ba865cabd", "user": 1}}, {"model": "source.source", "pk": "f2119fab-7ffa-4809-bfd8-f80f4fff0255", "fields": {"title": "JTF Arrests 29 Oil Thieves, Destroys 127 Illegal Refineries. Leadership (Nigeria). 29 September 2013. http://allafrica.com/stories/201309300110.html Internet Archive link: https://web.archive.org/web/20161104194839/http://allafrica.com/stories/201309300110.html ", "publication": null, "publication_country": null, "published_on": "1900-01-01", "source_url": null, "date_updated": "2016-12-15T15:44:58.604Z", "date_added": "2016-12-15T15:44:58.604Z", "user": 1}}, {"model": "source.accesspoint", "pk": "68a80aa1-1f79-462a-be25-676eae7e902e", "fields": {"page_number": null, "accessed_on": null, "archive_url": null, "source": "f2119fab-7ffa-4809-bfd8-f80f4fff0255", "user": 1}}, {"model": "source.source", "pk": "4da85d1c-fc75-4904-a659-bcc173c3b4b8", "fields": {"title": "Panic As Bomb is Discovered in Church Premises", "publication": "Vanguard", "publication_country": null, "published_on": "2011-05-13", "source_url": "http://www.vanguardngr.com/2011/05/panic-as-bomb-is-discovered-in-church-premises/", "date_updated": "2016-12-15T15:50:24.994Z", "date_added": "2016-12-15T15:50:24.994Z", "user": 1}}, {"model": "source.accesspoint", "pk": "61b6da09-0ac6-43b4-a74e-416d91391c49", "fields": {"page_number": null, "accessed_on": null, "archive_url": null, "source": "4da85d1c-fc75-4904-a659-bcc173c3b4b8", "user": 1}}, {"model": "source.source", "pk": "1153cae8-3f7a-40a0-a761-8e62e776d1b0", "fields": {"title": "NIGER POLICE COMMAND", "publication": "Nigeria Police Force. http://www.npf.gov.ng/ZoneDetails?id=Niger", "publication_country": null, "published_on": "2014-08-29", "source_url": "https://web.archive.org/web/20140830133118/http://www.npf.gov.ng/ZoneDetails?id=Niger", "date_updated": "2016-12-15T15:45:19.081Z", "date_added": "2016-12-15T15:45:19.081Z", "user": 1}}, {"model": "source.accesspoint", "pk": "1571192e-0245-4c63-9c60-e327380822f6", "fields": {"page_number": null, "accessed_on": null, "archive_url": null, "source": "1153cae8-3f7a-40a0-a761-8e62e776d1b0", "user": 1}}, {"model": "source.source", "pk": "f1764215-6d76-477f-9410-5cb5672f2155", "fields": {"title": "Pipeline Vandals, NSCDC Officials in Gun Duel", "publication": "Vanguard", "publication_country": null, "published_on": "2013-01-31", "source_url": "http://www.vanguardngr.com/2013/01/pipeline-vandals-nscdc-officials-in-gun-duel/", "date_updated": "2016-12-15T15:39:55.191Z", "date_added": "2016-12-15T15:39:55.191Z", "user": 1}}, {"model": "source.accesspoint", "pk": "19a1e774-60fa-4979-ac57-78dbbcba8d11", "fields": {"page_number": null, "accessed_on": null, "archive_url": null, "source": "f1764215-6d76-477f-9410-5cb5672f2155", "user": 1}}, {"model": "source.source", "pk": "0def3440-0d83-44dc-afd1-e861389c080c", "fields": {"title": "After the Lagos Bomb Explosion", "publication": "The News", "publication_country": null, "published_on": "2002-08-05", "source_url": "http://allafrica.com/stories/200208050625.html", "date_updated": "2016-12-15T15:40:02.241Z", "date_added": "2016-12-15T15:40:02.241Z", "user": 1}}, {"model": "source.accesspoint", "pk": "1ddc3b5b-6311-42b5-bc68-04e62b14f222", "fields": {"page_number": null, "accessed_on": null, "archive_url": null, "source": "0def3440-0d83-44dc-afd1-e861389c080c", "user": 1}}, {"model": "source.source", "pk": "1773fd86-a3f3-448a-9038-01e1ea63683d", "fields": {"title": "Rivers Police Arrest 15 Pipeline Vandals", "publication": "This Day", "publication_country": null, "published_on": "2001-08-28", "source_url": "http://allafrica.com/stories/200108280098.html", "date_updated": "2016-12-15T15:49:23.319Z", "date_added": "2016-12-15T15:49:23.319Z", "user": 1}}, {"model": "source.accesspoint", "pk": "e57f04d2-56c2-45f3-995a-a4755649e7ba", "fields": {"page_number": null, "accessed_on": null, "archive_url": null, "source": "1773fd86-a3f3-448a-9038-01e1ea63683d", "user": 1}}, {"model": "source.source", "pk": "9f1fcd5f-f6f2-4bf2-b50e-5c2203fbf0e7", "fields": {"title": "Sokoto Caliphate Chieftain Commends Globacom", "publication": "Daily Champion", "publication_country": null, "published_on": "2007-04-09", "source_url": "http://allafrica.com/stories/200704090168.html", "date_updated": "2016-12-15T15:40:40.607Z", "date_added": "2016-12-15T15:40:40.607Z", "user": 1}}, {"model": "source.accesspoint", "pk": "42b556e4-d0f6-4655-901a-699f789c20f8", "fields": {"page_number": null, "accessed_on": null, "archive_url": null, "source": "9f1fcd5f-f6f2-4bf2-b50e-5c2203fbf0e7", "user": 1}}, {"model": "source.source", "pk": "f7cebac6-59fe-4839-baef-2bf574f10f23", "fields": {"title": "\"Motions Without Movement: Report of Presidential Committees On Police Reforms In Nigeria.\" CLEEN Foundation. 2008. Page 70. http://www.cleen.org/Report%20of%20Presidential%20Committee%20on%20Police%20Reform.pdf Internet Archive link: https://web.archive.org/web/20120719173205/http://cleen.org/Report%20of%20Presidential%20Committee%20on%20Police%20Reform.pdf", "publication": null, "publication_country": null, "published_on": "1900-01-01", "source_url": null, "date_updated": "2016-12-15T15:44:23.821Z", "date_added": "2016-12-15T15:44:23.821Z", "user": 1}}, {"model": "source.accesspoint", "pk": "2737503b-1f46-493f-9dbf-dab143c1dc62", "fields": {"page_number": null, "accessed_on": null, "archive_url": null, "source": "f7cebac6-59fe-4839-baef-2bf574f10f23", "user": 1}}, {"model": "source.source", "pk": "36ce8217-a2d8-4aa7-bd78-d7bebbe9a120", "fields": {"title": "STATE STRUCTURE ORGANOGRAM OF ZONE FIVE COMMAND", "publication": "Nigeria Police Force. http://www.npf.gov.ng/zones/zone5/", "publication_country": null, "published_on": "2014-08-27", "source_url": "https://web.archive.org/web/20150315211456/http://npf.gov.ng/zones/zone5/", "date_updated": "2016-12-15T15:50:04.385Z", "date_added": "2016-12-15T15:50:04.385Z", "user": 1}}, {"model": "source.accesspoint", "pk": "fa520eda-224b-4b3c-9621-8afdc2e3bc57", "fields": {"page_number": null, "accessed_on": null, "archive_url": null, "source": "36ce8217-a2d8-4aa7-bd78-d7bebbe9a120", "user": 1}}, {"model": "source.source", "pk": "e1eca084-8e81-4d2e-915a-fcbc2973b5b5", "fields": {"title": "Whereabouts Of 26 Arrested INEC Officials Unknown", "publication": "The", "publication_country": null, "published_on": "2016-12-11", "source_url": "http://sunnewsonline.com/new/?p=117012", "date_updated": "2016-12-15T15:44:43.729Z", "date_added": "2016-12-15T15:44:43.729Z", "user": 1}}, {"model": "source.accesspoint", "pk": "02f8ec80-cb5f-41d3-ad69-96080270ea0d", "fields": {"page_number": null, "accessed_on": null, "archive_url": null, "source": "e1eca084-8e81-4d2e-915a-fcbc2973b5b5", "user": 1}}, {"model": "source.source", "pk": "9504a7e4-0f00-47fc-a1b9-b1f68cf0778e", "fields": {"title": " Nigeria deploys 700 soldiers to Liberia. The Nation (Nigeria). 26 June 2015. http://thenationonlineng.net/nigeria-deploys-700-soldiers-to-liberia/ Internet Archive link: https://web.archive.org/web/20150927145213/http://thenationonlineng.net/nigeria-deploys-700-soldiers-to-liberia/", "publication": null, "publication_country": null, "published_on": "1900-01-01", "source_url": null, "date_updated": "2016-12-15T15:39:23.328Z", "date_added": "2016-12-15T15:39:23.328Z", "user": 1}}, {"model": "source.accesspoint", "pk": "fa04f42c-2132-4459-954f-9d6b2121ae3d", "fields": {"page_number": null, "accessed_on": null, "archive_url": null, "source": "9504a7e4-0f00-47fc-a1b9-b1f68cf0778e", "user": 1}}, {"model": "source.source", "pk": "7d945c15-0068-4f4c-9969-1ee01e817334", "fields": {"title": "Police Prevent Angry 'Okada' Riders From Burning FRSC Office", "publication": "Vanguard", "publication_country": null, "published_on": "2013-01-15", "source_url": "http://www.vanguardngr.com/2013/01/police-prevent-angry-okada-riders-from-burning-frsc-office/", "date_updated": "2016-12-15T15:39:21.242Z", "date_added": "2016-12-15T15:39:21.242Z", "user": 1}}, {"model": "source.accesspoint", "pk": "a34e6b8a-4771-46ea-b898-fb7046aa6f1c", "fields": {"page_number": null, "accessed_on": null, "archive_url": null, "source": "7d945c15-0068-4f4c-9969-1ee01e817334", "user": 1}}, {"model": "source.source", "pk": "825b8849-50fa-4277-8d07-8a95175ff2ff", "fields": {"title": "Ilyasu Abbah Appointed New Commander of MNJTF", "publication": "This Day", "publication_country": null, "published_on": "2015-07-31", "source_url": "http://allafrica.com/stories/201507310971.html", "date_updated": "2016-12-15T15:55:33.545Z", "date_added": "2016-12-15T15:55:33.545Z", "user": 1}}, {"model": "source.accesspoint", "pk": "ae72d524-b5a5-42d6-bd12-a1bf2ae1f29f", "fields": {"page_number": null, "accessed_on": null, "archive_url": null, "source": "825b8849-50fa-4277-8d07-8a95175ff2ff", "user": 1}}, {"model": "source.source", "pk": "61655964-18ad-4f16-ac5b-4068880db630", "fields": {"title": "Sudan: Darfur Crisis: First Batch of Troops Airlifted to Sudan", "publication": "Daily Trust", "publication_country": null, "published_on": "2006-03-28", "source_url": "http://allafrica.com/stories/200603280287.html", "date_updated": "2016-12-15T15:43:46.233Z", "date_added": "2016-12-15T15:43:46.233Z", "user": 1}}, {"model": "source.accesspoint", "pk": "9cc17c1f-b4a6-444c-9277-637329dea719", "fields": {"page_number": null, "accessed_on": null, "archive_url": null, "source": "61655964-18ad-4f16-ac5b-4068880db630", "user": 1}}, {"model": "source.source", "pk": "aff4fd37-3bd2-4948-8e94-a1667b3029a4", "fields": {"title": "Policeman, Others Arrested Over Cattle Rustling in Nasarawa", "publication": "Daily Trust.", "publication_country": null, "published_on": "2014-05-19", "source_url": "http://allafrica.com/stories/201405190815.html", "date_updated": "2016-12-15T15:50:34.949Z", "date_added": "2016-12-15T15:50:34.949Z", "user": 1}}, {"model": "source.accesspoint", "pk": "c56f54f0-103c-40b5-b8b2-5e74735f2616", "fields": {"page_number": null, "accessed_on": null, "archive_url": null, "source": "aff4fd37-3bd2-4948-8e94-a1667b3029a4", "user": 1}}, {"model": "source.source", "pk": "e9aa4515-7447-4552-87ca-b21a9592545f", "fields": {"title": "Land Case With Edo Community Not Over- Gen Idada", "publication": "Vanguard", "publication_country": null, "published_on": "2011-11-08", "source_url": "http://www.vanguardngr.com/2011/11/land-case-with-edo-community-not-over-gen-idada/", "date_updated": "2016-12-15T15:42:55.425Z", "date_added": "2016-12-15T15:42:55.425Z", "user": 1}}, {"model": "source.accesspoint", "pk": "81a5441b-bd4b-4bac-bc04-0d50fd14a92d", "fields": {"page_number": null, "accessed_on": null, "archive_url": null, "source": "e9aa4515-7447-4552-87ca-b21a9592545f", "user": 1}}, {"model": "source.source", "pk": "b3b55c5d-14fa-4edf-9660-539e942df377", "fields": {"title": "Defence HQ Sets Up Task Force Against Warring Rivers Militia", "publication": "Vanguard", "publication_country": null, "published_on": "2004-09-10", "source_url": "http://allafrica.com/stories/200409100214.html", "date_updated": "2016-12-15T15:40:05.085Z", "date_added": "2016-12-15T15:40:05.085Z", "user": 1}}, {"model": "source.accesspoint", "pk": "d8f94271-4d8b-4524-888a-503ed1ac130f", "fields": {"page_number": null, "accessed_on": null, "archive_url": null, "source": "b3b55c5d-14fa-4edf-9660-539e942df377", "user": 1}}, {"model": "source.source", "pk": "fbfa2f3f-5ea5-4f1b-bce9-17b901af9007", "fields": {"title": "\u201cCriminal Force: Torture, Abuse, and Extrajudicial Killings by the Nigeria Police Force\u201d. Network on Police Reform in Nigeria and Open Society Justice Initiative. 2010. Pages 87, 99. http://www.opensocietyfoundations.org/sites/default/files/criminal-force-20100519.pdf Internet Archive link: https://web.archive.org/web/20140124045351/http://www.opensocietyfoundations.org/sites/default/files/criminal-force-20100519.pdf", "publication": null, "publication_country": null, "published_on": "1900-01-01", "source_url": null, "date_updated": "2016-12-15T16:14:20.914Z", "date_added": "2016-12-15T16:14:20.914Z", "user": 1}}, {"model": "source.accesspoint", "pk": "45c5b726-1c21-4fd0-86b1-d4a2693dba0a", "fields": {"page_number": null, "accessed_on": null, "archive_url": null, "source": "fbfa2f3f-5ea5-4f1b-bce9-17b901af9007", "user": 1}}, {"model": "source.source", "pk": "30c0008e-6426-4a13-a008-d7cf2192f621", "fields": {"title": " Nigeria Police Regulations 1990 P.2 S.27 ", "publication": null, "publication_country": null, "published_on": "1900-01-01", "source_url": null, "date_updated": "2016-12-15T15:51:03.426Z", "date_added": "2016-12-15T15:51:03.426Z", "user": 1}}, {"model": "source.accesspoint", "pk": "fcf727ac-f824-4028-b59d-eacd669bd603", "fields": {"page_number": null, "accessed_on": null, "archive_url": null, "source": "30c0008e-6426-4a13-a008-d7cf2192f621", "user": 1}}, {"model": "source.source", "pk": "a852daa7-dd72-441c-8bb3-e3534eae45f2", "fields": {"title": "Army Pardons Akure 27 -Falana Lauds Decision", "publication": "This Day", "publication_country": null, "published_on": "2010-12-03", "source_url": "http://allafrica.com/stories/201012070844.html", "date_updated": "2016-12-15T15:43:00.062Z", "date_added": "2016-12-15T15:43:00.062Z", "user": 1}}, {"model": "source.accesspoint", "pk": "caf4fb96-67eb-441a-b06d-127bbde75c0b", "fields": {"page_number": null, "accessed_on": null, "archive_url": null, "source": "a852daa7-dd72-441c-8bb3-e3534eae45f2", "user": 1}}, {"model": "source.source", "pk": "d3d05c52-0f84-40fa-9481-6430a5fab6de", "fields": {"title": "Army - Protesting Soldiers Dismissed for Cowardice, Indiscipline", "publication": "This Day", "publication_country": null, "published_on": "2015-01-19", "source_url": "http://allafrica.com/stories/201501190297.html", "date_updated": "2016-12-15T15:40:45.532Z", "date_added": "2016-12-15T15:40:45.532Z", "user": 1}}, {"model": "source.accesspoint", "pk": "16f62ab1-78be-4f24-be76-13b5deeea16e", "fields": {"page_number": null, "accessed_on": null, "archive_url": null, "source": "d3d05c52-0f84-40fa-9481-6430a5fab6de", "user": 1}}, {"model": "source.source", "pk": "571af1cc-3bf5-4611-b3aa-ebd388b4bb81", "fields": {"title": "Suspected Insurgents Arrested in Adamawa", "publication": "Daily Trust", "publication_country": null, "published_on": "2013-05-22", "source_url": "http://allafrica.com/stories/201305220363.html", "date_updated": "2016-12-15T15:40:34.509Z", "date_added": "2016-12-15T15:40:34.509Z", "user": 1}}, {"model": "source.accesspoint", "pk": "0f72f41f-c937-4948-9696-9740a559abb7", "fields": {"page_number": null, "accessed_on": null, "archive_url": null, "source": "571af1cc-3bf5-4611-b3aa-ebd388b4bb81", "user": 1}}, {"model": "source.source", "pk": "f49e9497-3928-4cfd-9e4a-54b0433689b4", "fields": {"title": "Gunmen Kill Female Cop, Free Detainees at Police Station", "publication": "Vanguard", "publication_country": null, "published_on": "2013-04-27", "source_url": "http://www.vanguardngr.com/2013/04/gunmen-kill-female-cop-free-detainees-at-police-station/", "date_updated": "2016-12-15T15:45:15.121Z", "date_added": "2016-12-15T15:45:15.121Z", "user": 1}}, {"model": "source.accesspoint", "pk": "c5e3c916-89ff-47b4-ace1-9d904e85f491", "fields": {"page_number": null, "accessed_on": null, "archive_url": null, "source": "f49e9497-3928-4cfd-9e4a-54b0433689b4", "user": 1}}, {"model": "source.source", "pk": "a89051bf-60ea-4f8e-93bc-31b94ec81152", "fields": {"title": "Army Puts Men On Alert Over Rise in Kidnapping, Terrorism, Armed Robbery", "publication": "Vanguard", "publication_country": null, "published_on": "2011-01-31", "source_url": "http://www.vanguardngr.com/2011/01/army-puts-men-on-alert-over-rise-in-kidnapping-terrorism-armed-robbery/", "date_updated": "2016-12-15T15:43:32.145Z", "date_added": "2016-12-15T15:43:32.145Z", "user": 1}}, {"model": "source.accesspoint", "pk": "4d3f8eff-8de5-426c-8798-6fc715fadbe2", "fields": {"page_number": null, "accessed_on": null, "archive_url": null, "source": "a89051bf-60ea-4f8e-93bc-31b94ec81152", "user": 1}}, {"model": "source.source", "pk": "329c5e04-aba6-4374-b215-13795d56b5be", "fields": {"title": "Again , Boko Haram Gunmen Kill Two Policemen in Borno", "publication": "This Day", "publication_country": null, "published_on": "2011-07-05", "source_url": "http://allafrica.com/stories/201107060152.html", "date_updated": "2016-12-15T15:45:03.059Z", "date_added": "2016-12-15T15:45:03.059Z", "user": 1}}, {"model": "source.accesspoint", "pk": "67fda9bf-0756-4254-a727-abce9a5d20f4", "fields": {"page_number": null, "accessed_on": null, "archive_url": null, "source": "329c5e04-aba6-4374-b215-13795d56b5be", "user": 1}}, {"model": "source.source", "pk": "852be4ba-7906-45ce-bdf1-228914710157", "fields": {"title": "AIG Lambasts FCT Police Over Crime Wave", "publication": "Daily Trust", "publication_country": null, "published_on": "2003-07-22", "source_url": "http://allafrica.com/stories/200307220842.html", "date_updated": "2016-12-15T15:44:38.408Z", "date_added": "2016-12-15T15:44:38.408Z", "user": 1}}, {"model": "source.accesspoint", "pk": "35cce7e5-5ccd-4ffb-82de-a95b9a9c3c1f", "fields": {"page_number": null, "accessed_on": null, "archive_url": null, "source": "852be4ba-7906-45ce-bdf1-228914710157", "user": 1}}, {"model": "source.source", "pk": "a2409a66-0c8d-45e2-bb4d-5f00c688ebb1", "fields": {"title": "Army dismisses 227 soldiers for \u2018refusing to fight Boko Haram'. Daily Trust (Nigeria). 14 January 2015. http://www.dailytrust.com.ng/daily/news/44280-army-dismisses-227-soldiers-for-refusing-to-fight-boko-haram (accessed 13 June 2015) Internet Archive link: http://web.archive.org/web/20160613183953/http://www.dailytrust.com.ng/daily/news/44280-army-dismisses-227-soldiers-for-refusing-to-fight-boko-haram", "publication": null, "publication_country": null, "published_on": "1900-01-01", "source_url": null, "date_updated": "2016-12-15T15:40:39.069Z", "date_added": "2016-12-15T15:40:39.069Z", "user": 1}}, {"model": "source.accesspoint", "pk": "e45b287c-f2cd-45dd-83ea-6e6f51f82e88", "fields": {"page_number": null, "accessed_on": null, "archive_url": null, "source": "a2409a66-0c8d-45e2-bb4d-5f00c688ebb1", "user": 1}}, {"model": "source.source", "pk": "77736dad-a4cd-4858-a77b-80fe73060b26", "fields": {"title": "Suicide Bomber Hits Army Barracks in Kaduna", "publication": "Leadership", "publication_country": null, "published_on": "2012-02-08", "source_url": "http://allafrica.com/stories/201202080020.html", "date_updated": "2016-12-15T15:44:47.771Z", "date_added": "2016-12-15T15:44:47.771Z", "user": 1}}, {"model": "source.accesspoint", "pk": "d40dab2e-0d26-4865-a792-1aaf27e9a618", "fields": {"page_number": null, "accessed_on": null, "archive_url": null, "source": "77736dad-a4cd-4858-a77b-80fe73060b26", "user": 1}}, {"model": "source.source", "pk": "8b17aa17-04aa-49b7-8b80-86c0f0b8a99d", "fields": {"title": "Boko Haram - Nigerian Military Moves Command Centre to Maiduguri", "publication": "Premium Times", "publication_country": null, "published_on": "2015-06-08", "source_url": "http://www.premiumtimesng.com/news/headlines/184543-boko-haram-nigerian-military-moves-command-centre-to-maiduguri.html", "date_updated": "2016-12-15T15:45:37.439Z", "date_added": "2016-12-15T15:45:37.439Z", "user": 1}}, {"model": "source.accesspoint", "pk": "52ae2e6b-e791-454a-949b-7ea62d91864b", "fields": {"page_number": null, "accessed_on": null, "archive_url": null, "source": "8b17aa17-04aa-49b7-8b80-86c0f0b8a99d", "user": 1}}, {"model": "source.source", "pk": "f54ea7ae-911a-4032-a818-4629b82dc51c", "fields": {"title": "Army Engineers Yet to Work On Collapsed Sokoto Bridge", "publication": "Daily Trust", "publication_country": null, "published_on": "2010-09-21", "source_url": "http://allafrica.com/stories/201009230303.html", "date_updated": "2016-12-15T15:39:22.291Z", "date_added": "2016-12-15T15:39:22.291Z", "user": 1}}, {"model": "source.accesspoint", "pk": "74fe80b8-5934-46b7-a50e-f1ee7a16f7f9", "fields": {"page_number": null, "accessed_on": null, "archive_url": null, "source": "f54ea7ae-911a-4032-a818-4629b82dc51c", "user": 1}}, {"model": "source.source", "pk": "c941b6a9-bd74-4de0-a093-f5e98caacdb2", "fields": {"title": "Protest - 40 Jigawa Students Suspended", "publication": "Daily Trust", "publication_country": null, "published_on": "2008-07-13", "source_url": "http://allafrica.com/stories/200807130072.html", "date_updated": "2016-12-15T15:44:13.292Z", "date_added": "2016-12-15T15:44:13.292Z", "user": 1}}, {"model": "source.accesspoint", "pk": "e5555b08-d901-4388-89c5-c5a8c0471dd7", "fields": {"page_number": null, "accessed_on": null, "archive_url": null, "source": "c941b6a9-bd74-4de0-a093-f5e98caacdb2", "user": 1}}, {"model": "source.source", "pk": "91291fa2-c616-4d5b-b7b8-2142a14de8a2", "fields": {"title": "LG Boss Builds Police Barracks, Spends N800 Million On Projects", "publication": "Vanguard", "publication_country": null, "published_on": "2011-11-09", "source_url": "http://www.vanguardngr.com/2011/11/l-g-boss-builds-police-barracks-spends-n800m-on-projects/", "date_updated": "2016-12-15T15:50:35.127Z", "date_added": "2016-12-15T15:50:35.127Z", "user": 1}}, {"model": "source.accesspoint", "pk": "d567417d-fb7b-4573-bf7a-fb2c62c6ea38", "fields": {"page_number": null, "accessed_on": null, "archive_url": null, "source": "91291fa2-c616-4d5b-b7b8-2142a14de8a2", "user": 1}}, {"model": "source.source", "pk": "ddf48abd-7afe-4c80-99a8-65a3706fa38f", "fields": {"title": "Oil Theft: Soldiers Arrest Suspect With 70 Drums Of Diesel, Speed Boat", "publication": "Leadership", "publication_country": null, "published_on": "2016-01-27", "source_url": "http://leadership.ng/news/495650/oil-theft-soldiers-arrest-suspect-70-drums-diesel-speed-boat", "date_updated": "2016-12-15T15:39:45.540Z", "date_added": "2016-12-15T15:39:45.540Z", "user": 1}}, {"model": "source.accesspoint", "pk": "72237a4e-55a6-466e-92d4-f960775b6c4e", "fields": {"page_number": null, "accessed_on": null, "archive_url": null, "source": "ddf48abd-7afe-4c80-99a8-65a3706fa38f", "user": 1}}, {"model": "source.source", "pk": "fa4be554-efb2-44f7-9069-34db752caa7e", "fields": {"title": "Police Keep Vigil On Abu Campus", "publication": "This Day", "publication_country": null, "published_on": "2003-09-29", "source_url": "http://allafrica.com/stories/200309290967.html", "date_updated": "2016-12-15T15:45:06.313Z", "date_added": "2016-12-15T15:45:06.313Z", "user": 1}}, {"model": "source.accesspoint", "pk": "7125fc85-38de-453a-bb7d-b3d4d2bda009", "fields": {"page_number": null, "accessed_on": null, "archive_url": null, "source": "fa4be554-efb2-44f7-9069-34db752caa7e", "user": 1}}, {"model": "source.source", "pk": "9c20a689-79c7-4c32-b8c6-6d9bb6f3e3dc", "fields": {"title": "40 soldiers feared dead in B\u2019Haram ambush", "publication": "Punch", "publication_country": null, "published_on": "2013-09-18", "source_url": "http://www.punchng.com/news/40-soldiers-feared-killed-in-bharam-ambush/", "date_updated": "2016-12-15T15:43:22.897Z", "date_added": "2016-12-15T15:43:22.897Z", "user": 1}}, {"model": "source.accesspoint", "pk": "01a60d77-64c1-4f47-8cd1-ab39bdecd087", "fields": {"page_number": null, "accessed_on": null, "archive_url": null, "source": "9c20a689-79c7-4c32-b8c6-6d9bb6f3e3dc", "user": 1}}, {"model": "source.source", "pk": "0895de00-465b-4914-b1bd-86d0628913c5", "fields": {"title": "JTF Probes Alleged Involvement of Soldiers in Oil Theft", "publication": "Vanguard", "publication_country": null, "published_on": "2013-02-08", "source_url": null, "date_updated": "2016-12-15T15:44:57.926Z", "date_added": "2016-12-15T15:44:57.926Z", "user": 1}}, {"model": "source.accesspoint", "pk": "52e2bd2f-7e60-4f36-b36b-0af897b13c80", "fields": {"page_number": null, "accessed_on": null, "archive_url": null, "source": "0895de00-465b-4914-b1bd-86d0628913c5", "user": 1}}, {"model": "source.source", "pk": "629c1020-02d2-4a4a-b27f-249e3febc3c4", "fields": {"title": "Gen", "publication": "Minimah", "publication_country": null, "published_on": "2016-05-15", "source_url": null, "date_updated": "2016-12-15T15:54:24.404Z", "date_added": "2016-12-15T15:54:24.404Z", "user": 1}}, {"model": "source.accesspoint", "pk": "0ab602ea-f0d2-48e4-ae34-56281d4f18e6", "fields": {"page_number": null, "accessed_on": null, "archive_url": null, "source": "629c1020-02d2-4a4a-b27f-249e3febc3c4", "user": 1}}, {"model": "source.source", "pk": "87ddcb18-dcb8-420e-b9ae-35eba0111ed7", "fields": {"title": "Militants Kill Three Soldiers, Four Civilians", "publication": "This Day", "publication_country": null, "published_on": "2008-07-20", "source_url": "http://allafrica.com/stories/200807210775.html", "date_updated": "2016-12-15T15:43:20.205Z", "date_added": "2016-12-15T15:43:20.205Z", "user": 1}}, {"model": "source.accesspoint", "pk": "bab73096-78d8-42f8-9bd5-94a7d4165b71", "fields": {"page_number": null, "accessed_on": null, "archive_url": null, "source": "87ddcb18-dcb8-420e-b9ae-35eba0111ed7", "user": 1}}, {"model": "source.source", "pk": "6122fc91-6aa6-498a-b1be-acdb4e59da4a", "fields": {"title": "New Lagos CP Spits Fire", "publication": "Vanguard", "publication_country": null, "published_on": "2007-07-10", "source_url": "http://allafrica.com/stories/200707100155.html", "date_updated": "2016-12-15T15:51:22.677Z", "date_added": "2016-12-15T15:51:22.677Z", "user": 1}}, {"model": "source.accesspoint", "pk": "eea4c4ec-49d0-4c26-a1b8-1f3798367380", "fields": {"page_number": null, "accessed_on": null, "archive_url": null, "source": "6122fc91-6aa6-498a-b1be-acdb4e59da4a", "user": 1}}, {"model": "source.source", "pk": "586c9cf2-d395-4843-97fc-81f2d7300c97", "fields": {"title": "Task Force Men Kill Suspected Bank Robber in Shoot-Out", "publication": "Vanguard", "publication_country": null, "published_on": "2005-02-16", "source_url": "http://allafrica.com/stories/200502160626.html", "date_updated": "2016-12-15T15:54:28.942Z", "date_added": "2016-12-15T15:54:28.942Z", "user": 1}}, {"model": "source.accesspoint", "pk": "106090f9-7768-4b06-928d-5be00ca73a89", "fields": {"page_number": null, "accessed_on": null, "archive_url": null, "source": "586c9cf2-d395-4843-97fc-81f2d7300c97", "user": 1}}, {"model": "source.source", "pk": "05c41b1c-c1a1-47be-9e23-5406d80f92f0", "fields": {"title": " IGP Approves Establishment of 11 New Police Stations in Enugu. Leadership (Nigeria). 28 February 2012. http://allafrica.com/stories/201202290471.html (accessed via AllAfrica.com) Internet Archive link: https://web.archive.org/save/_embed/http://allafrica.com/stories/201202290471.html", "publication": null, "publication_country": null, "published_on": "1900-01-01", "source_url": null, "date_updated": "2016-12-15T15:50:25.006Z", "date_added": "2016-12-15T15:50:25.006Z", "user": 1}}, {"model": "source.accesspoint", "pk": "32273563-f4db-4854-ba32-e95e298505e5", "fields": {"page_number": null, "accessed_on": null, "archive_url": null, "source": "05c41b1c-c1a1-47be-9e23-5406d80f92f0", "user": 1}}, {"model": "source.source", "pk": "23e2862c-7a86-460b-89be-36fc671dcc52", "fields": {"title": "Nigeria Police Regulations 1968 Part II S.3. 1968. http://lawsofnigeria.placng.org/laws/P19.pdf Internet Archive Link: https://web.archive.org/web/20160819165913/http://lawsofnigeria.placng.org/laws/P19.pdf ", "publication": null, "publication_country": null, "published_on": "1900-01-01", "source_url": null, "date_updated": "2016-12-15T15:44:38.720Z", "date_added": "2016-12-15T15:44:38.720Z", "user": 1}}, {"model": "source.accesspoint", "pk": "85b4a3db-8b37-49bc-abf6-9c0f8ab5d2e2", "fields": {"page_number": null, "accessed_on": null, "archive_url": null, "source": "23e2862c-7a86-460b-89be-36fc671dcc52", "user": 1}}, {"model": "source.source", "pk": "f7a6d28b-323c-484b-bdee-e15cf08036d2", "fields": {"title": "Police Arrest Ebonyi Deputy Speaker, 13 Others for Alleged Conspiracy", "publication": "Daily Independent", "publication_country": null, "published_on": "2014-08-20", "source_url": "http://allafrica.com/stories/201408200782.html", "date_updated": "2016-12-15T15:44:32.872Z", "date_added": "2016-12-15T15:44:32.872Z", "user": 1}}, {"model": "source.accesspoint", "pk": "cccbe9bd-2c8b-4bcd-b7ff-4f284c15a49e", "fields": {"page_number": null, "accessed_on": null, "archive_url": null, "source": "f7a6d28b-323c-484b-bdee-e15cf08036d2", "user": 1}}, {"model": "source.source", "pk": "7f99cfd3-df60-44ba-8bc2-df0e27fb1042", "fields": {"title": " Borno Highway Ambush - 142 Corpses Evacuated From Bushes. This Day (Nigeria). 20 September 2013. http://www.thisdaylive.com/articles/borno-highway-ambush-142-corpses-evacuated-from-bushes/159470/ Internet Archive link: https://web.archive.org/web/20130921023203/http://www.thisdaylive.com/articles/borno-highway-ambush-142-corpses-evacuated-from-bushes/159470/", "publication": null, "publication_country": null, "published_on": "1900-01-01", "source_url": null, "date_updated": "2016-12-15T15:55:16.922Z", "date_added": "2016-12-15T15:55:16.922Z", "user": 1}}, {"model": "source.accesspoint", "pk": "e955f65f-50e6-49a2-ae6e-df24eddd6042", "fields": {"page_number": null, "accessed_on": null, "archive_url": null, "source": "7f99cfd3-df60-44ba-8bc2-df0e27fb1042", "user": 1}}, {"model": "source.source", "pk": "1435e1d6-4fd3-4c36-878c-6b531817d5c4", "fields": {"title": "700 Soldiers Leave for Liberia", "publication": "Daily Trust", "publication_country": null, "published_on": "2013-03-11", "source_url": "http://allafrica.com/stories/201303110659.html", "date_updated": "2016-12-15T15:52:48.726Z", "date_added": "2016-12-15T15:52:48.726Z", "user": 1}}, {"model": "source.accesspoint", "pk": "ad020d6a-3481-4aaa-87f3-775deae70341", "fields": {"page_number": null, "accessed_on": null, "archive_url": null, "source": "1435e1d6-4fd3-4c36-878c-6b531817d5c4", "user": 1}}, {"model": "source.source", "pk": "a91ed456-76d0-4a83-bf72-e785a0d3a8b1", "fields": {"title": "Military Pensioners Protest Leader's Arrest", "publication": "This Day", "publication_country": null, "published_on": "2004-09-15", "source_url": "http://allafrica.com/stories/200409150687.html", "date_updated": "2016-12-15T15:39:45.417Z", "date_added": "2016-12-15T15:39:45.417Z", "user": 1}}, {"model": "source.accesspoint", "pk": "41ed56e7-4e67-428e-9a34-610e8d074ac8", "fields": {"page_number": null, "accessed_on": null, "archive_url": null, "source": "a91ed456-76d0-4a83-bf72-e785a0d3a8b1", "user": 1}}, {"model": "source.source", "pk": "e1718c6a-1cde-4e90-8cbe-4061afb8fa1e", "fields": {"title": "Katsina - Combating the Twin Evil of Rape, Sexual Harrasment", "publication": "Leadership", "publication_country": null, "published_on": "2015-03-17", "source_url": "http://leadership.ng/news/418126/katsina-combating-the-twin-evil-of-rape-sexual-harrasment", "date_updated": "2016-12-15T15:45:07.973Z", "date_added": "2016-12-15T15:45:07.973Z", "user": 1}}, {"model": "source.accesspoint", "pk": "7f2d706a-c613-48a9-a26f-67a80a501502", "fields": {"page_number": null, "accessed_on": null, "archive_url": null, "source": "e1718c6a-1cde-4e90-8cbe-4061afb8fa1e", "user": 1}}, {"model": "auth.user", "pk": 1, "fields": {"password": "pbkdf2_sha256$24000$nvfChJtqoS6u$aF4nk3G6uoE4DVpp5In86ouZOse+5DrJ/xGBdq59yqE=", "last_login": "2018-07-06T20:46:17.765Z", "is_superuser": true, "username": "eric", "first_name": "", "last_name": "", "email": "evz@datamade.us", "is_staff": true, "is_active": true, "date_joined": "2018-05-31T20:53:34.180Z", "groups": [], "user_permissions": []}}]